--
-- PostgreSQL database dump
-- user is postgres

-- Dumped from database version 16.9 (Debian 16.9-1.pgdg120+1)
-- Dumped by pg_dump version 16.9 (Ubuntu 16.9-1.pgdg22.04+1)

SET statement_timeout = 0;
SET lock_timeout = 0;
SET idle_in_transaction_session_timeout = 0;
SET client_encoding = 'UTF8';
SET standard_conforming_strings = on;
SELECT pg_catalog.set_config('search_path', '', false);
SET check_function_bodies = false;
SET xmloption = content;
SET client_min_messages = warning;
SET row_security = off;

SET default_tablespace = '';

SET default_table_access_method = heap;

--
-- Name: address; Type: TABLE; Schema: public; Owner: postgres
--

CREATE TABLE public.address (
    "createdAt" timestamp without time zone DEFAULT now() NOT NULL,
    "updatedAt" timestamp without time zone DEFAULT now() NOT NULL,
    "fullName" character varying DEFAULT ''::character varying NOT NULL,
    company character varying DEFAULT ''::character varying NOT NULL,
    "streetLine1" character varying NOT NULL,
    "streetLine2" character varying DEFAULT ''::character varying NOT NULL,
    city character varying DEFAULT ''::character varying NOT NULL,
    province character varying DEFAULT ''::character varying NOT NULL,
    "postalCode" character varying DEFAULT ''::character varying NOT NULL,
    "phoneNumber" character varying DEFAULT ''::character varying NOT NULL,
    "defaultShippingAddress" boolean DEFAULT false NOT NULL,
    "defaultBillingAddress" boolean DEFAULT false NOT NULL,
    id integer NOT NULL,
    "customerId" integer,
    "countryId" integer
);


ALTER TABLE public.address OWNER TO "postgres";

--
-- Name: address_id_seq; Type: SEQUENCE; Schema: public; Owner: postgres
--

CREATE SEQUENCE public.address_id_seq
    AS integer
    START WITH 1
    INCREMENT BY 1
    NO MINVALUE
    NO MAXVALUE
    CACHE 1;


ALTER SEQUENCE public.address_id_seq OWNER TO "postgres";

--
-- Name: address_id_seq; Type: SEQUENCE OWNED BY; Schema: public; Owner: postgres
--

ALTER SEQUENCE public.address_id_seq OWNED BY public.address.id;


--
-- Name: administrator; Type: TABLE; Schema: public; Owner: postgres
--

CREATE TABLE public.administrator (
    "createdAt" timestamp without time zone DEFAULT now() NOT NULL,
    "updatedAt" timestamp without time zone DEFAULT now() NOT NULL,
    "deletedAt" timestamp without time zone,
    "firstName" character varying NOT NULL,
    "lastName" character varying NOT NULL,
    "emailAddress" character varying NOT NULL,
    id integer NOT NULL,
    "userId" integer
);


ALTER TABLE public.administrator OWNER TO "postgres";

--
-- Name: administrator_id_seq; Type: SEQUENCE; Schema: public; Owner: postgres
--

CREATE SEQUENCE public.administrator_id_seq
    AS integer
    START WITH 1
    INCREMENT BY 1
    NO MINVALUE
    NO MAXVALUE
    CACHE 1;


ALTER SEQUENCE public.administrator_id_seq OWNER TO "postgres";

--
-- Name: administrator_id_seq; Type: SEQUENCE OWNED BY; Schema: public; Owner: postgres
--

ALTER SEQUENCE public.administrator_id_seq OWNED BY public.administrator.id;


--
-- Name: asset; Type: TABLE; Schema: public; Owner: postgres
--

CREATE TABLE public.asset (
    "createdAt" timestamp without time zone DEFAULT now() NOT NULL,
    "updatedAt" timestamp without time zone DEFAULT now() NOT NULL,
    name character varying NOT NULL,
    type character varying NOT NULL,
    "mimeType" character varying NOT NULL,
    width integer DEFAULT 0 NOT NULL,
    height integer DEFAULT 0 NOT NULL,
    "fileSize" integer NOT NULL,
    source character varying NOT NULL,
    preview character varying NOT NULL,
    "focalPoint" text,
    id integer NOT NULL
);


ALTER TABLE public.asset OWNER TO "postgres";

--
-- Name: asset_channels_channel; Type: TABLE; Schema: public; Owner: postgres
--

CREATE TABLE public.asset_channels_channel (
    "assetId" integer NOT NULL,
    "channelId" integer NOT NULL
);


ALTER TABLE public.asset_channels_channel OWNER TO "postgres";

--
-- Name: asset_id_seq; Type: SEQUENCE; Schema: public; Owner: postgres
--

CREATE SEQUENCE public.asset_id_seq
    AS integer
    START WITH 1
    INCREMENT BY 1
    NO MINVALUE
    NO MAXVALUE
    CACHE 1;


ALTER SEQUENCE public.asset_id_seq OWNER TO "postgres";

--
-- Name: asset_id_seq; Type: SEQUENCE OWNED BY; Schema: public; Owner: postgres
--

ALTER SEQUENCE public.asset_id_seq OWNED BY public.asset.id;


--
-- Name: asset_tags_tag; Type: TABLE; Schema: public; Owner: postgres
--

CREATE TABLE public.asset_tags_tag (
    "assetId" integer NOT NULL,
    "tagId" integer NOT NULL
);


ALTER TABLE public.asset_tags_tag OWNER TO "postgres";

--
-- Name: authentication_method; Type: TABLE; Schema: public; Owner: postgres
--

CREATE TABLE public.authentication_method (
    "createdAt" timestamp without time zone DEFAULT now() NOT NULL,
    "updatedAt" timestamp without time zone DEFAULT now() NOT NULL,
    identifier character varying,
    "passwordHash" character varying,
    "verificationToken" character varying,
    "passwordResetToken" character varying,
    "identifierChangeToken" character varying,
    "pendingIdentifier" character varying,
    strategy character varying,
    "externalIdentifier" character varying,
    metadata text,
    id integer NOT NULL,
    type character varying NOT NULL,
    "userId" integer
);


ALTER TABLE public.authentication_method OWNER TO "postgres";

--
-- Name: authentication_method_id_seq; Type: SEQUENCE; Schema: public; Owner: postgres
--

CREATE SEQUENCE public.authentication_method_id_seq
    AS integer
    START WITH 1
    INCREMENT BY 1
    NO MINVALUE
    NO MAXVALUE
    CACHE 1;


ALTER SEQUENCE public.authentication_method_id_seq OWNER TO "postgres";

--
-- Name: authentication_method_id_seq; Type: SEQUENCE OWNED BY; Schema: public; Owner: postgres
--

ALTER SEQUENCE public.authentication_method_id_seq OWNED BY public.authentication_method.id;


--
-- Name: channel; Type: TABLE; Schema: public; Owner: postgres
--

CREATE TABLE public.channel (
    "createdAt" timestamp without time zone DEFAULT now() NOT NULL,
    "updatedAt" timestamp without time zone DEFAULT now() NOT NULL,
    code character varying NOT NULL,
    token character varying NOT NULL,
    description character varying DEFAULT ''::character varying,
    "defaultLanguageCode" character varying NOT NULL,
    "availableLanguageCodes" text,
    "defaultCurrencyCode" character varying NOT NULL,
    "availableCurrencyCodes" text,
    "trackInventory" boolean DEFAULT true NOT NULL,
    "outOfStockThreshold" integer DEFAULT 0 NOT NULL,
    "pricesIncludeTax" boolean NOT NULL,
    id integer NOT NULL,
    "sellerId" integer,
    "defaultTaxZoneId" integer,
    "defaultShippingZoneId" integer
);


ALTER TABLE public.channel OWNER TO "postgres";

--
-- Name: channel_id_seq; Type: SEQUENCE; Schema: public; Owner: postgres
--

CREATE SEQUENCE public.channel_id_seq
    AS integer
    START WITH 1
    INCREMENT BY 1
    NO MINVALUE
    NO MAXVALUE
    CACHE 1;


ALTER SEQUENCE public.channel_id_seq OWNER TO "postgres";

--
-- Name: channel_id_seq; Type: SEQUENCE OWNED BY; Schema: public; Owner: postgres
--

ALTER SEQUENCE public.channel_id_seq OWNED BY public.channel.id;


--
-- Name: collection; Type: TABLE; Schema: public; Owner: postgres
--

CREATE TABLE public.collection (
    "createdAt" timestamp without time zone DEFAULT now() NOT NULL,
    "updatedAt" timestamp without time zone DEFAULT now() NOT NULL,
    "isRoot" boolean DEFAULT false NOT NULL,
    "position" integer NOT NULL,
    "isPrivate" boolean DEFAULT false NOT NULL,
    filters text NOT NULL,
    "inheritFilters" boolean DEFAULT true NOT NULL,
    id integer NOT NULL,
    "parentId" integer,
    "featuredAssetId" integer
);


ALTER TABLE public.collection OWNER TO "postgres";

--
-- Name: collection_asset; Type: TABLE; Schema: public; Owner: postgres
--

CREATE TABLE public.collection_asset (
    "createdAt" timestamp without time zone DEFAULT now() NOT NULL,
    "updatedAt" timestamp without time zone DEFAULT now() NOT NULL,
    "assetId" integer NOT NULL,
    "position" integer NOT NULL,
    "collectionId" integer NOT NULL,
    id integer NOT NULL
);


ALTER TABLE public.collection_asset OWNER TO "postgres";

--
-- Name: collection_asset_id_seq; Type: SEQUENCE; Schema: public; Owner: postgres
--

CREATE SEQUENCE public.collection_asset_id_seq
    AS integer
    START WITH 1
    INCREMENT BY 1
    NO MINVALUE
    NO MAXVALUE
    CACHE 1;


ALTER SEQUENCE public.collection_asset_id_seq OWNER TO "postgres";

--
-- Name: collection_asset_id_seq; Type: SEQUENCE OWNED BY; Schema: public; Owner: postgres
--

ALTER SEQUENCE public.collection_asset_id_seq OWNED BY public.collection_asset.id;


--
-- Name: collection_channels_channel; Type: TABLE; Schema: public; Owner: postgres
--

CREATE TABLE public.collection_channels_channel (
    "collectionId" integer NOT NULL,
    "channelId" integer NOT NULL
);


ALTER TABLE public.collection_channels_channel OWNER TO "postgres";

--
-- Name: collection_closure; Type: TABLE; Schema: public; Owner: postgres
--

CREATE TABLE public.collection_closure (
    id_ancestor integer NOT NULL,
    id_descendant integer NOT NULL
);


ALTER TABLE public.collection_closure OWNER TO "postgres";

--
-- Name: collection_id_seq; Type: SEQUENCE; Schema: public; Owner: postgres
--

CREATE SEQUENCE public.collection_id_seq
    AS integer
    START WITH 1
    INCREMENT BY 1
    NO MINVALUE
    NO MAXVALUE
    CACHE 1;


ALTER SEQUENCE public.collection_id_seq OWNER TO "postgres";

--
-- Name: collection_id_seq; Type: SEQUENCE OWNED BY; Schema: public; Owner: postgres
--

ALTER SEQUENCE public.collection_id_seq OWNED BY public.collection.id;


--
-- Name: collection_product_variants_product_variant; Type: TABLE; Schema: public; Owner: postgres
--

CREATE TABLE public.collection_product_variants_product_variant (
    "collectionId" integer NOT NULL,
    "productVariantId" integer NOT NULL
);


ALTER TABLE public.collection_product_variants_product_variant OWNER TO "postgres";

--
-- Name: collection_translation; Type: TABLE; Schema: public; Owner: postgres
--

CREATE TABLE public.collection_translation (
    "createdAt" timestamp without time zone DEFAULT now() NOT NULL,
    "updatedAt" timestamp without time zone DEFAULT now() NOT NULL,
    "languageCode" character varying NOT NULL,
    name character varying NOT NULL,
    slug character varying NOT NULL,
    description text NOT NULL,
    id integer NOT NULL,
    "baseId" integer
);


ALTER TABLE public.collection_translation OWNER TO "postgres";

--
-- Name: collection_translation_id_seq; Type: SEQUENCE; Schema: public; Owner: postgres
--

CREATE SEQUENCE public.collection_translation_id_seq
    AS integer
    START WITH 1
    INCREMENT BY 1
    NO MINVALUE
    NO MAXVALUE
    CACHE 1;


ALTER SEQUENCE public.collection_translation_id_seq OWNER TO "postgres";

--
-- Name: collection_translation_id_seq; Type: SEQUENCE OWNED BY; Schema: public; Owner: postgres
--

ALTER SEQUENCE public.collection_translation_id_seq OWNED BY public.collection_translation.id;


--
-- Name: customer; Type: TABLE; Schema: public; Owner: postgres
--

CREATE TABLE public.customer (
    "createdAt" timestamp without time zone DEFAULT now() NOT NULL,
    "updatedAt" timestamp without time zone DEFAULT now() NOT NULL,
    "deletedAt" timestamp without time zone,
    title character varying,
    "firstName" character varying NOT NULL,
    "lastName" character varying NOT NULL,
    "phoneNumber" character varying,
    "emailAddress" character varying NOT NULL,
    id integer NOT NULL,
    "userId" integer
);


ALTER TABLE public.customer OWNER TO "postgres";

--
-- Name: customer_channels_channel; Type: TABLE; Schema: public; Owner: postgres
--

CREATE TABLE public.customer_channels_channel (
    "customerId" integer NOT NULL,
    "channelId" integer NOT NULL
);


ALTER TABLE public.customer_channels_channel OWNER TO "postgres";

--
-- Name: customer_group; Type: TABLE; Schema: public; Owner: postgres
--

CREATE TABLE public.customer_group (
    "createdAt" timestamp without time zone DEFAULT now() NOT NULL,
    "updatedAt" timestamp without time zone DEFAULT now() NOT NULL,
    name character varying NOT NULL,
    id integer NOT NULL
);


ALTER TABLE public.customer_group OWNER TO "postgres";

--
-- Name: customer_group_id_seq; Type: SEQUENCE; Schema: public; Owner: postgres
--

CREATE SEQUENCE public.customer_group_id_seq
    AS integer
    START WITH 1
    INCREMENT BY 1
    NO MINVALUE
    NO MAXVALUE
    CACHE 1;


ALTER SEQUENCE public.customer_group_id_seq OWNER TO "postgres";

--
-- Name: customer_group_id_seq; Type: SEQUENCE OWNED BY; Schema: public; Owner: postgres
--

ALTER SEQUENCE public.customer_group_id_seq OWNED BY public.customer_group.id;


--
-- Name: customer_groups_customer_group; Type: TABLE; Schema: public; Owner: postgres
--

CREATE TABLE public.customer_groups_customer_group (
    "customerId" integer NOT NULL,
    "customerGroupId" integer NOT NULL
);


ALTER TABLE public.customer_groups_customer_group OWNER TO "postgres";

--
-- Name: customer_id_seq; Type: SEQUENCE; Schema: public; Owner: postgres
--

CREATE SEQUENCE public.customer_id_seq
    AS integer
    START WITH 1
    INCREMENT BY 1
    NO MINVALUE
    NO MAXVALUE
    CACHE 1;


ALTER SEQUENCE public.customer_id_seq OWNER TO "postgres";

--
-- Name: customer_id_seq; Type: SEQUENCE OWNED BY; Schema: public; Owner: postgres
--

ALTER SEQUENCE public.customer_id_seq OWNED BY public.customer.id;


--
-- Name: facet; Type: TABLE; Schema: public; Owner: postgres
--

CREATE TABLE public.facet (
    "createdAt" timestamp without time zone DEFAULT now() NOT NULL,
    "updatedAt" timestamp without time zone DEFAULT now() NOT NULL,
    "isPrivate" boolean DEFAULT false NOT NULL,
    code character varying NOT NULL,
    id integer NOT NULL
);


ALTER TABLE public.facet OWNER TO "postgres";

--
-- Name: facet_channels_channel; Type: TABLE; Schema: public; Owner: postgres
--

CREATE TABLE public.facet_channels_channel (
    "facetId" integer NOT NULL,
    "channelId" integer NOT NULL
);


ALTER TABLE public.facet_channels_channel OWNER TO "postgres";

--
-- Name: facet_id_seq; Type: SEQUENCE; Schema: public; Owner: postgres
--

CREATE SEQUENCE public.facet_id_seq
    AS integer
    START WITH 1
    INCREMENT BY 1
    NO MINVALUE
    NO MAXVALUE
    CACHE 1;


ALTER SEQUENCE public.facet_id_seq OWNER TO "postgres";

--
-- Name: facet_id_seq; Type: SEQUENCE OWNED BY; Schema: public; Owner: postgres
--

ALTER SEQUENCE public.facet_id_seq OWNED BY public.facet.id;


--
-- Name: facet_translation; Type: TABLE; Schema: public; Owner: postgres
--

CREATE TABLE public.facet_translation (
    "createdAt" timestamp without time zone DEFAULT now() NOT NULL,
    "updatedAt" timestamp without time zone DEFAULT now() NOT NULL,
    "languageCode" character varying NOT NULL,
    name character varying NOT NULL,
    id integer NOT NULL,
    "baseId" integer
);


ALTER TABLE public.facet_translation OWNER TO "postgres";

--
-- Name: facet_translation_id_seq; Type: SEQUENCE; Schema: public; Owner: postgres
--

CREATE SEQUENCE public.facet_translation_id_seq
    AS integer
    START WITH 1
    INCREMENT BY 1
    NO MINVALUE
    NO MAXVALUE
    CACHE 1;


ALTER SEQUENCE public.facet_translation_id_seq OWNER TO "postgres";

--
-- Name: facet_translation_id_seq; Type: SEQUENCE OWNED BY; Schema: public; Owner: postgres
--

ALTER SEQUENCE public.facet_translation_id_seq OWNED BY public.facet_translation.id;


--
-- Name: facet_value; Type: TABLE; Schema: public; Owner: postgres
--

CREATE TABLE public.facet_value (
    "createdAt" timestamp without time zone DEFAULT now() NOT NULL,
    "updatedAt" timestamp without time zone DEFAULT now() NOT NULL,
    code character varying NOT NULL,
    id integer NOT NULL,
    "facetId" integer NOT NULL
);


ALTER TABLE public.facet_value OWNER TO "postgres";

--
-- Name: facet_value_channels_channel; Type: TABLE; Schema: public; Owner: postgres
--

CREATE TABLE public.facet_value_channels_channel (
    "facetValueId" integer NOT NULL,
    "channelId" integer NOT NULL
);


ALTER TABLE public.facet_value_channels_channel OWNER TO "postgres";

--
-- Name: facet_value_id_seq; Type: SEQUENCE; Schema: public; Owner: postgres
--

CREATE SEQUENCE public.facet_value_id_seq
    AS integer
    START WITH 1
    INCREMENT BY 1
    NO MINVALUE
    NO MAXVALUE
    CACHE 1;


ALTER SEQUENCE public.facet_value_id_seq OWNER TO "postgres";

--
-- Name: facet_value_id_seq; Type: SEQUENCE OWNED BY; Schema: public; Owner: postgres
--

ALTER SEQUENCE public.facet_value_id_seq OWNED BY public.facet_value.id;


--
-- Name: facet_value_translation; Type: TABLE; Schema: public; Owner: postgres
--

CREATE TABLE public.facet_value_translation (
    "createdAt" timestamp without time zone DEFAULT now() NOT NULL,
    "updatedAt" timestamp without time zone DEFAULT now() NOT NULL,
    "languageCode" character varying NOT NULL,
    name character varying NOT NULL,
    id integer NOT NULL,
    "baseId" integer
);


ALTER TABLE public.facet_value_translation OWNER TO "postgres";

--
-- Name: facet_value_translation_id_seq; Type: SEQUENCE; Schema: public; Owner: postgres
--

CREATE SEQUENCE public.facet_value_translation_id_seq
    AS integer
    START WITH 1
    INCREMENT BY 1
    NO MINVALUE
    NO MAXVALUE
    CACHE 1;


ALTER SEQUENCE public.facet_value_translation_id_seq OWNER TO "postgres";

--
-- Name: facet_value_translation_id_seq; Type: SEQUENCE OWNED BY; Schema: public; Owner: postgres
--

ALTER SEQUENCE public.facet_value_translation_id_seq OWNED BY public.facet_value_translation.id;


--
-- Name: fulfillment; Type: TABLE; Schema: public; Owner: postgres
--

CREATE TABLE public.fulfillment (
    "createdAt" timestamp without time zone DEFAULT now() NOT NULL,
    "updatedAt" timestamp without time zone DEFAULT now() NOT NULL,
    state character varying NOT NULL,
    "trackingCode" character varying DEFAULT ''::character varying NOT NULL,
    method character varying NOT NULL,
    "handlerCode" character varying NOT NULL,
    id integer NOT NULL
);


ALTER TABLE public.fulfillment OWNER TO "postgres";

--
-- Name: fulfillment_id_seq; Type: SEQUENCE; Schema: public; Owner: postgres
--

CREATE SEQUENCE public.fulfillment_id_seq
    AS integer
    START WITH 1
    INCREMENT BY 1
    NO MINVALUE
    NO MAXVALUE
    CACHE 1;


ALTER SEQUENCE public.fulfillment_id_seq OWNER TO "postgres";

--
-- Name: fulfillment_id_seq; Type: SEQUENCE OWNED BY; Schema: public; Owner: postgres
--

ALTER SEQUENCE public.fulfillment_id_seq OWNED BY public.fulfillment.id;


--
-- Name: global_settings; Type: TABLE; Schema: public; Owner: postgres
--

CREATE TABLE public.global_settings (
    "createdAt" timestamp without time zone DEFAULT now() NOT NULL,
    "updatedAt" timestamp without time zone DEFAULT now() NOT NULL,
    "availableLanguages" text NOT NULL,
    "trackInventory" boolean DEFAULT true NOT NULL,
    "outOfStockThreshold" integer DEFAULT 0 NOT NULL,
    id integer NOT NULL
);


ALTER TABLE public.global_settings OWNER TO "postgres";

--
-- Name: global_settings_id_seq; Type: SEQUENCE; Schema: public; Owner: postgres
--

CREATE SEQUENCE public.global_settings_id_seq
    AS integer
    START WITH 1
    INCREMENT BY 1
    NO MINVALUE
    NO MAXVALUE
    CACHE 1;


ALTER SEQUENCE public.global_settings_id_seq OWNER TO "postgres";

--
-- Name: global_settings_id_seq; Type: SEQUENCE OWNED BY; Schema: public; Owner: postgres
--

ALTER SEQUENCE public.global_settings_id_seq OWNED BY public.global_settings.id;


--
-- Name: history_entry; Type: TABLE; Schema: public; Owner: postgres
--

CREATE TABLE public.history_entry (
    "createdAt" timestamp without time zone DEFAULT now() NOT NULL,
    "updatedAt" timestamp without time zone DEFAULT now() NOT NULL,
    type character varying NOT NULL,
    "isPublic" boolean NOT NULL,
    data text NOT NULL,
    id integer NOT NULL,
    discriminator character varying NOT NULL,
    "administratorId" integer,
    "customerId" integer,
    "orderId" integer
);


ALTER TABLE public.history_entry OWNER TO "postgres";

--
-- Name: history_entry_id_seq; Type: SEQUENCE; Schema: public; Owner: postgres
--

CREATE SEQUENCE public.history_entry_id_seq
    AS integer
    START WITH 1
    INCREMENT BY 1
    NO MINVALUE
    NO MAXVALUE
    CACHE 1;


ALTER SEQUENCE public.history_entry_id_seq OWNER TO "postgres";

--
-- Name: history_entry_id_seq; Type: SEQUENCE OWNED BY; Schema: public; Owner: postgres
--

ALTER SEQUENCE public.history_entry_id_seq OWNED BY public.history_entry.id;


--
-- Name: job_record; Type: TABLE; Schema: public; Owner: postgres
--

CREATE TABLE public.job_record (
    "createdAt" timestamp without time zone DEFAULT now() NOT NULL,
    "updatedAt" timestamp without time zone DEFAULT now() NOT NULL,
    "queueName" character varying NOT NULL,
    data text,
    state character varying NOT NULL,
    progress integer NOT NULL,
    result text,
    error character varying,
    "startedAt" timestamp(6) without time zone,
    "settledAt" timestamp(6) without time zone,
    "isSettled" boolean NOT NULL,
    retries integer NOT NULL,
    attempts integer NOT NULL,
    id integer NOT NULL
);


ALTER TABLE public.job_record OWNER TO "postgres";

--
-- Name: job_record_buffer; Type: TABLE; Schema: public; Owner: postgres
--

CREATE TABLE public.job_record_buffer (
    "createdAt" timestamp without time zone DEFAULT now() NOT NULL,
    "updatedAt" timestamp without time zone DEFAULT now() NOT NULL,
    "bufferId" character varying NOT NULL,
    job text NOT NULL,
    id integer NOT NULL
);


ALTER TABLE public.job_record_buffer OWNER TO "postgres";

--
-- Name: job_record_buffer_id_seq; Type: SEQUENCE; Schema: public; Owner: postgres
--

CREATE SEQUENCE public.job_record_buffer_id_seq
    AS integer
    START WITH 1
    INCREMENT BY 1
    NO MINVALUE
    NO MAXVALUE
    CACHE 1;


ALTER SEQUENCE public.job_record_buffer_id_seq OWNER TO "postgres";

--
-- Name: job_record_buffer_id_seq; Type: SEQUENCE OWNED BY; Schema: public; Owner: postgres
--

ALTER SEQUENCE public.job_record_buffer_id_seq OWNED BY public.job_record_buffer.id;


--
-- Name: job_record_id_seq; Type: SEQUENCE; Schema: public; Owner: postgres
--

CREATE SEQUENCE public.job_record_id_seq
    AS integer
    START WITH 1
    INCREMENT BY 1
    NO MINVALUE
    NO MAXVALUE
    CACHE 1;


ALTER SEQUENCE public.job_record_id_seq OWNER TO "postgres";

--
-- Name: job_record_id_seq; Type: SEQUENCE OWNED BY; Schema: public; Owner: postgres
--

ALTER SEQUENCE public.job_record_id_seq OWNED BY public.job_record.id;


--
-- Name: migrations; Type: TABLE; Schema: public; Owner: postgres
--

CREATE TABLE public.migrations (
    id integer NOT NULL,
    "timestamp" bigint NOT NULL,
    name character varying NOT NULL
);


ALTER TABLE public.migrations OWNER TO "postgres";

--
-- Name: migrations_id_seq; Type: SEQUENCE; Schema: public; Owner: postgres
--

CREATE SEQUENCE public.migrations_id_seq
    AS integer
    START WITH 1
    INCREMENT BY 1
    NO MINVALUE
    NO MAXVALUE
    CACHE 1;


ALTER SEQUENCE public.migrations_id_seq OWNER TO "postgres";

--
-- Name: migrations_id_seq; Type: SEQUENCE OWNED BY; Schema: public; Owner: postgres
--

ALTER SEQUENCE public.migrations_id_seq OWNED BY public.migrations.id;


--
-- Name: order; Type: TABLE; Schema: public; Owner: postgres
--

CREATE TABLE public."order" (
    "createdAt" timestamp without time zone DEFAULT now() NOT NULL,
    "updatedAt" timestamp without time zone DEFAULT now() NOT NULL,
    type character varying DEFAULT 'Regular'::character varying NOT NULL,
    code character varying NOT NULL,
    state character varying NOT NULL,
    active boolean DEFAULT true NOT NULL,
    "orderPlacedAt" timestamp without time zone,
    "couponCodes" text NOT NULL,
    "shippingAddress" text NOT NULL,
    "billingAddress" text NOT NULL,
    "currencyCode" character varying NOT NULL,
    id integer NOT NULL,
    "aggregateOrderId" integer,
    "customerId" integer,
    "taxZoneId" integer,
    "subTotal" integer NOT NULL,
    "subTotalWithTax" integer NOT NULL,
    shipping integer DEFAULT 0 NOT NULL,
    "shippingWithTax" integer DEFAULT 0 NOT NULL
);


ALTER TABLE public."order" OWNER TO "postgres";

--
-- Name: order_channels_channel; Type: TABLE; Schema: public; Owner: postgres
--

CREATE TABLE public.order_channels_channel (
    "orderId" integer NOT NULL,
    "channelId" integer NOT NULL
);


ALTER TABLE public.order_channels_channel OWNER TO "postgres";

--
-- Name: order_fulfillments_fulfillment; Type: TABLE; Schema: public; Owner: postgres
--

CREATE TABLE public.order_fulfillments_fulfillment (
    "orderId" integer NOT NULL,
    "fulfillmentId" integer NOT NULL
);


ALTER TABLE public.order_fulfillments_fulfillment OWNER TO "postgres";

--
-- Name: order_id_seq; Type: SEQUENCE; Schema: public; Owner: postgres
--

CREATE SEQUENCE public.order_id_seq
    AS integer
    START WITH 1
    INCREMENT BY 1
    NO MINVALUE
    NO MAXVALUE
    CACHE 1;


ALTER SEQUENCE public.order_id_seq OWNER TO "postgres";

--
-- Name: order_id_seq; Type: SEQUENCE OWNED BY; Schema: public; Owner: postgres
--

ALTER SEQUENCE public.order_id_seq OWNED BY public."order".id;


--
-- Name: order_line; Type: TABLE; Schema: public; Owner: postgres
--

CREATE TABLE public.order_line (
    "createdAt" timestamp without time zone DEFAULT now() NOT NULL,
    "updatedAt" timestamp without time zone DEFAULT now() NOT NULL,
    quantity integer NOT NULL,
    "orderPlacedQuantity" integer DEFAULT 0 NOT NULL,
    "listPriceIncludesTax" boolean NOT NULL,
    adjustments text NOT NULL,
    "taxLines" text NOT NULL,
    id integer NOT NULL,
    "sellerChannelId" integer,
    "shippingLineId" integer,
    "productVariantId" integer NOT NULL,
    "taxCategoryId" integer,
    "initialListPrice" integer,
    "listPrice" integer NOT NULL,
    "featuredAssetId" integer,
    "orderId" integer
);


ALTER TABLE public.order_line OWNER TO "postgres";

--
-- Name: order_line_id_seq; Type: SEQUENCE; Schema: public; Owner: postgres
--

CREATE SEQUENCE public.order_line_id_seq
    AS integer
    START WITH 1
    INCREMENT BY 1
    NO MINVALUE
    NO MAXVALUE
    CACHE 1;


ALTER SEQUENCE public.order_line_id_seq OWNER TO "postgres";

--
-- Name: order_line_id_seq; Type: SEQUENCE OWNED BY; Schema: public; Owner: postgres
--

ALTER SEQUENCE public.order_line_id_seq OWNED BY public.order_line.id;


--
-- Name: order_line_reference; Type: TABLE; Schema: public; Owner: postgres
--

CREATE TABLE public.order_line_reference (
    "createdAt" timestamp without time zone DEFAULT now() NOT NULL,
    "updatedAt" timestamp without time zone DEFAULT now() NOT NULL,
    quantity integer NOT NULL,
    id integer NOT NULL,
    "fulfillmentId" integer,
    "modificationId" integer,
    "orderLineId" integer NOT NULL,
    "refundId" integer,
    discriminator character varying NOT NULL
);


ALTER TABLE public.order_line_reference OWNER TO "postgres";

--
-- Name: order_line_reference_id_seq; Type: SEQUENCE; Schema: public; Owner: postgres
--

CREATE SEQUENCE public.order_line_reference_id_seq
    AS integer
    START WITH 1
    INCREMENT BY 1
    NO MINVALUE
    NO MAXVALUE
    CACHE 1;


ALTER SEQUENCE public.order_line_reference_id_seq OWNER TO "postgres";

--
-- Name: order_line_reference_id_seq; Type: SEQUENCE OWNED BY; Schema: public; Owner: postgres
--

ALTER SEQUENCE public.order_line_reference_id_seq OWNED BY public.order_line_reference.id;


--
-- Name: order_modification; Type: TABLE; Schema: public; Owner: postgres
--

CREATE TABLE public.order_modification (
    "createdAt" timestamp without time zone DEFAULT now() NOT NULL,
    "updatedAt" timestamp without time zone DEFAULT now() NOT NULL,
    note character varying NOT NULL,
    "shippingAddressChange" text,
    "billingAddressChange" text,
    id integer NOT NULL,
    "priceChange" integer NOT NULL,
    "orderId" integer,
    "paymentId" integer,
    "refundId" integer
);


ALTER TABLE public.order_modification OWNER TO "postgres";

--
-- Name: order_modification_id_seq; Type: SEQUENCE; Schema: public; Owner: postgres
--

CREATE SEQUENCE public.order_modification_id_seq
    AS integer
    START WITH 1
    INCREMENT BY 1
    NO MINVALUE
    NO MAXVALUE
    CACHE 1;


ALTER SEQUENCE public.order_modification_id_seq OWNER TO "postgres";

--
-- Name: order_modification_id_seq; Type: SEQUENCE OWNED BY; Schema: public; Owner: postgres
--

ALTER SEQUENCE public.order_modification_id_seq OWNED BY public.order_modification.id;


--
-- Name: order_promotions_promotion; Type: TABLE; Schema: public; Owner: postgres
--

CREATE TABLE public.order_promotions_promotion (
    "orderId" integer NOT NULL,
    "promotionId" integer NOT NULL
);


ALTER TABLE public.order_promotions_promotion OWNER TO "postgres";

--
-- Name: payment; Type: TABLE; Schema: public; Owner: postgres
--

CREATE TABLE public.payment (
    "createdAt" timestamp without time zone DEFAULT now() NOT NULL,
    "updatedAt" timestamp without time zone DEFAULT now() NOT NULL,
    method character varying NOT NULL,
    state character varying NOT NULL,
    "errorMessage" character varying,
    "transactionId" character varying,
    metadata text NOT NULL,
    id integer NOT NULL,
    amount integer NOT NULL,
    "orderId" integer
);


ALTER TABLE public.payment OWNER TO "postgres";

--
-- Name: payment_id_seq; Type: SEQUENCE; Schema: public; Owner: postgres
--

CREATE SEQUENCE public.payment_id_seq
    AS integer
    START WITH 1
    INCREMENT BY 1
    NO MINVALUE
    NO MAXVALUE
    CACHE 1;


ALTER SEQUENCE public.payment_id_seq OWNER TO "postgres";

--
-- Name: payment_id_seq; Type: SEQUENCE OWNED BY; Schema: public; Owner: postgres
--

ALTER SEQUENCE public.payment_id_seq OWNED BY public.payment.id;


--
-- Name: payment_method; Type: TABLE; Schema: public; Owner: postgres
--

CREATE TABLE public.payment_method (
    "createdAt" timestamp without time zone DEFAULT now() NOT NULL,
    "updatedAt" timestamp without time zone DEFAULT now() NOT NULL,
    code character varying DEFAULT ''::character varying NOT NULL,
    enabled boolean NOT NULL,
    checker text,
    handler text NOT NULL,
    id integer NOT NULL
);


ALTER TABLE public.payment_method OWNER TO "postgres";

--
-- Name: payment_method_channels_channel; Type: TABLE; Schema: public; Owner: postgres
--

CREATE TABLE public.payment_method_channels_channel (
    "paymentMethodId" integer NOT NULL,
    "channelId" integer NOT NULL
);


ALTER TABLE public.payment_method_channels_channel OWNER TO "postgres";

--
-- Name: payment_method_id_seq; Type: SEQUENCE; Schema: public; Owner: postgres
--

CREATE SEQUENCE public.payment_method_id_seq
    AS integer
    START WITH 1
    INCREMENT BY 1
    NO MINVALUE
    NO MAXVALUE
    CACHE 1;


ALTER SEQUENCE public.payment_method_id_seq OWNER TO "postgres";

--
-- Name: payment_method_id_seq; Type: SEQUENCE OWNED BY; Schema: public; Owner: postgres
--

ALTER SEQUENCE public.payment_method_id_seq OWNED BY public.payment_method.id;


--
-- Name: payment_method_translation; Type: TABLE; Schema: public; Owner: postgres
--

CREATE TABLE public.payment_method_translation (
    "createdAt" timestamp without time zone DEFAULT now() NOT NULL,
    "updatedAt" timestamp without time zone DEFAULT now() NOT NULL,
    "languageCode" character varying NOT NULL,
    name character varying NOT NULL,
    description text NOT NULL,
    id integer NOT NULL,
    "baseId" integer
);


ALTER TABLE public.payment_method_translation OWNER TO "postgres";

--
-- Name: payment_method_translation_id_seq; Type: SEQUENCE; Schema: public; Owner: postgres
--

CREATE SEQUENCE public.payment_method_translation_id_seq
    AS integer
    START WITH 1
    INCREMENT BY 1
    NO MINVALUE
    NO MAXVALUE
    CACHE 1;


ALTER SEQUENCE public.payment_method_translation_id_seq OWNER TO "postgres";

--
-- Name: payment_method_translation_id_seq; Type: SEQUENCE OWNED BY; Schema: public; Owner: postgres
--

ALTER SEQUENCE public.payment_method_translation_id_seq OWNED BY public.payment_method_translation.id;


--
-- Name: product; Type: TABLE; Schema: public; Owner: postgres
--

CREATE TABLE public.product (
    "createdAt" timestamp without time zone DEFAULT now() NOT NULL,
    "updatedAt" timestamp without time zone DEFAULT now() NOT NULL,
    "deletedAt" timestamp without time zone,
    enabled boolean DEFAULT true NOT NULL,
    id integer NOT NULL,
    "featuredAssetId" integer
);


ALTER TABLE public.product OWNER TO "postgres";

--
-- Name: product_asset; Type: TABLE; Schema: public; Owner: postgres
--

CREATE TABLE public.product_asset (
    "createdAt" timestamp without time zone DEFAULT now() NOT NULL,
    "updatedAt" timestamp without time zone DEFAULT now() NOT NULL,
    "assetId" integer NOT NULL,
    "position" integer NOT NULL,
    "productId" integer NOT NULL,
    id integer NOT NULL
);


ALTER TABLE public.product_asset OWNER TO "postgres";

--
-- Name: product_asset_id_seq; Type: SEQUENCE; Schema: public; Owner: postgres
--

CREATE SEQUENCE public.product_asset_id_seq
    AS integer
    START WITH 1
    INCREMENT BY 1
    NO MINVALUE
    NO MAXVALUE
    CACHE 1;


ALTER SEQUENCE public.product_asset_id_seq OWNER TO "postgres";

--
-- Name: product_asset_id_seq; Type: SEQUENCE OWNED BY; Schema: public; Owner: postgres
--

ALTER SEQUENCE public.product_asset_id_seq OWNED BY public.product_asset.id;


--
-- Name: product_channels_channel; Type: TABLE; Schema: public; Owner: postgres
--

CREATE TABLE public.product_channels_channel (
    "productId" integer NOT NULL,
    "channelId" integer NOT NULL
);


ALTER TABLE public.product_channels_channel OWNER TO "postgres";

--
-- Name: product_facet_values_facet_value; Type: TABLE; Schema: public; Owner: postgres
--

CREATE TABLE public.product_facet_values_facet_value (
    "productId" integer NOT NULL,
    "facetValueId" integer NOT NULL
);


ALTER TABLE public.product_facet_values_facet_value OWNER TO "postgres";

--
-- Name: product_id_seq; Type: SEQUENCE; Schema: public; Owner: postgres
--

CREATE SEQUENCE public.product_id_seq
    AS integer
    START WITH 1
    INCREMENT BY 1
    NO MINVALUE
    NO MAXVALUE
    CACHE 1;


ALTER SEQUENCE public.product_id_seq OWNER TO "postgres";

--
-- Name: product_id_seq; Type: SEQUENCE OWNED BY; Schema: public; Owner: postgres
--

ALTER SEQUENCE public.product_id_seq OWNED BY public.product.id;


--
-- Name: product_option; Type: TABLE; Schema: public; Owner: postgres
--

CREATE TABLE public.product_option (
    "createdAt" timestamp without time zone DEFAULT now() NOT NULL,
    "updatedAt" timestamp without time zone DEFAULT now() NOT NULL,
    "deletedAt" timestamp without time zone,
    code character varying NOT NULL,
    id integer NOT NULL,
    "groupId" integer NOT NULL
);


ALTER TABLE public.product_option OWNER TO "postgres";

--
-- Name: product_option_group; Type: TABLE; Schema: public; Owner: postgres
--

CREATE TABLE public.product_option_group (
    "createdAt" timestamp without time zone DEFAULT now() NOT NULL,
    "updatedAt" timestamp without time zone DEFAULT now() NOT NULL,
    "deletedAt" timestamp without time zone,
    code character varying NOT NULL,
    id integer NOT NULL,
    "productId" integer
);


ALTER TABLE public.product_option_group OWNER TO "postgres";

--
-- Name: product_option_group_id_seq; Type: SEQUENCE; Schema: public; Owner: postgres
--

CREATE SEQUENCE public.product_option_group_id_seq
    AS integer
    START WITH 1
    INCREMENT BY 1
    NO MINVALUE
    NO MAXVALUE
    CACHE 1;


ALTER SEQUENCE public.product_option_group_id_seq OWNER TO "postgres";

--
-- Name: product_option_group_id_seq; Type: SEQUENCE OWNED BY; Schema: public; Owner: postgres
--

ALTER SEQUENCE public.product_option_group_id_seq OWNED BY public.product_option_group.id;


--
-- Name: product_option_group_translation; Type: TABLE; Schema: public; Owner: postgres
--

CREATE TABLE public.product_option_group_translation (
    "createdAt" timestamp without time zone DEFAULT now() NOT NULL,
    "updatedAt" timestamp without time zone DEFAULT now() NOT NULL,
    "languageCode" character varying NOT NULL,
    name character varying NOT NULL,
    id integer NOT NULL,
    "baseId" integer
);


ALTER TABLE public.product_option_group_translation OWNER TO "postgres";

--
-- Name: product_option_group_translation_id_seq; Type: SEQUENCE; Schema: public; Owner: postgres
--

CREATE SEQUENCE public.product_option_group_translation_id_seq
    AS integer
    START WITH 1
    INCREMENT BY 1
    NO MINVALUE
    NO MAXVALUE
    CACHE 1;


ALTER SEQUENCE public.product_option_group_translation_id_seq OWNER TO "postgres";

--
-- Name: product_option_group_translation_id_seq; Type: SEQUENCE OWNED BY; Schema: public; Owner: postgres
--

ALTER SEQUENCE public.product_option_group_translation_id_seq OWNED BY public.product_option_group_translation.id;


--
-- Name: product_option_id_seq; Type: SEQUENCE; Schema: public; Owner: postgres
--

CREATE SEQUENCE public.product_option_id_seq
    AS integer
    START WITH 1
    INCREMENT BY 1
    NO MINVALUE
    NO MAXVALUE
    CACHE 1;


ALTER SEQUENCE public.product_option_id_seq OWNER TO "postgres";

--
-- Name: product_option_id_seq; Type: SEQUENCE OWNED BY; Schema: public; Owner: postgres
--

ALTER SEQUENCE public.product_option_id_seq OWNED BY public.product_option.id;


--
-- Name: product_option_translation; Type: TABLE; Schema: public; Owner: postgres
--

CREATE TABLE public.product_option_translation (
    "createdAt" timestamp without time zone DEFAULT now() NOT NULL,
    "updatedAt" timestamp without time zone DEFAULT now() NOT NULL,
    "languageCode" character varying NOT NULL,
    name character varying NOT NULL,
    id integer NOT NULL,
    "baseId" integer
);


ALTER TABLE public.product_option_translation OWNER TO "postgres";

--
-- Name: product_option_translation_id_seq; Type: SEQUENCE; Schema: public; Owner: postgres
--

CREATE SEQUENCE public.product_option_translation_id_seq
    AS integer
    START WITH 1
    INCREMENT BY 1
    NO MINVALUE
    NO MAXVALUE
    CACHE 1;


ALTER SEQUENCE public.product_option_translation_id_seq OWNER TO "postgres";

--
-- Name: product_option_translation_id_seq; Type: SEQUENCE OWNED BY; Schema: public; Owner: postgres
--

ALTER SEQUENCE public.product_option_translation_id_seq OWNED BY public.product_option_translation.id;


--
-- Name: product_translation; Type: TABLE; Schema: public; Owner: postgres
--

CREATE TABLE public.product_translation (
    "createdAt" timestamp without time zone DEFAULT now() NOT NULL,
    "updatedAt" timestamp without time zone DEFAULT now() NOT NULL,
    "languageCode" character varying NOT NULL,
    name character varying NOT NULL,
    slug character varying NOT NULL,
    description text NOT NULL,
    id integer NOT NULL,
    "baseId" integer
);


ALTER TABLE public.product_translation OWNER TO "postgres";

--
-- Name: product_translation_id_seq; Type: SEQUENCE; Schema: public; Owner: postgres
--

CREATE SEQUENCE public.product_translation_id_seq
    AS integer
    START WITH 1
    INCREMENT BY 1
    NO MINVALUE
    NO MAXVALUE
    CACHE 1;


ALTER SEQUENCE public.product_translation_id_seq OWNER TO "postgres";

--
-- Name: product_translation_id_seq; Type: SEQUENCE OWNED BY; Schema: public; Owner: postgres
--

ALTER SEQUENCE public.product_translation_id_seq OWNED BY public.product_translation.id;


--
-- Name: product_variant; Type: TABLE; Schema: public; Owner: postgres
--

CREATE TABLE public.product_variant (
    "createdAt" timestamp without time zone DEFAULT now() NOT NULL,
    "updatedAt" timestamp without time zone DEFAULT now() NOT NULL,
    "deletedAt" timestamp without time zone,
    enabled boolean DEFAULT true NOT NULL,
    sku character varying NOT NULL,
    "outOfStockThreshold" integer DEFAULT 0 NOT NULL,
    "useGlobalOutOfStockThreshold" boolean DEFAULT true NOT NULL,
    "trackInventory" character varying DEFAULT 'INHERIT'::character varying NOT NULL,
    id integer NOT NULL,
    "featuredAssetId" integer,
    "taxCategoryId" integer,
    "productId" integer
);


ALTER TABLE public.product_variant OWNER TO "postgres";

--
-- Name: product_variant_asset; Type: TABLE; Schema: public; Owner: postgres
--

CREATE TABLE public.product_variant_asset (
    "createdAt" timestamp without time zone DEFAULT now() NOT NULL,
    "updatedAt" timestamp without time zone DEFAULT now() NOT NULL,
    "assetId" integer NOT NULL,
    "position" integer NOT NULL,
    "productVariantId" integer NOT NULL,
    id integer NOT NULL
);


ALTER TABLE public.product_variant_asset OWNER TO "postgres";

--
-- Name: product_variant_asset_id_seq; Type: SEQUENCE; Schema: public; Owner: postgres
--

CREATE SEQUENCE public.product_variant_asset_id_seq
    AS integer
    START WITH 1
    INCREMENT BY 1
    NO MINVALUE
    NO MAXVALUE
    CACHE 1;


ALTER SEQUENCE public.product_variant_asset_id_seq OWNER TO "postgres";

--
-- Name: product_variant_asset_id_seq; Type: SEQUENCE OWNED BY; Schema: public; Owner: postgres
--

ALTER SEQUENCE public.product_variant_asset_id_seq OWNED BY public.product_variant_asset.id;


--
-- Name: product_variant_channels_channel; Type: TABLE; Schema: public; Owner: postgres
--

CREATE TABLE public.product_variant_channels_channel (
    "productVariantId" integer NOT NULL,
    "channelId" integer NOT NULL
);


ALTER TABLE public.product_variant_channels_channel OWNER TO "postgres";

--
-- Name: product_variant_facet_values_facet_value; Type: TABLE; Schema: public; Owner: postgres
--

CREATE TABLE public.product_variant_facet_values_facet_value (
    "productVariantId" integer NOT NULL,
    "facetValueId" integer NOT NULL
);


ALTER TABLE public.product_variant_facet_values_facet_value OWNER TO "postgres";

--
-- Name: product_variant_id_seq; Type: SEQUENCE; Schema: public; Owner: postgres
--

CREATE SEQUENCE public.product_variant_id_seq
    AS integer
    START WITH 1
    INCREMENT BY 1
    NO MINVALUE
    NO MAXVALUE
    CACHE 1;


ALTER SEQUENCE public.product_variant_id_seq OWNER TO "postgres";

--
-- Name: product_variant_id_seq; Type: SEQUENCE OWNED BY; Schema: public; Owner: postgres
--

ALTER SEQUENCE public.product_variant_id_seq OWNED BY public.product_variant.id;


--
-- Name: product_variant_options_product_option; Type: TABLE; Schema: public; Owner: postgres
--

CREATE TABLE public.product_variant_options_product_option (
    "productVariantId" integer NOT NULL,
    "productOptionId" integer NOT NULL
);


ALTER TABLE public.product_variant_options_product_option OWNER TO "postgres";

--
-- Name: product_variant_price; Type: TABLE; Schema: public; Owner: postgres
--

CREATE TABLE public.product_variant_price (
    "createdAt" timestamp without time zone DEFAULT now() NOT NULL,
    "updatedAt" timestamp without time zone DEFAULT now() NOT NULL,
    "currencyCode" character varying NOT NULL,
    id integer NOT NULL,
    "channelId" integer,
    price integer NOT NULL,
    "variantId" integer
);


ALTER TABLE public.product_variant_price OWNER TO "postgres";

--
-- Name: product_variant_price_id_seq; Type: SEQUENCE; Schema: public; Owner: postgres
--

CREATE SEQUENCE public.product_variant_price_id_seq
    AS integer
    START WITH 1
    INCREMENT BY 1
    NO MINVALUE
    NO MAXVALUE
    CACHE 1;


ALTER SEQUENCE public.product_variant_price_id_seq OWNER TO "postgres";

--
-- Name: product_variant_price_id_seq; Type: SEQUENCE OWNED BY; Schema: public; Owner: postgres
--

ALTER SEQUENCE public.product_variant_price_id_seq OWNED BY public.product_variant_price.id;


--
-- Name: product_variant_translation; Type: TABLE; Schema: public; Owner: postgres
--

CREATE TABLE public.product_variant_translation (
    "createdAt" timestamp without time zone DEFAULT now() NOT NULL,
    "updatedAt" timestamp without time zone DEFAULT now() NOT NULL,
    "languageCode" character varying NOT NULL,
    name character varying NOT NULL,
    id integer NOT NULL,
    "baseId" integer
);


ALTER TABLE public.product_variant_translation OWNER TO "postgres";

--
-- Name: product_variant_translation_id_seq; Type: SEQUENCE; Schema: public; Owner: postgres
--

CREATE SEQUENCE public.product_variant_translation_id_seq
    AS integer
    START WITH 1
    INCREMENT BY 1
    NO MINVALUE
    NO MAXVALUE
    CACHE 1;


ALTER SEQUENCE public.product_variant_translation_id_seq OWNER TO "postgres";

--
-- Name: product_variant_translation_id_seq; Type: SEQUENCE OWNED BY; Schema: public; Owner: postgres
--

ALTER SEQUENCE public.product_variant_translation_id_seq OWNED BY public.product_variant_translation.id;


--
-- Name: promotion; Type: TABLE; Schema: public; Owner: postgres
--

CREATE TABLE public.promotion (
    "createdAt" timestamp without time zone DEFAULT now() NOT NULL,
    "updatedAt" timestamp without time zone DEFAULT now() NOT NULL,
    "deletedAt" timestamp without time zone,
    "startsAt" timestamp without time zone,
    "endsAt" timestamp without time zone,
    "couponCode" character varying,
    "perCustomerUsageLimit" integer,
    "usageLimit" integer,
    enabled boolean NOT NULL,
    conditions text NOT NULL,
    actions text NOT NULL,
    "priorityScore" integer NOT NULL,
    id integer NOT NULL
);


ALTER TABLE public.promotion OWNER TO "postgres";

--
-- Name: promotion_channels_channel; Type: TABLE; Schema: public; Owner: postgres
--

CREATE TABLE public.promotion_channels_channel (
    "promotionId" integer NOT NULL,
    "channelId" integer NOT NULL
);


ALTER TABLE public.promotion_channels_channel OWNER TO "postgres";

--
-- Name: promotion_id_seq; Type: SEQUENCE; Schema: public; Owner: postgres
--

CREATE SEQUENCE public.promotion_id_seq
    AS integer
    START WITH 1
    INCREMENT BY 1
    NO MINVALUE
    NO MAXVALUE
    CACHE 1;


ALTER SEQUENCE public.promotion_id_seq OWNER TO "postgres";

--
-- Name: promotion_id_seq; Type: SEQUENCE OWNED BY; Schema: public; Owner: postgres
--

ALTER SEQUENCE public.promotion_id_seq OWNED BY public.promotion.id;


--
-- Name: promotion_translation; Type: TABLE; Schema: public; Owner: postgres
--

CREATE TABLE public.promotion_translation (
    "createdAt" timestamp without time zone DEFAULT now() NOT NULL,
    "updatedAt" timestamp without time zone DEFAULT now() NOT NULL,
    "languageCode" character varying NOT NULL,
    name character varying NOT NULL,
    description text NOT NULL,
    id integer NOT NULL,
    "baseId" integer
);


ALTER TABLE public.promotion_translation OWNER TO "postgres";

--
-- Name: promotion_translation_id_seq; Type: SEQUENCE; Schema: public; Owner: postgres
--

CREATE SEQUENCE public.promotion_translation_id_seq
    AS integer
    START WITH 1
    INCREMENT BY 1
    NO MINVALUE
    NO MAXVALUE
    CACHE 1;


ALTER SEQUENCE public.promotion_translation_id_seq OWNER TO "postgres";

--
-- Name: promotion_translation_id_seq; Type: SEQUENCE OWNED BY; Schema: public; Owner: postgres
--

ALTER SEQUENCE public.promotion_translation_id_seq OWNED BY public.promotion_translation.id;


--
-- Name: refund; Type: TABLE; Schema: public; Owner: postgres
--

CREATE TABLE public.refund (
    "createdAt" timestamp without time zone DEFAULT now() NOT NULL,
    "updatedAt" timestamp without time zone DEFAULT now() NOT NULL,
    method character varying NOT NULL,
    reason character varying,
    state character varying NOT NULL,
    "transactionId" character varying,
    metadata text NOT NULL,
    id integer NOT NULL,
    "paymentId" integer NOT NULL,
    items integer NOT NULL,
    shipping integer NOT NULL,
    adjustment integer NOT NULL,
    total integer NOT NULL
);


ALTER TABLE public.refund OWNER TO "postgres";

--
-- Name: refund_id_seq; Type: SEQUENCE; Schema: public; Owner: postgres
--

CREATE SEQUENCE public.refund_id_seq
    AS integer
    START WITH 1
    INCREMENT BY 1
    NO MINVALUE
    NO MAXVALUE
    CACHE 1;


ALTER SEQUENCE public.refund_id_seq OWNER TO "postgres";

--
-- Name: refund_id_seq; Type: SEQUENCE OWNED BY; Schema: public; Owner: postgres
--

ALTER SEQUENCE public.refund_id_seq OWNED BY public.refund.id;


--
-- Name: region; Type: TABLE; Schema: public; Owner: postgres
--

CREATE TABLE public.region (
    "createdAt" timestamp without time zone DEFAULT now() NOT NULL,
    "updatedAt" timestamp without time zone DEFAULT now() NOT NULL,
    code character varying NOT NULL,
    type character varying NOT NULL,
    enabled boolean NOT NULL,
    id integer NOT NULL,
    "parentId" integer,
    discriminator character varying NOT NULL
);


ALTER TABLE public.region OWNER TO "postgres";

--
-- Name: region_id_seq; Type: SEQUENCE; Schema: public; Owner: postgres
--

CREATE SEQUENCE public.region_id_seq
    AS integer
    START WITH 1
    INCREMENT BY 1
    NO MINVALUE
    NO MAXVALUE
    CACHE 1;


ALTER SEQUENCE public.region_id_seq OWNER TO "postgres";

--
-- Name: region_id_seq; Type: SEQUENCE OWNED BY; Schema: public; Owner: postgres
--

ALTER SEQUENCE public.region_id_seq OWNED BY public.region.id;


--
-- Name: region_translation; Type: TABLE; Schema: public; Owner: postgres
--

CREATE TABLE public.region_translation (
    "createdAt" timestamp without time zone DEFAULT now() NOT NULL,
    "updatedAt" timestamp without time zone DEFAULT now() NOT NULL,
    "languageCode" character varying NOT NULL,
    name character varying NOT NULL,
    id integer NOT NULL,
    "baseId" integer
);


ALTER TABLE public.region_translation OWNER TO "postgres";

--
-- Name: region_translation_id_seq; Type: SEQUENCE; Schema: public; Owner: postgres
--

CREATE SEQUENCE public.region_translation_id_seq
    AS integer
    START WITH 1
    INCREMENT BY 1
    NO MINVALUE
    NO MAXVALUE
    CACHE 1;


ALTER SEQUENCE public.region_translation_id_seq OWNER TO "postgres";

--
-- Name: region_translation_id_seq; Type: SEQUENCE OWNED BY; Schema: public; Owner: postgres
--

ALTER SEQUENCE public.region_translation_id_seq OWNED BY public.region_translation.id;


--
-- Name: role; Type: TABLE; Schema: public; Owner: postgres
--

CREATE TABLE public.role (
    "createdAt" timestamp without time zone DEFAULT now() NOT NULL,
    "updatedAt" timestamp without time zone DEFAULT now() NOT NULL,
    code character varying NOT NULL,
    description character varying NOT NULL,
    permissions text NOT NULL,
    id integer NOT NULL
);


ALTER TABLE public.role OWNER TO "postgres";

--
-- Name: role_channels_channel; Type: TABLE; Schema: public; Owner: postgres
--

CREATE TABLE public.role_channels_channel (
    "roleId" integer NOT NULL,
    "channelId" integer NOT NULL
);


ALTER TABLE public.role_channels_channel OWNER TO "postgres";

--
-- Name: role_id_seq; Type: SEQUENCE; Schema: public; Owner: postgres
--

CREATE SEQUENCE public.role_id_seq
    AS integer
    START WITH 1
    INCREMENT BY 1
    NO MINVALUE
    NO MAXVALUE
    CACHE 1;


ALTER SEQUENCE public.role_id_seq OWNER TO "postgres";

--
-- Name: role_id_seq; Type: SEQUENCE OWNED BY; Schema: public; Owner: postgres
--

ALTER SEQUENCE public.role_id_seq OWNED BY public.role.id;


--
-- Name: scheduled_task_record; Type: TABLE; Schema: public; Owner: postgres
--

CREATE TABLE public.scheduled_task_record (
    "createdAt" timestamp without time zone DEFAULT now() NOT NULL,
    "updatedAt" timestamp without time zone DEFAULT now() NOT NULL,
    "taskId" character varying NOT NULL,
    enabled boolean DEFAULT true NOT NULL,
    "lockedAt" timestamp(3) without time zone,
    "lastExecutedAt" timestamp(3) without time zone,
    "manuallyTriggeredAt" timestamp(3) without time zone,
    "lastResult" json,
    id integer NOT NULL
);


ALTER TABLE public.scheduled_task_record OWNER TO "postgres";

--
-- Name: scheduled_task_record_id_seq; Type: SEQUENCE; Schema: public; Owner: postgres
--

CREATE SEQUENCE public.scheduled_task_record_id_seq
    AS integer
    START WITH 1
    INCREMENT BY 1
    NO MINVALUE
    NO MAXVALUE
    CACHE 1;


ALTER SEQUENCE public.scheduled_task_record_id_seq OWNER TO "postgres";

--
-- Name: scheduled_task_record_id_seq; Type: SEQUENCE OWNED BY; Schema: public; Owner: postgres
--

ALTER SEQUENCE public.scheduled_task_record_id_seq OWNED BY public.scheduled_task_record.id;


--
-- Name: search_index_item; Type: TABLE; Schema: public; Owner: postgres
--

CREATE TABLE public.search_index_item (
    "languageCode" character varying NOT NULL,
    enabled boolean NOT NULL,
    "productName" character varying NOT NULL,
    "productVariantName" character varying NOT NULL,
    description text NOT NULL,
    slug character varying NOT NULL,
    sku character varying NOT NULL,
    "facetIds" text NOT NULL,
    "facetValueIds" text NOT NULL,
    "collectionIds" text NOT NULL,
    "collectionSlugs" text NOT NULL,
    "channelIds" text NOT NULL,
    "productPreview" character varying NOT NULL,
    "productPreviewFocalPoint" text,
    "productVariantPreview" character varying NOT NULL,
    "productVariantPreviewFocalPoint" text,
    "inStock" boolean DEFAULT true NOT NULL,
    "productInStock" boolean DEFAULT true NOT NULL,
    "productVariantId" integer NOT NULL,
    "channelId" integer NOT NULL,
    "productId" integer NOT NULL,
    "productAssetId" integer,
    "productVariantAssetId" integer,
    price integer NOT NULL,
    "priceWithTax" integer NOT NULL
);


ALTER TABLE public.search_index_item OWNER TO "postgres";

--
-- Name: seller; Type: TABLE; Schema: public; Owner: postgres
--

CREATE TABLE public.seller (
    "createdAt" timestamp without time zone DEFAULT now() NOT NULL,
    "updatedAt" timestamp without time zone DEFAULT now() NOT NULL,
    "deletedAt" timestamp without time zone,
    name character varying NOT NULL,
    id integer NOT NULL
);


ALTER TABLE public.seller OWNER TO "postgres";

--
-- Name: seller_id_seq; Type: SEQUENCE; Schema: public; Owner: postgres
--

CREATE SEQUENCE public.seller_id_seq
    AS integer
    START WITH 1
    INCREMENT BY 1
    NO MINVALUE
    NO MAXVALUE
    CACHE 1;


ALTER SEQUENCE public.seller_id_seq OWNER TO "postgres";

--
-- Name: seller_id_seq; Type: SEQUENCE OWNED BY; Schema: public; Owner: postgres
--

ALTER SEQUENCE public.seller_id_seq OWNED BY public.seller.id;


--
-- Name: session; Type: TABLE; Schema: public; Owner: postgres
--

CREATE TABLE public.session (
    "createdAt" timestamp without time zone DEFAULT now() NOT NULL,
    "updatedAt" timestamp without time zone DEFAULT now() NOT NULL,
    token character varying NOT NULL,
    expires timestamp without time zone NOT NULL,
    invalidated boolean NOT NULL,
    "authenticationStrategy" character varying,
    id integer NOT NULL,
    "activeOrderId" integer,
    "activeChannelId" integer,
    type character varying NOT NULL,
    "userId" integer
);


ALTER TABLE public.session OWNER TO "postgres";

--
-- Name: session_id_seq; Type: SEQUENCE; Schema: public; Owner: postgres
--

CREATE SEQUENCE public.session_id_seq
    AS integer
    START WITH 1
    INCREMENT BY 1
    NO MINVALUE
    NO MAXVALUE
    CACHE 1;


ALTER SEQUENCE public.session_id_seq OWNER TO "postgres";

--
-- Name: session_id_seq; Type: SEQUENCE OWNED BY; Schema: public; Owner: postgres
--

ALTER SEQUENCE public.session_id_seq OWNED BY public.session.id;


--
-- Name: shipping_line; Type: TABLE; Schema: public; Owner: postgres
--

CREATE TABLE public.shipping_line (
    "createdAt" timestamp without time zone DEFAULT now() NOT NULL,
    "updatedAt" timestamp without time zone DEFAULT now() NOT NULL,
    "listPriceIncludesTax" boolean NOT NULL,
    adjustments text NOT NULL,
    "taxLines" text NOT NULL,
    id integer NOT NULL,
    "shippingMethodId" integer NOT NULL,
    "listPrice" integer NOT NULL,
    "orderId" integer
);


ALTER TABLE public.shipping_line OWNER TO "postgres";

--
-- Name: shipping_line_id_seq; Type: SEQUENCE; Schema: public; Owner: postgres
--

CREATE SEQUENCE public.shipping_line_id_seq
    AS integer
    START WITH 1
    INCREMENT BY 1
    NO MINVALUE
    NO MAXVALUE
    CACHE 1;


ALTER SEQUENCE public.shipping_line_id_seq OWNER TO "postgres";

--
-- Name: shipping_line_id_seq; Type: SEQUENCE OWNED BY; Schema: public; Owner: postgres
--

ALTER SEQUENCE public.shipping_line_id_seq OWNED BY public.shipping_line.id;


--
-- Name: shipping_method; Type: TABLE; Schema: public; Owner: postgres
--

CREATE TABLE public.shipping_method (
    "createdAt" timestamp without time zone DEFAULT now() NOT NULL,
    "updatedAt" timestamp without time zone DEFAULT now() NOT NULL,
    "deletedAt" timestamp without time zone,
    code character varying NOT NULL,
    checker text NOT NULL,
    calculator text NOT NULL,
    "fulfillmentHandlerCode" character varying NOT NULL,
    id integer NOT NULL
);


ALTER TABLE public.shipping_method OWNER TO "postgres";

--
-- Name: shipping_method_channels_channel; Type: TABLE; Schema: public; Owner: postgres
--

CREATE TABLE public.shipping_method_channels_channel (
    "shippingMethodId" integer NOT NULL,
    "channelId" integer NOT NULL
);


ALTER TABLE public.shipping_method_channels_channel OWNER TO "postgres";

--
-- Name: shipping_method_id_seq; Type: SEQUENCE; Schema: public; Owner: postgres
--

CREATE SEQUENCE public.shipping_method_id_seq
    AS integer
    START WITH 1
    INCREMENT BY 1
    NO MINVALUE
    NO MAXVALUE
    CACHE 1;


ALTER SEQUENCE public.shipping_method_id_seq OWNER TO "postgres";

--
-- Name: shipping_method_id_seq; Type: SEQUENCE OWNED BY; Schema: public; Owner: postgres
--

ALTER SEQUENCE public.shipping_method_id_seq OWNED BY public.shipping_method.id;


--
-- Name: shipping_method_translation; Type: TABLE; Schema: public; Owner: postgres
--

CREATE TABLE public.shipping_method_translation (
    "createdAt" timestamp without time zone DEFAULT now() NOT NULL,
    "updatedAt" timestamp without time zone DEFAULT now() NOT NULL,
    "languageCode" character varying NOT NULL,
    name character varying DEFAULT ''::character varying NOT NULL,
    description character varying DEFAULT ''::character varying NOT NULL,
    id integer NOT NULL,
    "baseId" integer
);


ALTER TABLE public.shipping_method_translation OWNER TO "postgres";

--
-- Name: shipping_method_translation_id_seq; Type: SEQUENCE; Schema: public; Owner: postgres
--

CREATE SEQUENCE public.shipping_method_translation_id_seq
    AS integer
    START WITH 1
    INCREMENT BY 1
    NO MINVALUE
    NO MAXVALUE
    CACHE 1;


ALTER SEQUENCE public.shipping_method_translation_id_seq OWNER TO "postgres";

--
-- Name: shipping_method_translation_id_seq; Type: SEQUENCE OWNED BY; Schema: public; Owner: postgres
--

ALTER SEQUENCE public.shipping_method_translation_id_seq OWNED BY public.shipping_method_translation.id;


--
-- Name: stock_level; Type: TABLE; Schema: public; Owner: postgres
--

CREATE TABLE public.stock_level (
    "createdAt" timestamp without time zone DEFAULT now() NOT NULL,
    "updatedAt" timestamp without time zone DEFAULT now() NOT NULL,
    "stockOnHand" integer NOT NULL,
    "stockAllocated" integer NOT NULL,
    id integer NOT NULL,
    "productVariantId" integer NOT NULL,
    "stockLocationId" integer NOT NULL
);


ALTER TABLE public.stock_level OWNER TO "postgres";

--
-- Name: stock_level_id_seq; Type: SEQUENCE; Schema: public; Owner: postgres
--

CREATE SEQUENCE public.stock_level_id_seq
    AS integer
    START WITH 1
    INCREMENT BY 1
    NO MINVALUE
    NO MAXVALUE
    CACHE 1;


ALTER SEQUENCE public.stock_level_id_seq OWNER TO "postgres";

--
-- Name: stock_level_id_seq; Type: SEQUENCE OWNED BY; Schema: public; Owner: postgres
--

ALTER SEQUENCE public.stock_level_id_seq OWNED BY public.stock_level.id;


--
-- Name: stock_location; Type: TABLE; Schema: public; Owner: postgres
--

CREATE TABLE public.stock_location (
    "createdAt" timestamp without time zone DEFAULT now() NOT NULL,
    "updatedAt" timestamp without time zone DEFAULT now() NOT NULL,
    name character varying NOT NULL,
    description character varying NOT NULL,
    id integer NOT NULL
);


ALTER TABLE public.stock_location OWNER TO "postgres";

--
-- Name: stock_location_channels_channel; Type: TABLE; Schema: public; Owner: postgres
--

CREATE TABLE public.stock_location_channels_channel (
    "stockLocationId" integer NOT NULL,
    "channelId" integer NOT NULL
);


ALTER TABLE public.stock_location_channels_channel OWNER TO "postgres";

--
-- Name: stock_location_id_seq; Type: SEQUENCE; Schema: public; Owner: postgres
--

CREATE SEQUENCE public.stock_location_id_seq
    AS integer
    START WITH 1
    INCREMENT BY 1
    NO MINVALUE
    NO MAXVALUE
    CACHE 1;


ALTER SEQUENCE public.stock_location_id_seq OWNER TO "postgres";

--
-- Name: stock_location_id_seq; Type: SEQUENCE OWNED BY; Schema: public; Owner: postgres
--

ALTER SEQUENCE public.stock_location_id_seq OWNED BY public.stock_location.id;


--
-- Name: stock_movement; Type: TABLE; Schema: public; Owner: postgres
--

CREATE TABLE public.stock_movement (
    "createdAt" timestamp without time zone DEFAULT now() NOT NULL,
    "updatedAt" timestamp without time zone DEFAULT now() NOT NULL,
    type character varying NOT NULL,
    quantity integer NOT NULL,
    id integer NOT NULL,
    "stockLocationId" integer NOT NULL,
    discriminator character varying NOT NULL,
    "productVariantId" integer,
    "orderLineId" integer
);


ALTER TABLE public.stock_movement OWNER TO "postgres";

--
-- Name: stock_movement_id_seq; Type: SEQUENCE; Schema: public; Owner: postgres
--

CREATE SEQUENCE public.stock_movement_id_seq
    AS integer
    START WITH 1
    INCREMENT BY 1
    NO MINVALUE
    NO MAXVALUE
    CACHE 1;


ALTER SEQUENCE public.stock_movement_id_seq OWNER TO "postgres";

--
-- Name: stock_movement_id_seq; Type: SEQUENCE OWNED BY; Schema: public; Owner: postgres
--

ALTER SEQUENCE public.stock_movement_id_seq OWNED BY public.stock_movement.id;


--
-- Name: surcharge; Type: TABLE; Schema: public; Owner: postgres
--

CREATE TABLE public.surcharge (
    "createdAt" timestamp without time zone DEFAULT now() NOT NULL,
    "updatedAt" timestamp without time zone DEFAULT now() NOT NULL,
    description character varying NOT NULL,
    "listPriceIncludesTax" boolean NOT NULL,
    sku character varying NOT NULL,
    "taxLines" text NOT NULL,
    id integer NOT NULL,
    "listPrice" integer NOT NULL,
    "orderId" integer,
    "orderModificationId" integer
);


ALTER TABLE public.surcharge OWNER TO "postgres";

--
-- Name: surcharge_id_seq; Type: SEQUENCE; Schema: public; Owner: postgres
--

CREATE SEQUENCE public.surcharge_id_seq
    AS integer
    START WITH 1
    INCREMENT BY 1
    NO MINVALUE
    NO MAXVALUE
    CACHE 1;


ALTER SEQUENCE public.surcharge_id_seq OWNER TO "postgres";

--
-- Name: surcharge_id_seq; Type: SEQUENCE OWNED BY; Schema: public; Owner: postgres
--

ALTER SEQUENCE public.surcharge_id_seq OWNED BY public.surcharge.id;


--
-- Name: tag; Type: TABLE; Schema: public; Owner: postgres
--

CREATE TABLE public.tag (
    "createdAt" timestamp without time zone DEFAULT now() NOT NULL,
    "updatedAt" timestamp without time zone DEFAULT now() NOT NULL,
    value character varying NOT NULL,
    id integer NOT NULL
);


ALTER TABLE public.tag OWNER TO "postgres";

--
-- Name: tag_id_seq; Type: SEQUENCE; Schema: public; Owner: postgres
--

CREATE SEQUENCE public.tag_id_seq
    AS integer
    START WITH 1
    INCREMENT BY 1
    NO MINVALUE
    NO MAXVALUE
    CACHE 1;


ALTER SEQUENCE public.tag_id_seq OWNER TO "postgres";

--
-- Name: tag_id_seq; Type: SEQUENCE OWNED BY; Schema: public; Owner: postgres
--

ALTER SEQUENCE public.tag_id_seq OWNED BY public.tag.id;


--
-- Name: tax_category; Type: TABLE; Schema: public; Owner: postgres
--

CREATE TABLE public.tax_category (
    "createdAt" timestamp without time zone DEFAULT now() NOT NULL,
    "updatedAt" timestamp without time zone DEFAULT now() NOT NULL,
    name character varying NOT NULL,
    "isDefault" boolean DEFAULT false NOT NULL,
    id integer NOT NULL
);


ALTER TABLE public.tax_category OWNER TO "postgres";

--
-- Name: tax_category_id_seq; Type: SEQUENCE; Schema: public; Owner: postgres
--

CREATE SEQUENCE public.tax_category_id_seq
    AS integer
    START WITH 1
    INCREMENT BY 1
    NO MINVALUE
    NO MAXVALUE
    CACHE 1;


ALTER SEQUENCE public.tax_category_id_seq OWNER TO "postgres";

--
-- Name: tax_category_id_seq; Type: SEQUENCE OWNED BY; Schema: public; Owner: postgres
--

ALTER SEQUENCE public.tax_category_id_seq OWNED BY public.tax_category.id;


--
-- Name: tax_rate; Type: TABLE; Schema: public; Owner: postgres
--

CREATE TABLE public.tax_rate (
    "createdAt" timestamp without time zone DEFAULT now() NOT NULL,
    "updatedAt" timestamp without time zone DEFAULT now() NOT NULL,
    name character varying NOT NULL,
    enabled boolean NOT NULL,
    value numeric(5,2) NOT NULL,
    id integer NOT NULL,
    "categoryId" integer,
    "zoneId" integer,
    "customerGroupId" integer
);


ALTER TABLE public.tax_rate OWNER TO "postgres";

--
-- Name: tax_rate_id_seq; Type: SEQUENCE; Schema: public; Owner: postgres
--

CREATE SEQUENCE public.tax_rate_id_seq
    AS integer
    START WITH 1
    INCREMENT BY 1
    NO MINVALUE
    NO MAXVALUE
    CACHE 1;


ALTER SEQUENCE public.tax_rate_id_seq OWNER TO "postgres";

--
-- Name: tax_rate_id_seq; Type: SEQUENCE OWNED BY; Schema: public; Owner: postgres
--

ALTER SEQUENCE public.tax_rate_id_seq OWNED BY public.tax_rate.id;


--
-- Name: user; Type: TABLE; Schema: public; Owner: postgres
--

CREATE TABLE public."user" (
    "createdAt" timestamp without time zone DEFAULT now() NOT NULL,
    "updatedAt" timestamp without time zone DEFAULT now() NOT NULL,
    "deletedAt" timestamp without time zone,
    identifier character varying NOT NULL,
    verified boolean DEFAULT false NOT NULL,
    "lastLogin" timestamp without time zone,
    id integer NOT NULL
);


ALTER TABLE public."user" OWNER TO "postgres";

--
-- Name: user_id_seq; Type: SEQUENCE; Schema: public; Owner: postgres
--

CREATE SEQUENCE public.user_id_seq
    AS integer
    START WITH 1
    INCREMENT BY 1
    NO MINVALUE
    NO MAXVALUE
    CACHE 1;


ALTER SEQUENCE public.user_id_seq OWNER TO "postgres";

--
-- Name: user_id_seq; Type: SEQUENCE OWNED BY; Schema: public; Owner: postgres
--

ALTER SEQUENCE public.user_id_seq OWNED BY public."user".id;


--
-- Name: user_roles_role; Type: TABLE; Schema: public; Owner: postgres
--

CREATE TABLE public.user_roles_role (
    "userId" integer NOT NULL,
    "roleId" integer NOT NULL
);


ALTER TABLE public.user_roles_role OWNER TO "postgres";

--
-- Name: zone; Type: TABLE; Schema: public; Owner: postgres
--

CREATE TABLE public.zone (
    "createdAt" timestamp without time zone DEFAULT now() NOT NULL,
    "updatedAt" timestamp without time zone DEFAULT now() NOT NULL,
    name character varying NOT NULL,
    id integer NOT NULL
);


ALTER TABLE public.zone OWNER TO "postgres";

--
-- Name: zone_id_seq; Type: SEQUENCE; Schema: public; Owner: postgres
--

CREATE SEQUENCE public.zone_id_seq
    AS integer
    START WITH 1
    INCREMENT BY 1
    NO MINVALUE
    NO MAXVALUE
    CACHE 1;


ALTER SEQUENCE public.zone_id_seq OWNER TO "postgres";

--
-- Name: zone_id_seq; Type: SEQUENCE OWNED BY; Schema: public; Owner: postgres
--

ALTER SEQUENCE public.zone_id_seq OWNED BY public.zone.id;


--
-- Name: zone_members_region; Type: TABLE; Schema: public; Owner: postgres
--

CREATE TABLE public.zone_members_region (
    "zoneId" integer NOT NULL,
    "regionId" integer NOT NULL
);


ALTER TABLE public.zone_members_region OWNER TO "postgres";

--
-- Name: address id; Type: DEFAULT; Schema: public; Owner: postgres
--

ALTER TABLE ONLY public.address ALTER COLUMN id SET DEFAULT nextval('public.address_id_seq'::regclass);


--
-- Name: administrator id; Type: DEFAULT; Schema: public; Owner: postgres
--

ALTER TABLE ONLY public.administrator ALTER COLUMN id SET DEFAULT nextval('public.administrator_id_seq'::regclass);


--
-- Name: asset id; Type: DEFAULT; Schema: public; Owner: postgres
--

ALTER TABLE ONLY public.asset ALTER COLUMN id SET DEFAULT nextval('public.asset_id_seq'::regclass);


--
-- Name: authentication_method id; Type: DEFAULT; Schema: public; Owner: postgres
--

ALTER TABLE ONLY public.authentication_method ALTER COLUMN id SET DEFAULT nextval('public.authentication_method_id_seq'::regclass);


--
-- Name: channel id; Type: DEFAULT; Schema: public; Owner: postgres
--

ALTER TABLE ONLY public.channel ALTER COLUMN id SET DEFAULT nextval('public.channel_id_seq'::regclass);


--
-- Name: collection id; Type: DEFAULT; Schema: public; Owner: postgres
--

ALTER TABLE ONLY public.collection ALTER COLUMN id SET DEFAULT nextval('public.collection_id_seq'::regclass);


--
-- Name: collection_asset id; Type: DEFAULT; Schema: public; Owner: postgres
--

ALTER TABLE ONLY public.collection_asset ALTER COLUMN id SET DEFAULT nextval('public.collection_asset_id_seq'::regclass);


--
-- Name: collection_translation id; Type: DEFAULT; Schema: public; Owner: postgres
--

ALTER TABLE ONLY public.collection_translation ALTER COLUMN id SET DEFAULT nextval('public.collection_translation_id_seq'::regclass);


--
-- Name: customer id; Type: DEFAULT; Schema: public; Owner: postgres
--

ALTER TABLE ONLY public.customer ALTER COLUMN id SET DEFAULT nextval('public.customer_id_seq'::regclass);


--
-- Name: customer_group id; Type: DEFAULT; Schema: public; Owner: postgres
--

ALTER TABLE ONLY public.customer_group ALTER COLUMN id SET DEFAULT nextval('public.customer_group_id_seq'::regclass);


--
-- Name: facet id; Type: DEFAULT; Schema: public; Owner: postgres
--

ALTER TABLE ONLY public.facet ALTER COLUMN id SET DEFAULT nextval('public.facet_id_seq'::regclass);


--
-- Name: facet_translation id; Type: DEFAULT; Schema: public; Owner: postgres
--

ALTER TABLE ONLY public.facet_translation ALTER COLUMN id SET DEFAULT nextval('public.facet_translation_id_seq'::regclass);


--
-- Name: facet_value id; Type: DEFAULT; Schema: public; Owner: postgres
--

ALTER TABLE ONLY public.facet_value ALTER COLUMN id SET DEFAULT nextval('public.facet_value_id_seq'::regclass);


--
-- Name: facet_value_translation id; Type: DEFAULT; Schema: public; Owner: postgres
--

ALTER TABLE ONLY public.facet_value_translation ALTER COLUMN id SET DEFAULT nextval('public.facet_value_translation_id_seq'::regclass);


--
-- Name: fulfillment id; Type: DEFAULT; Schema: public; Owner: postgres
--

ALTER TABLE ONLY public.fulfillment ALTER COLUMN id SET DEFAULT nextval('public.fulfillment_id_seq'::regclass);


--
-- Name: global_settings id; Type: DEFAULT; Schema: public; Owner: postgres
--

ALTER TABLE ONLY public.global_settings ALTER COLUMN id SET DEFAULT nextval('public.global_settings_id_seq'::regclass);


--
-- Name: history_entry id; Type: DEFAULT; Schema: public; Owner: postgres
--

ALTER TABLE ONLY public.history_entry ALTER COLUMN id SET DEFAULT nextval('public.history_entry_id_seq'::regclass);


--
-- Name: job_record id; Type: DEFAULT; Schema: public; Owner: postgres
--

ALTER TABLE ONLY public.job_record ALTER COLUMN id SET DEFAULT nextval('public.job_record_id_seq'::regclass);


--
-- Name: job_record_buffer id; Type: DEFAULT; Schema: public; Owner: postgres
--

ALTER TABLE ONLY public.job_record_buffer ALTER COLUMN id SET DEFAULT nextval('public.job_record_buffer_id_seq'::regclass);


--
-- Name: migrations id; Type: DEFAULT; Schema: public; Owner: postgres
--

ALTER TABLE ONLY public.migrations ALTER COLUMN id SET DEFAULT nextval('public.migrations_id_seq'::regclass);


--
-- Name: order id; Type: DEFAULT; Schema: public; Owner: postgres
--

ALTER TABLE ONLY public."order" ALTER COLUMN id SET DEFAULT nextval('public.order_id_seq'::regclass);


--
-- Name: order_line id; Type: DEFAULT; Schema: public; Owner: postgres
--

ALTER TABLE ONLY public.order_line ALTER COLUMN id SET DEFAULT nextval('public.order_line_id_seq'::regclass);


--
-- Name: order_line_reference id; Type: DEFAULT; Schema: public; Owner: postgres
--

ALTER TABLE ONLY public.order_line_reference ALTER COLUMN id SET DEFAULT nextval('public.order_line_reference_id_seq'::regclass);


--
-- Name: order_modification id; Type: DEFAULT; Schema: public; Owner: postgres
--

ALTER TABLE ONLY public.order_modification ALTER COLUMN id SET DEFAULT nextval('public.order_modification_id_seq'::regclass);


--
-- Name: payment id; Type: DEFAULT; Schema: public; Owner: postgres
--

ALTER TABLE ONLY public.payment ALTER COLUMN id SET DEFAULT nextval('public.payment_id_seq'::regclass);


--
-- Name: payment_method id; Type: DEFAULT; Schema: public; Owner: postgres
--

ALTER TABLE ONLY public.payment_method ALTER COLUMN id SET DEFAULT nextval('public.payment_method_id_seq'::regclass);


--
-- Name: payment_method_translation id; Type: DEFAULT; Schema: public; Owner: postgres
--

ALTER TABLE ONLY public.payment_method_translation ALTER COLUMN id SET DEFAULT nextval('public.payment_method_translation_id_seq'::regclass);


--
-- Name: product id; Type: DEFAULT; Schema: public; Owner: postgres
--

ALTER TABLE ONLY public.product ALTER COLUMN id SET DEFAULT nextval('public.product_id_seq'::regclass);


--
-- Name: product_asset id; Type: DEFAULT; Schema: public; Owner: postgres
--

ALTER TABLE ONLY public.product_asset ALTER COLUMN id SET DEFAULT nextval('public.product_asset_id_seq'::regclass);


--
-- Name: product_option id; Type: DEFAULT; Schema: public; Owner: postgres
--

ALTER TABLE ONLY public.product_option ALTER COLUMN id SET DEFAULT nextval('public.product_option_id_seq'::regclass);


--
-- Name: product_option_group id; Type: DEFAULT; Schema: public; Owner: postgres
--

ALTER TABLE ONLY public.product_option_group ALTER COLUMN id SET DEFAULT nextval('public.product_option_group_id_seq'::regclass);


--
-- Name: product_option_group_translation id; Type: DEFAULT; Schema: public; Owner: postgres
--

ALTER TABLE ONLY public.product_option_group_translation ALTER COLUMN id SET DEFAULT nextval('public.product_option_group_translation_id_seq'::regclass);


--
-- Name: product_option_translation id; Type: DEFAULT; Schema: public; Owner: postgres
--

ALTER TABLE ONLY public.product_option_translation ALTER COLUMN id SET DEFAULT nextval('public.product_option_translation_id_seq'::regclass);


--
-- Name: product_translation id; Type: DEFAULT; Schema: public; Owner: postgres
--

ALTER TABLE ONLY public.product_translation ALTER COLUMN id SET DEFAULT nextval('public.product_translation_id_seq'::regclass);


--
-- Name: product_variant id; Type: DEFAULT; Schema: public; Owner: postgres
--

ALTER TABLE ONLY public.product_variant ALTER COLUMN id SET DEFAULT nextval('public.product_variant_id_seq'::regclass);


--
-- Name: product_variant_asset id; Type: DEFAULT; Schema: public; Owner: postgres
--

ALTER TABLE ONLY public.product_variant_asset ALTER COLUMN id SET DEFAULT nextval('public.product_variant_asset_id_seq'::regclass);


--
-- Name: product_variant_price id; Type: DEFAULT; Schema: public; Owner: postgres
--

ALTER TABLE ONLY public.product_variant_price ALTER COLUMN id SET DEFAULT nextval('public.product_variant_price_id_seq'::regclass);


--
-- Name: product_variant_translation id; Type: DEFAULT; Schema: public; Owner: postgres
--

ALTER TABLE ONLY public.product_variant_translation ALTER COLUMN id SET DEFAULT nextval('public.product_variant_translation_id_seq'::regclass);


--
-- Name: promotion id; Type: DEFAULT; Schema: public; Owner: postgres
--

ALTER TABLE ONLY public.promotion ALTER COLUMN id SET DEFAULT nextval('public.promotion_id_seq'::regclass);


--
-- Name: promotion_translation id; Type: DEFAULT; Schema: public; Owner: postgres
--

ALTER TABLE ONLY public.promotion_translation ALTER COLUMN id SET DEFAULT nextval('public.promotion_translation_id_seq'::regclass);


--
-- Name: refund id; Type: DEFAULT; Schema: public; Owner: postgres
--

ALTER TABLE ONLY public.refund ALTER COLUMN id SET DEFAULT nextval('public.refund_id_seq'::regclass);


--
-- Name: region id; Type: DEFAULT; Schema: public; Owner: postgres
--

ALTER TABLE ONLY public.region ALTER COLUMN id SET DEFAULT nextval('public.region_id_seq'::regclass);


--
-- Name: region_translation id; Type: DEFAULT; Schema: public; Owner: postgres
--

ALTER TABLE ONLY public.region_translation ALTER COLUMN id SET DEFAULT nextval('public.region_translation_id_seq'::regclass);


--
-- Name: role id; Type: DEFAULT; Schema: public; Owner: postgres
--

ALTER TABLE ONLY public.role ALTER COLUMN id SET DEFAULT nextval('public.role_id_seq'::regclass);


--
-- Name: scheduled_task_record id; Type: DEFAULT; Schema: public; Owner: postgres
--

ALTER TABLE ONLY public.scheduled_task_record ALTER COLUMN id SET DEFAULT nextval('public.scheduled_task_record_id_seq'::regclass);


--
-- Name: seller id; Type: DEFAULT; Schema: public; Owner: postgres
--

ALTER TABLE ONLY public.seller ALTER COLUMN id SET DEFAULT nextval('public.seller_id_seq'::regclass);


--
-- Name: session id; Type: DEFAULT; Schema: public; Owner: postgres
--

ALTER TABLE ONLY public.session ALTER COLUMN id SET DEFAULT nextval('public.session_id_seq'::regclass);


--
-- Name: shipping_line id; Type: DEFAULT; Schema: public; Owner: postgres
--

ALTER TABLE ONLY public.shipping_line ALTER COLUMN id SET DEFAULT nextval('public.shipping_line_id_seq'::regclass);


--
-- Name: shipping_method id; Type: DEFAULT; Schema: public; Owner: postgres
--

ALTER TABLE ONLY public.shipping_method ALTER COLUMN id SET DEFAULT nextval('public.shipping_method_id_seq'::regclass);


--
-- Name: shipping_method_translation id; Type: DEFAULT; Schema: public; Owner: postgres
--

ALTER TABLE ONLY public.shipping_method_translation ALTER COLUMN id SET DEFAULT nextval('public.shipping_method_translation_id_seq'::regclass);


--
-- Name: stock_level id; Type: DEFAULT; Schema: public; Owner: postgres
--

ALTER TABLE ONLY public.stock_level ALTER COLUMN id SET DEFAULT nextval('public.stock_level_id_seq'::regclass);


--
-- Name: stock_location id; Type: DEFAULT; Schema: public; Owner: postgres
--

ALTER TABLE ONLY public.stock_location ALTER COLUMN id SET DEFAULT nextval('public.stock_location_id_seq'::regclass);


--
-- Name: stock_movement id; Type: DEFAULT; Schema: public; Owner: postgres
--

ALTER TABLE ONLY public.stock_movement ALTER COLUMN id SET DEFAULT nextval('public.stock_movement_id_seq'::regclass);


--
-- Name: surcharge id; Type: DEFAULT; Schema: public; Owner: postgres
--

ALTER TABLE ONLY public.surcharge ALTER COLUMN id SET DEFAULT nextval('public.surcharge_id_seq'::regclass);


--
-- Name: tag id; Type: DEFAULT; Schema: public; Owner: postgres
--

ALTER TABLE ONLY public.tag ALTER COLUMN id SET DEFAULT nextval('public.tag_id_seq'::regclass);


--
-- Name: tax_category id; Type: DEFAULT; Schema: public; Owner: postgres
--

ALTER TABLE ONLY public.tax_category ALTER COLUMN id SET DEFAULT nextval('public.tax_category_id_seq'::regclass);


--
-- Name: tax_rate id; Type: DEFAULT; Schema: public; Owner: postgres
--

ALTER TABLE ONLY public.tax_rate ALTER COLUMN id SET DEFAULT nextval('public.tax_rate_id_seq'::regclass);


--
-- Name: user id; Type: DEFAULT; Schema: public; Owner: postgres
--

ALTER TABLE ONLY public."user" ALTER COLUMN id SET DEFAULT nextval('public.user_id_seq'::regclass);


--
-- Name: zone id; Type: DEFAULT; Schema: public; Owner: postgres
--

ALTER TABLE ONLY public.zone ALTER COLUMN id SET DEFAULT nextval('public.zone_id_seq'::regclass);


--
-- Data for Name: address; Type: TABLE DATA; Schema: public; Owner: postgres
--

COPY public.address ("createdAt", "updatedAt", "fullName", company, "streetLine1", "streetLine2", city, province, "postalCode", "phoneNumber", "defaultShippingAddress", "defaultBillingAddress", id, "customerId", "countryId") FROM stdin;
\.


--
-- Data for Name: administrator; Type: TABLE DATA; Schema: public; Owner: postgres
--

COPY public.administrator ("createdAt", "updatedAt", "deletedAt", "firstName", "lastName", "emailAddress", id, "userId") FROM stdin;
2025-05-25 16:20:33.53874	2025-05-25 16:20:33.53874	\N	Super	Admin	superadmin	1	1
\.


--
-- Data for Name: asset; Type: TABLE DATA; Schema: public; Owner: postgres
--

COPY public.asset ("createdAt", "updatedAt", name, type, "mimeType", width, height, "fileSize", source, preview, "focalPoint", id) FROM stdin;
2025-05-25 16:20:35.630137	2025-05-25 16:20:35.630137	derick-david-409858-unsplash.jpg	IMAGE	image/jpeg	1600	1200	44525	source/b6/derick-david-409858-unsplash.jpg	preview/71/derick-david-409858-unsplash__preview.jpg	\N	1
2025-05-25 16:20:35.829304	2025-05-25 16:20:35.829304	kelly-sikkema-685291-unsplash.jpg	IMAGE	image/jpeg	1600	1067	47714	source/5a/kelly-sikkema-685291-unsplash.jpg	preview/b8/kelly-sikkema-685291-unsplash__preview.jpg	\N	2
2025-05-25 16:20:35.903786	2025-05-25 16:20:35.903786	oscar-ivan-esquivel-arteaga-687447-unsplash.jpg	IMAGE	image/jpeg	1600	1071	76870	source/0b/oscar-ivan-esquivel-arteaga-687447-unsplash.jpg	preview/a1/oscar-ivan-esquivel-arteaga-687447-unsplash__preview.jpg	\N	3
2025-05-25 16:20:35.956985	2025-05-25 16:20:35.956985	daniel-korpai-1302051-unsplash.jpg	IMAGE	image/jpeg	1280	1600	201064	source/28/daniel-korpai-1302051-unsplash.jpg	preview/d2/daniel-korpai-1302051-unsplash__preview.jpg	\N	4
2025-05-25 16:20:36.007849	2025-05-25 16:20:36.007849	alexandru-acea-686569-unsplash.jpg	IMAGE	image/jpeg	1067	1600	71196	source/e8/alexandru-acea-686569-unsplash.jpg	preview/9c/alexandru-acea-686569-unsplash__preview.jpg	\N	5
2025-05-25 16:20:36.088036	2025-05-25 16:20:36.088036	liam-briese-1128307-unsplash.jpg	IMAGE	image/jpeg	1600	1067	120523	source/2e/liam-briese-1128307-unsplash.jpg	preview/58/liam-briese-1128307-unsplash__preview.jpg	\N	6
2025-05-25 16:20:36.202938	2025-05-25 16:20:36.202938	florian-olivo-1166419-unsplash.jpg	IMAGE	image/jpeg	1067	1600	73904	source/63/florian-olivo-1166419-unsplash.jpg	preview/5a/florian-olivo-1166419-unsplash__preview.jpg	\N	7
2025-05-25 16:20:36.335215	2025-05-25 16:20:36.335215	vincent-botta-736919-unsplash.jpg	IMAGE	image/jpeg	1600	1200	87075	source/59/vincent-botta-736919-unsplash.jpg	preview/96/vincent-botta-736919-unsplash__preview.jpg	\N	8
2025-05-25 16:20:36.48438	2025-05-25 16:20:36.48438	juan-gomez-674574-unsplash.jpg	IMAGE	image/jpeg	1600	1060	60470	source/b8/juan-gomez-674574-unsplash.jpg	preview/09/juan-gomez-674574-unsplash__preview.jpg	\N	9
2025-05-25 16:20:36.523622	2025-05-25 16:20:36.523622	thomas-q-1229169-unsplash.jpg	IMAGE	image/jpeg	1600	1600	94113	source/86/thomas-q-1229169-unsplash.jpg	preview/7b/thomas-q-1229169-unsplash__preview.jpg	\N	10
2025-05-25 16:20:36.559991	2025-05-25 16:20:36.559991	adam-birkett-239153-unsplash.jpg	IMAGE	image/jpeg	1067	1600	17676	source/3c/adam-birkett-239153-unsplash.jpg	preview/64/adam-birkett-239153-unsplash__preview.jpg	\N	11
2025-05-25 16:20:36.59818	2025-05-25 16:20:36.59818	eniko-kis-663725-unsplash.jpg	IMAGE	image/jpeg	1600	1067	42943	source/1d/eniko-kis-663725-unsplash.jpg	preview/b5/eniko-kis-663725-unsplash__preview.jpg	\N	12
2025-05-25 16:20:36.657889	2025-05-25 16:20:36.657889	brandi-redd-104140-unsplash.jpg	IMAGE	image/jpeg	1600	1110	91458	source/21/brandi-redd-104140-unsplash.jpg	preview/9b/brandi-redd-104140-unsplash__preview.jpg	\N	13
2025-05-25 16:20:36.699312	2025-05-25 16:20:36.699312	jonathan-talbert-697262-unsplash.jpg	IMAGE	image/jpeg	1067	1600	103011	source/69/jonathan-talbert-697262-unsplash.jpg	preview/3c/jonathan-talbert-697262-unsplash__preview.jpg	\N	14
2025-05-25 16:20:36.740186	2025-05-25 16:20:36.740186	zoltan-tasi-423051-unsplash.jpg	IMAGE	image/jpeg	1067	1600	49099	source/92/zoltan-tasi-423051-unsplash.jpg	preview/21/zoltan-tasi-423051-unsplash__preview.jpg	\N	15
2025-05-25 16:20:36.786739	2025-05-25 16:20:36.786739	jakob-owens-274337-unsplash.jpg	IMAGE	image/jpeg	1600	1067	213089	source/cf/jakob-owens-274337-unsplash.jpg	preview/5b/jakob-owens-274337-unsplash__preview.jpg	\N	16
2025-05-25 16:20:36.830599	2025-05-25 16:20:36.830599	patrick-brinksma-663044-unsplash.jpg	IMAGE	image/jpeg	1600	1067	190811	source/0f/patrick-brinksma-663044-unsplash.jpg	preview/bc/patrick-brinksma-663044-unsplash__preview.jpg	\N	17
2025-05-25 16:20:36.885582	2025-05-25 16:20:36.885582	chuttersnap-324234-unsplash.jpg	IMAGE	image/jpeg	1600	1068	118442	source/df/chuttersnap-324234-unsplash.jpg	preview/95/chuttersnap-324234-unsplash__preview.jpg	\N	18
2025-05-25 16:20:36.924844	2025-05-25 16:20:36.924844	robert-shunev-528016-unsplash.jpg	IMAGE	image/jpeg	1600	1067	36204	source/9e/robert-shunev-528016-unsplash.jpg	preview/9d/robert-shunev-528016-unsplash__preview.jpg	\N	19
2025-05-25 16:20:36.965151	2025-05-25 16:20:36.965151	alexander-andrews-260988-unsplash.jpg	IMAGE	image/jpeg	1050	1600	65460	source/f8/alexander-andrews-260988-unsplash.jpg	preview/ef/alexander-andrews-260988-unsplash__preview.jpg	\N	20
2025-05-25 16:20:37.014039	2025-05-25 16:20:37.014039	mikkel-bech-748940-unsplash.jpg	IMAGE	image/jpeg	1600	1130	62785	source/29/mikkel-bech-748940-unsplash.jpg	preview/2f/mikkel-bech-748940-unsplash__preview.jpg	\N	21
2025-05-25 16:20:37.076995	2025-05-25 16:20:37.076995	stoica-ionela-530966-unsplash.jpg	IMAGE	image/jpeg	1600	1600	50995	source/b1/stoica-ionela-530966-unsplash.jpg	preview/34/stoica-ionela-530966-unsplash__preview.jpg	\N	22
2025-05-25 16:20:37.131513	2025-05-25 16:20:37.131513	neonbrand-428982-unsplash.jpg	IMAGE	image/jpeg	1600	1332	169677	source/3c/neonbrand-428982-unsplash.jpg	preview/4f/neonbrand-428982-unsplash__preview.jpg	\N	23
2025-05-25 16:20:37.174773	2025-05-25 16:20:37.174773	michael-guite-571169-unsplash.jpg	IMAGE	image/jpeg	1600	1067	240247	source/ab/michael-guite-571169-unsplash.jpg	preview/96/michael-guite-571169-unsplash__preview.jpg	\N	24
2025-05-25 16:20:37.221117	2025-05-25 16:20:37.221117	max-tarkhov-737999-unsplash.jpg	IMAGE	image/jpeg	1600	1280	192508	source/ed/max-tarkhov-737999-unsplash.jpg	preview/35/max-tarkhov-737999-unsplash__preview.jpg	\N	25
2025-05-25 16:20:37.267492	2025-05-25 16:20:37.267492	nik-shuliahin-619349-unsplash.jpg	IMAGE	image/jpeg	1600	1020	130437	source/87/nik-shuliahin-619349-unsplash.jpg	preview/d6/nik-shuliahin-619349-unsplash__preview.jpg	\N	26
2025-05-25 16:20:37.318778	2025-05-25 16:20:37.318778	ben-hershey-574483-unsplash.jpg	IMAGE	image/jpeg	1600	1070	77118	source/f3/ben-hershey-574483-unsplash.jpg	preview/30/ben-hershey-574483-unsplash__preview.jpg	\N	27
2025-05-25 16:20:37.368168	2025-05-25 16:20:37.368168	tommy-bebo-600358-unsplash.jpg	IMAGE	image/jpeg	1067	1600	262335	source/ac/tommy-bebo-600358-unsplash.jpg	preview/0f/tommy-bebo-600358-unsplash__preview.jpg	\N	28
2025-05-25 16:20:37.403347	2025-05-25 16:20:37.403347	chuttersnap-584518-unsplash.jpg	IMAGE	image/jpeg	1600	1068	76330	source/20/chuttersnap-584518-unsplash.jpg	preview/ed/chuttersnap-584518-unsplash__preview.jpg	\N	29
2025-05-25 16:20:37.593664	2025-05-25 16:20:37.593664	imani-clovis-234736-unsplash.jpg	IMAGE	image/jpeg	1600	1600	99111	source/de/imani-clovis-234736-unsplash.jpg	preview/0f/imani-clovis-234736-unsplash__preview.jpg	\N	30
2025-05-25 16:20:37.726489	2025-05-25 16:20:37.726489	xavier-teo-469050-unsplash.jpg	IMAGE	image/jpeg	1200	1600	167599	source/5c/xavier-teo-469050-unsplash.jpg	preview/3c/xavier-teo-469050-unsplash__preview.jpg	\N	31
2025-05-25 16:20:37.851933	2025-05-25 16:20:37.851933	thomas-serer-420833-unsplash.jpg	IMAGE	image/jpeg	1600	1223	78999	source/55/thomas-serer-420833-unsplash.jpg	preview/a2/thomas-serer-420833-unsplash__preview.jpg	\N	32
2025-05-25 16:20:37.970438	2025-05-25 16:20:37.970438	nikolai-chernichenko-1299748-unsplash.jpg	IMAGE	image/jpeg	1600	1067	56282	source/01/nikolai-chernichenko-1299748-unsplash.jpg	preview/00/nikolai-chernichenko-1299748-unsplash__preview.jpg	\N	33
2025-05-25 16:20:38.078312	2025-05-25 16:20:38.078312	mitch-lensink-256007-unsplash.jpg	IMAGE	image/jpeg	1600	1067	154988	source/2b/mitch-lensink-256007-unsplash.jpg	preview/aa/mitch-lensink-256007-unsplash__preview.jpg	\N	34
2025-05-25 16:20:38.20979	2025-05-25 16:20:38.20979	charles-deluvio-695736-unsplash.jpg	IMAGE	image/jpeg	1600	1600	54419	source/92/charles-deluvio-695736-unsplash.jpg	preview/78/charles-deluvio-695736-unsplash__preview.jpg	\N	35
2025-05-25 16:20:38.278308	2025-05-25 16:20:38.278308	natalia-y-345738-unsplash.jpg	IMAGE	image/jpeg	900	1600	97819	source/17/natalia-y-345738-unsplash.jpg	preview/14/natalia-y-345738-unsplash__preview.jpg	\N	36
2025-05-25 16:20:38.327186	2025-05-25 16:20:38.327186	alex-rodriguez-santibanez-200278-unsplash.jpg	IMAGE	image/jpeg	1600	1067	176280	source/ff/alex-rodriguez-santibanez-200278-unsplash.jpg	preview/5b/alex-rodriguez-santibanez-200278-unsplash__preview.jpg	\N	37
2025-05-25 16:20:38.407641	2025-05-25 16:20:38.407641	caleb-george-536388-unsplash.jpg	IMAGE	image/jpeg	1200	1600	184968	source/f0/caleb-george-536388-unsplash.jpg	preview/6d/caleb-george-536388-unsplash__preview.jpg	\N	39
2025-05-25 16:20:38.482705	2025-05-25 16:20:38.482705	zoltan-kovacs-642412-unsplash.jpg	IMAGE	image/jpeg	1067	1600	72752	source/e3/zoltan-kovacs-642412-unsplash.jpg	preview/88/zoltan-kovacs-642412-unsplash__preview.jpg	\N	41
2025-05-25 16:20:38.814178	2025-05-25 16:20:38.814178	abel-y-costa-716024-unsplash.jpg	IMAGE	image/jpeg	1600	1067	103392	source/46/abel-y-costa-716024-unsplash.jpg	preview/40/abel-y-costa-716024-unsplash__preview.jpg	\N	49
2025-05-25 16:20:38.904017	2025-05-25 16:20:38.904017	andres-jasso-220776-unsplash.jpg	IMAGE	image/jpeg	1600	1104	100927	source/f1/andres-jasso-220776-unsplash.jpg	preview/09/andres-jasso-220776-unsplash__preview.jpg	\N	51
2025-05-25 16:20:39.029869	2025-05-25 16:20:39.029869	jean-philippe-delberghe-1400011-unsplash.jpg	IMAGE	image/jpeg	1067	1600	64529	source/94/jean-philippe-delberghe-1400011-unsplash.jpg	preview/b1/jean-philippe-delberghe-1400011-unsplash__preview.jpg	\N	54
2025-05-25 16:20:38.366123	2025-05-25 16:20:38.366123	silvia-agrasar-227575-unsplash.jpg	IMAGE	image/jpeg	1600	1063	119654	source/d5/silvia-agrasar-227575-unsplash.jpg	preview/29/silvia-agrasar-227575-unsplash__preview.jpg	\N	38
2025-05-25 16:20:38.444917	2025-05-25 16:20:38.444917	annie-spratt-78044-unsplash.jpg	IMAGE	image/jpeg	1115	1600	173536	source/f1/annie-spratt-78044-unsplash.jpg	preview/81/annie-spratt-78044-unsplash__preview.jpg	\N	40
2025-05-25 16:20:38.567425	2025-05-25 16:20:38.567425	vincent-liu-525429-unsplash.jpg	IMAGE	image/jpeg	1600	1067	77358	source/10/vincent-liu-525429-unsplash.jpg	preview/44/vincent-liu-525429-unsplash__preview.jpg	\N	43
2025-05-25 16:20:38.652949	2025-05-25 16:20:38.652949	florian-klauer-14840-unsplash.jpg	IMAGE	image/jpeg	800	1200	17149	source/a9/florian-klauer-14840-unsplash.jpg	preview/ef/florian-klauer-14840-unsplash__preview.jpg	\N	45
2025-05-25 16:20:38.774478	2025-05-25 16:20:38.774478	pierre-chatel-innocenti-483198-unsplash.jpg	IMAGE	image/jpeg	1600	1067	32036	source/39/pierre-chatel-innocenti-483198-unsplash.jpg	preview/5f/pierre-chatel-innocenti-483198-unsplash__preview.jpg	\N	48
2025-05-25 16:20:38.863169	2025-05-25 16:20:38.863169	kari-shea-398668-unsplash.jpg	IMAGE	image/jpeg	1048	1500	181352	source/4f/kari-shea-398668-unsplash.jpg	preview/3b/kari-shea-398668-unsplash__preview.jpg	\N	50
2025-05-25 16:20:38.990307	2025-05-25 16:20:38.990307	benjamin-voros-310026-unsplash.jpg	IMAGE	image/jpeg	1200	1600	218391	source/7a/benjamin-voros-310026-unsplash.jpg	preview/72/benjamin-voros-310026-unsplash__preview.jpg	\N	53
2025-05-25 16:20:38.526776	2025-05-25 16:20:38.526776	mark-tegethoff-667351-unsplash.jpg	IMAGE	image/jpeg	1600	1200	79857	source/e6/mark-tegethoff-667351-unsplash.jpg	preview/f3/mark-tegethoff-667351-unsplash__preview.jpg	\N	42
2025-05-25 16:20:38.620089	2025-05-25 16:20:38.620089	neslihan-gunaydin-3493-unsplash.jpg	IMAGE	image/jpeg	1600	1067	152486	source/01/neslihan-gunaydin-3493-unsplash.jpg	preview/7d/neslihan-gunaydin-3493-unsplash__preview.jpg	\N	44
2025-05-25 16:20:38.690292	2025-05-25 16:20:38.690292	nathan-fertig-249917-unsplash.jpg	IMAGE	image/jpeg	1600	1067	113855	source/68/nathan-fertig-249917-unsplash.jpg	preview/69/nathan-fertig-249917-unsplash__preview.jpg	\N	46
2025-05-25 16:20:38.731424	2025-05-25 16:20:38.731424	paul-weaver-1120584-unsplash.jpg	IMAGE	image/jpeg	1600	1067	65612	source/14/paul-weaver-1120584-unsplash.jpg	preview/3e/paul-weaver-1120584-unsplash__preview.jpg	\N	47
2025-05-25 16:20:38.946969	2025-05-25 16:20:38.946969	ruslan-bardash-351288-unsplash.jpg	IMAGE	image/jpeg	1067	1600	47113	source/95/ruslan-bardash-351288-unsplash.jpg	preview/d0/ruslan-bardash-351288-unsplash__preview.jpg	\N	52
\.


--
-- Data for Name: asset_channels_channel; Type: TABLE DATA; Schema: public; Owner: postgres
--

COPY public.asset_channels_channel ("assetId", "channelId") FROM stdin;
1	1
2	1
3	1
4	1
5	1
6	1
7	1
8	1
9	1
10	1
11	1
12	1
13	1
14	1
15	1
16	1
17	1
18	1
19	1
20	1
21	1
22	1
23	1
24	1
25	1
26	1
27	1
28	1
29	1
30	1
31	1
32	1
33	1
34	1
35	1
36	1
37	1
38	1
39	1
40	1
41	1
42	1
43	1
44	1
45	1
46	1
47	1
48	1
49	1
50	1
51	1
52	1
53	1
54	1
\.


--
-- Data for Name: asset_tags_tag; Type: TABLE DATA; Schema: public; Owner: postgres
--

COPY public.asset_tags_tag ("assetId", "tagId") FROM stdin;
\.


--
-- Data for Name: authentication_method; Type: TABLE DATA; Schema: public; Owner: postgres
--

COPY public.authentication_method ("createdAt", "updatedAt", identifier, "passwordHash", "verificationToken", "passwordResetToken", "identifierChangeToken", "pendingIdentifier", strategy, "externalIdentifier", metadata, id, type, "userId") FROM stdin;
2025-05-25 16:20:33.529022	2025-05-25 16:20:33.53293	superadmin	$2b$12$.duny9gaPg359GLyWaAEpuU13yX9KXLPxvnxgYcDhSpS4FenW3isq	\N	\N	\N	\N	\N	\N	\N	1	NativeAuthenticationMethod	1
\.


--
-- Data for Name: channel; Type: TABLE DATA; Schema: public; Owner: postgres
--

COPY public.channel ("createdAt", "updatedAt", code, token, description, "defaultLanguageCode", "availableLanguageCodes", "defaultCurrencyCode", "availableCurrencyCodes", "trackInventory", "outOfStockThreshold", "pricesIncludeTax", id, "sellerId", "defaultTaxZoneId", "defaultShippingZoneId") FROM stdin;
2025-05-25 16:20:33.335982	2025-05-25 16:20:35.567333	__default_channel__	db6rg7iofk0afkkrcrp		en	en	USD	USD	t	0	f	1	1	2	2
\.


--
-- Data for Name: collection; Type: TABLE DATA; Schema: public; Owner: postgres
--

COPY public.collection ("createdAt", "updatedAt", "isRoot", "position", "isPrivate", filters, "inheritFilters", id, "parentId", "featuredAssetId") FROM stdin;
2025-05-25 16:20:39.148674	2025-05-25 16:20:39.148674	t	0	f	[]	t	1	\N	\N
2025-05-25 16:20:39.15604	2025-05-25 16:20:39.15604	f	1	f	[{"code":"facet-value-filter","args":[{"name":"facetValueIds","value":"[1]"},{"name":"containsAny","value":"false"}]}]	t	2	1	16
2025-05-25 16:20:39.174172	2025-05-25 16:20:39.174172	f	1	f	[{"code":"facet-value-filter","args":[{"name":"facetValueIds","value":"[2]"},{"name":"containsAny","value":"false"}]}]	t	3	2	5
2025-05-25 16:20:39.192164	2025-05-25 16:20:39.192164	f	2	f	[{"code":"facet-value-filter","args":[{"name":"facetValueIds","value":"[9]"},{"name":"containsAny","value":"false"}]}]	t	4	2	12
2025-05-25 16:20:39.213565	2025-05-25 16:20:39.213565	f	2	f	[{"code":"facet-value-filter","args":[{"name":"facetValueIds","value":"[30]"},{"name":"containsAny","value":"false"}]}]	t	5	1	47
2025-05-25 16:20:39.229841	2025-05-25 16:20:39.229841	f	1	f	[{"code":"facet-value-filter","args":[{"name":"facetValueIds","value":"[34]"},{"name":"containsAny","value":"false"}]}]	t	6	5	46
2025-05-25 16:20:39.245724	2025-05-25 16:20:39.245724	f	2	f	[{"code":"facet-value-filter","args":[{"name":"facetValueIds","value":"[31]"},{"name":"containsAny","value":"false"}]}]	t	7	5	37
2025-05-25 16:20:39.261466	2025-05-25 16:20:39.261466	f	3	f	[{"code":"facet-value-filter","args":[{"name":"facetValueIds","value":"[17]"},{"name":"containsAny","value":"false"}]}]	t	8	1	24
2025-05-25 16:20:39.277778	2025-05-25 16:20:39.277778	f	1	f	[{"code":"facet-value-filter","args":[{"name":"facetValueIds","value":"[18]"},{"name":"containsAny","value":"false"}]}]	t	9	8	23
2025-05-25 16:20:39.28988	2025-05-25 16:20:39.28988	f	2	f	[{"code":"facet-value-filter","args":[{"name":"facetValueIds","value":"[23]"},{"name":"containsAny","value":"false"}]}]	t	10	8	32
\.


--
-- Data for Name: collection_asset; Type: TABLE DATA; Schema: public; Owner: postgres
--

COPY public.collection_asset ("createdAt", "updatedAt", "assetId", "position", "collectionId", id) FROM stdin;
2025-05-25 16:20:39.161889	2025-05-25 16:20:39.161889	16	0	2	1
2025-05-25 16:20:39.17963	2025-05-25 16:20:39.17963	5	0	3	2
2025-05-25 16:20:39.199188	2025-05-25 16:20:39.199188	12	0	4	3
2025-05-25 16:20:39.217505	2025-05-25 16:20:39.217505	47	0	5	4
2025-05-25 16:20:39.233246	2025-05-25 16:20:39.233246	46	0	6	5
2025-05-25 16:20:39.249267	2025-05-25 16:20:39.249267	37	0	7	6
2025-05-25 16:20:39.265314	2025-05-25 16:20:39.265314	24	0	8	7
2025-05-25 16:20:39.281222	2025-05-25 16:20:39.281222	23	0	9	8
2025-05-25 16:20:39.295408	2025-05-25 16:20:39.295408	32	0	10	9
\.


--
-- Data for Name: collection_channels_channel; Type: TABLE DATA; Schema: public; Owner: postgres
--

COPY public.collection_channels_channel ("collectionId", "channelId") FROM stdin;
1	1
2	1
3	1
4	1
5	1
6	1
7	1
8	1
9	1
10	1
\.


--
-- Data for Name: collection_closure; Type: TABLE DATA; Schema: public; Owner: postgres
--

COPY public.collection_closure (id_ancestor, id_descendant) FROM stdin;
1	1
2	2
1	2
3	3
2	3
1	3
4	4
2	4
1	4
5	5
1	5
6	6
5	6
1	6
7	7
5	7
1	7
8	8
1	8
9	9
8	9
1	9
10	10
8	10
1	10
\.


--
-- Data for Name: collection_product_variants_product_variant; Type: TABLE DATA; Schema: public; Owner: postgres
--

COPY public.collection_product_variants_product_variant ("collectionId", "productVariantId") FROM stdin;
2	1
2	2
2	3
2	4
2	5
2	6
2	7
2	8
2	9
2	10
2	11
2	12
2	13
2	14
2	15
2	16
2	17
2	18
2	19
2	20
2	21
2	22
2	23
2	24
2	25
2	26
2	27
2	28
2	29
2	30
2	31
2	32
2	33
2	34
3	1
3	2
3	3
3	4
3	5
3	6
3	7
3	8
3	9
3	10
3	11
3	12
3	13
3	14
3	15
3	16
3	17
3	18
3	19
3	20
3	21
3	22
3	23
3	24
3	25
4	26
4	27
4	28
4	29
4	30
4	31
4	32
4	33
4	34
5	67
5	68
5	69
5	70
5	71
5	72
5	73
5	74
5	75
5	76
5	77
5	78
5	79
5	80
5	81
5	82
5	83
5	84
5	85
5	86
5	87
5	88
6	75
6	77
6	78
6	79
6	80
6	81
6	82
6	83
6	84
6	85
6	86
6	87
6	88
7	67
7	68
7	69
7	70
7	71
7	72
7	73
7	74
7	76
8	35
8	36
8	37
8	38
8	39
8	40
8	41
8	42
8	43
8	44
8	45
8	46
8	47
8	48
8	49
8	50
8	51
8	52
8	53
8	54
8	55
8	56
8	57
8	58
8	59
8	60
8	61
8	62
8	63
8	64
8	65
8	66
9	35
9	36
9	37
9	38
9	39
9	40
9	41
9	42
10	43
10	44
10	45
10	46
10	47
10	48
10	49
10	50
10	51
10	52
10	53
10	54
10	55
10	56
10	57
10	58
10	59
10	60
10	61
10	62
10	63
10	64
10	65
10	66
\.


--
-- Data for Name: collection_translation; Type: TABLE DATA; Schema: public; Owner: postgres
--

COPY public.collection_translation ("createdAt", "updatedAt", "languageCode", name, slug, description, id, "baseId") FROM stdin;
2025-05-25 16:20:39.145726	2025-05-25 16:20:39.148674	en	__root_collection__	__root_collection__	The root of the Collection tree.	2	1
2025-05-25 16:20:39.141436	2025-05-25 16:20:39.15604	en	Electronics	electronics		1	2
2025-05-25 16:20:39.170934	2025-05-25 16:20:39.174172	en	Computers	computers		3	3
2025-05-25 16:20:39.187926	2025-05-25 16:20:39.192164	en	Camera & Photo	camera-photo		4	4
2025-05-25 16:20:39.209744	2025-05-25 16:20:39.213565	en	Home & Garden	home-garden		5	5
2025-05-25 16:20:39.22543	2025-05-25 16:20:39.229841	en	Furniture	furniture		6	6
2025-05-25 16:20:39.241319	2025-05-25 16:20:39.245724	en	Plants	plants		7	7
2025-05-25 16:20:39.255452	2025-05-25 16:20:39.261466	en	Sports & Outdoor	sports-outdoor		8	8
2025-05-25 16:20:39.273213	2025-05-25 16:20:39.277778	en	Equipment	equipment		9	9
2025-05-25 16:20:39.286884	2025-05-25 16:20:39.28988	en	Footwear	footwear		10	10
\.


--
-- Data for Name: customer; Type: TABLE DATA; Schema: public; Owner: postgres
--

COPY public.customer ("createdAt", "updatedAt", "deletedAt", title, "firstName", "lastName", "phoneNumber", "emailAddress", id, "userId") FROM stdin;
\.


--
-- Data for Name: customer_channels_channel; Type: TABLE DATA; Schema: public; Owner: postgres
--

COPY public.customer_channels_channel ("customerId", "channelId") FROM stdin;
\.


--
-- Data for Name: customer_group; Type: TABLE DATA; Schema: public; Owner: postgres
--

COPY public.customer_group ("createdAt", "updatedAt", name, id) FROM stdin;
\.


--
-- Data for Name: customer_groups_customer_group; Type: TABLE DATA; Schema: public; Owner: postgres
--

COPY public.customer_groups_customer_group ("customerId", "customerGroupId") FROM stdin;
\.


--
-- Data for Name: facet; Type: TABLE DATA; Schema: public; Owner: postgres
--

COPY public.facet ("createdAt", "updatedAt", "isPrivate", code, id) FROM stdin;
2025-05-25 16:20:35.641962	2025-05-25 16:20:35.641962	f	category	1
2025-05-25 16:20:35.671357	2025-05-25 16:20:35.671357	f	brand	2
2025-05-25 16:20:37.425277	2025-05-25 16:20:37.425277	f	color	3
2025-05-25 16:20:38.228943	2025-05-25 16:20:38.228943	f	plant-type	4
\.


--
-- Data for Name: facet_channels_channel; Type: TABLE DATA; Schema: public; Owner: postgres
--

COPY public.facet_channels_channel ("facetId", "channelId") FROM stdin;
1	1
2	1
3	1
4	1
\.


--
-- Data for Name: facet_translation; Type: TABLE DATA; Schema: public; Owner: postgres
--

COPY public.facet_translation ("createdAt", "updatedAt", "languageCode", name, id, "baseId") FROM stdin;
2025-05-25 16:20:35.63758	2025-05-25 16:20:35.641962	en	category	1	1
2025-05-25 16:20:35.668114	2025-05-25 16:20:35.671357	en	brand	2	2
2025-05-25 16:20:37.421771	2025-05-25 16:20:37.425277	en	color	3	3
2025-05-25 16:20:38.227096	2025-05-25 16:20:38.228943	en	plant type	4	4
\.


--
-- Data for Name: facet_value; Type: TABLE DATA; Schema: public; Owner: postgres
--

COPY public.facet_value ("createdAt", "updatedAt", code, id, "facetId") FROM stdin;
2025-05-25 16:20:35.652757	2025-05-25 16:20:35.652757	electronics	1	1
2025-05-25 16:20:35.660682	2025-05-25 16:20:35.660682	computers	2	1
2025-05-25 16:20:35.680657	2025-05-25 16:20:35.680657	apple	3	2
2025-05-25 16:20:35.908618	2025-05-25 16:20:35.908618	logitech	4	2
2025-05-25 16:20:35.962645	2025-05-25 16:20:35.962645	samsung	5	2
2025-05-25 16:20:36.094577	2025-05-25 16:20:36.094577	corsair	6	2
2025-05-25 16:20:36.210578	2025-05-25 16:20:36.210578	admi	7	2
2025-05-25 16:20:36.340702	2025-05-25 16:20:36.340702	seagate	8	2
2025-05-25 16:20:36.602689	2025-05-25 16:20:36.602689	photo	9	1
2025-05-25 16:20:36.610748	2025-05-25 16:20:36.610748	polaroid	10	2
2025-05-25 16:20:36.662639	2025-05-25 16:20:36.662639	nikkon	11	2
2025-05-25 16:20:36.70457	2025-05-25 16:20:36.70457	agfa	12	2
2025-05-25 16:20:36.744692	2025-05-25 16:20:36.744692	manfrotto	13	2
2025-05-25 16:20:36.790612	2025-05-25 16:20:36.790612	kodak	14	2
2025-05-25 16:20:36.836605	2025-05-25 16:20:36.836605	sony	15	2
2025-05-25 16:20:36.970594	2025-05-25 16:20:36.970594	rolleiflex	16	2
2025-05-25 16:20:37.018564	2025-05-25 16:20:37.018564	sports-outdoor	17	1
2025-05-25 16:20:37.024579	2025-05-25 16:20:37.024579	equipment	18	1
2025-05-25 16:20:37.03067	2025-05-25 16:20:37.03067	pinarello	19	2
2025-05-25 16:20:37.082776	2025-05-25 16:20:37.082776	everlast	20	2
2025-05-25 16:20:37.274614	2025-05-25 16:20:37.274614	nike	21	2
2025-05-25 16:20:37.3246	2025-05-25 16:20:37.3246	wilson	22	2
2025-05-25 16:20:37.408652	2025-05-25 16:20:37.408652	footwear	23	1
2025-05-25 16:20:37.41657	2025-05-25 16:20:37.41657	adidas	24	2
2025-05-25 16:20:37.437475	2025-05-25 16:20:37.437475	blue	25	3
2025-05-25 16:20:37.450843	2025-05-25 16:20:37.450843	pink	26	3
2025-05-25 16:20:37.598617	2025-05-25 16:20:37.598617	black	27	3
2025-05-25 16:20:37.732646	2025-05-25 16:20:37.732646	white	28	3
2025-05-25 16:20:38.086593	2025-05-25 16:20:38.086593	converse	29	2
2025-05-25 16:20:38.214644	2025-05-25 16:20:38.214644	home-garden	30	1
2025-05-25 16:20:38.222586	2025-05-25 16:20:38.222586	plants	31	1
2025-05-25 16:20:38.236609	2025-05-25 16:20:38.236609	indoor	32	4
2025-05-25 16:20:38.28263	2025-05-25 16:20:38.28263	outdoor	33	4
2025-05-25 16:20:38.572639	2025-05-25 16:20:38.572639	furniture	34	1
2025-05-25 16:20:38.580703	2025-05-25 16:20:38.580703	gray	35	3
2025-05-25 16:20:38.736596	2025-05-25 16:20:38.736596	brown	36	3
2025-05-25 16:20:38.818731	2025-05-25 16:20:38.818731	wood	37	3
2025-05-25 16:20:39.064615	2025-05-25 16:20:39.064615	yellow	38	3
2025-05-25 16:20:39.088761	2025-05-25 16:20:39.088761	green	39	3
\.


--
-- Data for Name: facet_value_channels_channel; Type: TABLE DATA; Schema: public; Owner: postgres
--

COPY public.facet_value_channels_channel ("facetValueId", "channelId") FROM stdin;
1	1
2	1
3	1
4	1
5	1
6	1
7	1
8	1
9	1
10	1
11	1
12	1
13	1
14	1
15	1
16	1
17	1
18	1
19	1
20	1
21	1
22	1
23	1
24	1
25	1
26	1
27	1
28	1
29	1
30	1
31	1
32	1
33	1
34	1
35	1
36	1
37	1
38	1
39	1
\.


--
-- Data for Name: facet_value_translation; Type: TABLE DATA; Schema: public; Owner: postgres
--

COPY public.facet_value_translation ("createdAt", "updatedAt", "languageCode", name, id, "baseId") FROM stdin;
2025-05-25 16:20:35.650406	2025-05-25 16:20:35.652757	en	Electronics	1	1
2025-05-25 16:20:35.658852	2025-05-25 16:20:35.660682	en	Computers	2	2
2025-05-25 16:20:35.677183	2025-05-25 16:20:35.680657	en	Apple	3	3
2025-05-25 16:20:35.906744	2025-05-25 16:20:35.908618	en	Logitech	4	4
2025-05-25 16:20:35.960661	2025-05-25 16:20:35.962645	en	Samsung	5	5
2025-05-25 16:20:36.092754	2025-05-25 16:20:36.094577	en	Corsair	6	6
2025-05-25 16:20:36.206753	2025-05-25 16:20:36.210578	en	ADMI	7	7
2025-05-25 16:20:36.338793	2025-05-25 16:20:36.340702	en	Seagate	8	8
2025-05-25 16:20:36.600689	2025-05-25 16:20:36.602689	en	Photo	9	9
2025-05-25 16:20:36.608855	2025-05-25 16:20:36.610748	en	Polaroid	10	10
2025-05-25 16:20:36.660572	2025-05-25 16:20:36.662639	en	Nikkon	11	11
2025-05-25 16:20:36.702612	2025-05-25 16:20:36.70457	en	Agfa	12	12
2025-05-25 16:20:36.742613	2025-05-25 16:20:36.744692	en	Manfrotto	13	13
2025-05-25 16:20:36.788706	2025-05-25 16:20:36.790612	en	Kodak	14	14
2025-05-25 16:20:36.834557	2025-05-25 16:20:36.836605	en	Sony	15	15
2025-05-25 16:20:36.969015	2025-05-25 16:20:36.970594	en	Rolleiflex	16	16
2025-05-25 16:20:37.016603	2025-05-25 16:20:37.018564	en	Sports & Outdoor	17	17
2025-05-25 16:20:37.02213	2025-05-25 16:20:37.024579	en	Equipment	18	18
2025-05-25 16:20:37.027707	2025-05-25 16:20:37.03067	en	Pinarello	19	19
2025-05-25 16:20:37.080739	2025-05-25 16:20:37.082776	en	Everlast	20	20
2025-05-25 16:20:37.270633	2025-05-25 16:20:37.274614	en	Nike	21	21
2025-05-25 16:20:37.322884	2025-05-25 16:20:37.3246	en	Wilson	22	22
2025-05-25 16:20:37.406636	2025-05-25 16:20:37.408652	en	Footwear	23	23
2025-05-25 16:20:37.414217	2025-05-25 16:20:37.41657	en	Adidas	24	24
2025-05-25 16:20:37.430427	2025-05-25 16:20:37.437475	en	blue	25	25
2025-05-25 16:20:37.448146	2025-05-25 16:20:37.450843	en	pink	26	26
2025-05-25 16:20:37.596619	2025-05-25 16:20:37.598617	en	black	27	27
2025-05-25 16:20:37.730844	2025-05-25 16:20:37.732646	en	white	28	28
2025-05-25 16:20:38.08264	2025-05-25 16:20:38.086593	en	Converse	29	29
2025-05-25 16:20:38.212681	2025-05-25 16:20:38.214644	en	Home & Garden	30	30
2025-05-25 16:20:38.220573	2025-05-25 16:20:38.222586	en	Plants	31	31
2025-05-25 16:20:38.234015	2025-05-25 16:20:38.236609	en	Indoor	32	32
2025-05-25 16:20:38.280593	2025-05-25 16:20:38.28263	en	Outdoor	33	33
2025-05-25 16:20:38.570639	2025-05-25 16:20:38.572639	en	Furniture	34	34
2025-05-25 16:20:38.577904	2025-05-25 16:20:38.580703	en	gray	35	35
2025-05-25 16:20:38.734579	2025-05-25 16:20:38.736596	en	brown	36	36
2025-05-25 16:20:38.816742	2025-05-25 16:20:38.818731	en	wood	37	37
2025-05-25 16:20:39.062624	2025-05-25 16:20:39.064615	en	yellow	38	38
2025-05-25 16:20:39.084551	2025-05-25 16:20:39.088761	en	green	39	39
\.


--
-- Data for Name: fulfillment; Type: TABLE DATA; Schema: public; Owner: postgres
--

COPY public.fulfillment ("createdAt", "updatedAt", state, "trackingCode", method, "handlerCode", id) FROM stdin;
\.


--
-- Data for Name: global_settings; Type: TABLE DATA; Schema: public; Owner: postgres
--

COPY public.global_settings ("createdAt", "updatedAt", "availableLanguages", "trackInventory", "outOfStockThreshold", id) FROM stdin;
2025-05-25 16:20:33.320643	2025-05-25 16:30:16.564162	en,hu	t	0	1
\.


--
-- Data for Name: history_entry; Type: TABLE DATA; Schema: public; Owner: postgres
--

COPY public.history_entry ("createdAt", "updatedAt", type, "isPublic", data, id, discriminator, "administratorId", "customerId", "orderId") FROM stdin;
2025-05-25 19:41:43.410267	2025-05-25 19:41:43.410267	ORDER_STATE_TRANSITION	t	{"from":"Created","to":"AddingItems"}	1	OrderHistoryEntry	\N	\N	1
\.


--
-- Data for Name: job_record; Type: TABLE DATA; Schema: public; Owner: postgres
--

COPY public.job_record ("createdAt", "updatedAt", "queueName", data, state, progress, result, error, "startedAt", "settledAt", "isSettled", retries, attempts, id) FROM stdin;
2025-05-25 16:20:35.764825	2025-05-25 16:20:36.023034	update-search-index	{"type":"update-variants","ctx":{"_apiType":"admin","_channel":{"token":"db6rg7iofk0afkkrcrp","createdAt":"2025-05-25T14:20:33.335Z","updatedAt":"2025-05-25T14:20:35.567Z","code":"__default_channel__","description":"","defaultLanguageCode":"en","availableLanguageCodes":["en"],"defaultCurrencyCode":"USD","availableCurrencyCodes":["USD"],"trackInventory":true,"outOfStockThreshold":0,"pricesIncludeTax":false,"id":1,"sellerId":1,"defaultShippingZone":{"createdAt":"2025-05-25T14:20:33.811Z","updatedAt":"2025-05-25T14:20:33.811Z","name":"Europe","id":2},"defaultTaxZone":{"createdAt":"2025-05-25T14:20:33.811Z","updatedAt":"2025-05-25T14:20:33.811Z","name":"Europe","id":2}},"_languageCode":"en","_currencyCode":"USD","_isAuthorized":true,"_authorizedAsOwnerOnly":false},"variantIds":[2]}	COMPLETED	100	true	\N	2025-05-25 18:20:35.992	2025-05-25 18:20:36.023	t	0	1	2
2025-05-25 16:20:35.74356	2025-05-25 16:20:35.830938	update-search-index	{"type":"update-variants","ctx":{"_apiType":"admin","_channel":{"token":"db6rg7iofk0afkkrcrp","createdAt":"2025-05-25T14:20:33.335Z","updatedAt":"2025-05-25T14:20:35.567Z","code":"__default_channel__","description":"","defaultLanguageCode":"en","availableLanguageCodes":["en"],"defaultCurrencyCode":"USD","availableCurrencyCodes":["USD"],"trackInventory":true,"outOfStockThreshold":0,"pricesIncludeTax":false,"id":1,"sellerId":1,"defaultShippingZone":{"createdAt":"2025-05-25T14:20:33.811Z","updatedAt":"2025-05-25T14:20:33.811Z","name":"Europe","id":2},"defaultTaxZone":{"createdAt":"2025-05-25T14:20:33.811Z","updatedAt":"2025-05-25T14:20:33.811Z","name":"Europe","id":2}},"_languageCode":"en","_currencyCode":"USD","_isAuthorized":true,"_authorizedAsOwnerOnly":false},"variantIds":[1]}	COMPLETED	100	true	\N	2025-05-25 18:20:35.784	2025-05-25 18:20:35.831	t	0	1	1
2025-05-28 15:42:07.870584	2025-05-28 15:42:08.080515	send-email	{"ctx":{"_req":{"_events":{},"_readableState":{"highWaterMark":65536,"buffer":[],"bufferIndex":0,"length":0,"pipes":[],"awaitDrainWriters":null},"socket":{"connecting":false,"_hadError":false,"_parent":null,"_host":null,"_closeAfterHandlingError":false,"allowHalfOpen":true,"_eventsCount":8,"_sockname":null,"_pendingData":null,"_pendingEncoding":"","_paused":false,"_httpMessage":null,"timeout":6000,"bytesRead":4854,"remoteAddress":"::1","remoteFamily":"IPv6","remotePort":57234,"localAddress":"::1","localPort":3000,"localFamily":"IPv6","_bytesDispatched":8437,"bytesWritten":8437},"httpVersionMajor":1,"httpVersionMinor":1,"httpVersion":"1.1","complete":true,"rawHeaders":["Host","localhost:3000","Connection","keep-alive","sec-ch-ua-platform","\\"Linux\\"","User-Agent","Mozilla/5.0 (X11; Linux x86_64) AppleWebKit/537.36 (KHTML, like Gecko) Chrome/136.0.0.0 Safari/537.36","sec-ch-ua","\\"Chromium\\";v=\\"136\\", \\"Google Chrome\\";v=\\"136\\", \\"Not.A/Brand\\";v=\\"99\\"","DNT","1","sec-ch-ua-mobile","?0","Accept","*/*","Sec-Fetch-Site","same-origin","Sec-Fetch-Mode","cors","Sec-Fetch-Dest","empty","Referer","http://localhost:3000/mailbox","Accept-Encoding","gzip, deflate, br, zstd","Accept-Language","hu-HU,hu;q=0.9,en-US;q=0.8,en;q=0.7","Cookie","session=eyJ0b2tlbiI6ImRkZjYwNTgxN2UyZjQ1NWFkNmU5OThmYWNiYTYwNDI3ZWZiMDA4NmU5OGQ5ODkxOWUzYmY1ZGZkYjFjZGI1NmIifQ==; session.sig=M3x3ui9xGAyJ711mcvSmLYaSrUE"],"rawTrailers":[],"joinDuplicateHeaders":null,"aborted":false,"upgrade":false,"url":"/generate/order-confirmation/en","method":"GET","statusCode":null,"statusMessage":null,"client":{"connecting":false,"_hadError":false,"_parent":null,"_host":null,"_closeAfterHandlingError":false,"allowHalfOpen":true,"_eventsCount":8,"_pendingData":null,"_pendingEncoding":"","_paused":false,"_httpMessage":null,"timeout":6000,"bytesRead":4854,"remoteAddress":"::1","remoteFamily":"IPv6","remotePort":57234,"localAddress":"::1","localPort":3000,"localFamily":"IPv6","_bytesDispatched":8437,"bytesWritten":8437},"_consuming":false,"_dumped":true,"res":{"_eventsCount":1,"outputData":[],"outputSize":0,"writable":true,"destroyed":true,"_last":false,"chunkedEncoding":false,"shouldKeepAlive":true,"maxRequestsOnConnectionReached":false,"_defaultKeepAlive":true,"useChunkedEncodingByDefault":true,"sendDate":true,"_removedConnection":false,"_removedContLen":false,"_removedTE":false,"strictContentLength":false,"_contentLength":"16","_hasBody":true,"_trailer":"","finished":true,"_headerSent":true,"_closed":true,"_header":"HTTP/1.1 200 OK\\r\\nX-Powered-By: Express\\r\\nVary: Origin\\r\\nAccess-Control-Allow-Credentials: true\\r\\nAccess-Control-Expose-Headers: vendure-auth-token\\r\\nContent-Type: application/json; charset=utf-8\\r\\nContent-Length: 16\\r\\nETag: W/\\"10-oV4hJxRVSENxc/wX8+mA4/Pe4tA\\"\\r\\nDate: Wed, 28 May 2025 15:42:07 GMT\\r\\nConnection: keep-alive\\r\\nKeep-Alive: timeout=5\\r\\n\\r\\n","_keepAliveTimeout":5000,"_sent100":false,"_expect_continue":false,"_maxRequestsPerSocket":0,"statusCode":200,"statusMessage":"OK","headersSent":true},"next":{},"baseUrl":"/mailbox","originalUrl":"/mailbox/generate/order-confirmation/en","_parsedUrl":{"protocol":null,"slashes":null,"auth":null,"host":null,"port":null,"hostname":null,"hash":null,"search":null,"query":null,"pathname":"/generate/order-confirmation/en","path":"/generate/order-confirmation/en","href":"/generate/order-confirmation/en","_raw":"/generate/order-confirmation/en"},"params":{"type":"order-confirmation","languageCode":"en"},"sessionOptions":{"secret":"eXDF5pUejDTDetLsJWFm2g","httpOnly":true,"sameSite":"lax","name":"session","overwrite":true,"signed":true},"session":{"token":"ddf605817e2f455ad6e998facba60427efb0086e98d98919e3bf5dfdb1cdb56b"},"route":{"path":"/generate/:type/:languageCode","stack":[{"keys":[],"name":"<anonymous>","slash":false,"matchers":[null],"method":"get"}]},"_eventsCount":1,"app":{"_eventsCount":1,"mountpath":"/"},"header":{},"get":{},"accepts":{},"acceptsEncodings":{},"acceptsCharsets":{},"acceptsLanguages":{},"range":{},"query":{},"is":{},"protocol":"http","secure":false,"ip":"::1","ips":[],"subdomains":[],"path":"/generate/order-confirmation/en","hostname":"localhost","fresh":false,"stale":true,"xhr":false,"setTimeout":{},"_read":{},"_destroy":{},"_addHeaderLines":{},"_addHeaderLine":{},"_addHeaderLineDistinct":{},"_dump":{},"destroy":{},"_undestroy":{},"push":{},"unshift":{},"isPaused":{},"setEncoding":{},"read":{},"pipe":{},"unpipe":{},"on":{},"addListener":{},"removeListener":{},"off":{},"removeAllListeners":{},"resume":{},"pause":{},"wrap":{},"iterator":{},"eventNames":{},"setMaxListeners":{},"getMaxListeners":{},"emit":{},"prependListener":{},"once":{},"prependOnceListener":{},"listeners":{},"rawListeners":{},"listenerCount":{}},"_apiType":"admin","_channel":{"token":"yzyo26ec1s08gtol7y2d"},"_session":{},"_languageCode":"en","_isAuthorized":false,"_authorizedAsOwnerOnly":true},"type":"order-confirmation","recipient":"test@test.com","from":"{{ fromAddress }}","templateVars":{"fromAddress":"\\"example\\" <noreply@example.com>","verifyEmailAddressUrl":"http://localhost:8080/verify","passwordResetUrl":"http://localhost:8080/password-reset","changeEmailAddressUrl":"http://localhost:8080/verify-email-address-change","order":{"id":"6","currencyCode":"USD","createdAt":"2018-10-31T11:18:29.261Z","updatedAt":"2018-10-31T15:24:17.000Z","orderPlacedAt":"2018-10-31T13:54:17.000Z","code":"T3EPGJKTVZPBD6Z9","state":"ArrangingPayment","active":true,"customer":{"id":"3","firstName":"Test","lastName":"Customer","emailAddress":"test@test.com"},"lines":[{"id":"5","featuredAsset":{"preview":"http://localhost:3000/assets//mailbox/placeholder-image"},"productVariant":{"id":"2","name":"Curvy Monitor 24 inch","sku":"C24F390","price":0,"priceWithTax":0},"quantity":1,"listPrice":14374,"listPriceIncludesTax":true,"adjustments":[{"adjustmentSource":"Promotion:1","type":"PROMOTION","amount":-1000,"description":"$10 off computer equipment"}],"taxLines":[],"unitPrice":14374,"unitPriceWithTax":14374,"unitPriceChangeSinceAdded":null,"unitPriceWithTaxChangeSinceAdded":null,"discountedUnitPrice":null,"discountedUnitPriceWithTax":null,"proratedUnitPrice":null,"proratedUnitPriceWithTax":null,"unitTax":0,"proratedUnitTax":null,"taxRate":0,"linePrice":14374,"linePriceWithTax":14374,"discountedLinePrice":null,"discountedLinePriceWithTax":null,"discounts":[{"adjustmentSource":"Promotion:1","type":"PROMOTION","amount":null,"description":"$10 off computer equipment","amountWithTax":null}],"lineTax":0,"proratedLinePrice":null,"proratedLinePriceWithTax":null,"proratedLineTax":null},{"id":"6","featuredAsset":{"preview":"http://localhost:3000/assets//mailbox/placeholder-image"},"productVariant":{"id":"4","name":"Hard Drive 1TB","sku":"IHD455T1","price":0,"priceWithTax":0},"quantity":1,"listPrice":3799,"listPriceIncludesTax":true,"adjustments":[],"taxLines":[],"unitPrice":3799,"unitPriceWithTax":3799,"unitPriceChangeSinceAdded":null,"unitPriceWithTaxChangeSinceAdded":null,"discountedUnitPrice":3799,"discountedUnitPriceWithTax":3799,"proratedUnitPrice":3799,"proratedUnitPriceWithTax":3799,"unitTax":0,"proratedUnitTax":0,"taxRate":0,"linePrice":3799,"linePriceWithTax":3799,"discountedLinePrice":3799,"discountedLinePriceWithTax":3799,"discounts":[],"lineTax":0,"proratedLinePrice":3799,"proratedLinePriceWithTax":3799,"proratedLineTax":0}],"subTotal":15144,"subTotalWithTax":18173,"shipping":1000,"shippingLines":[{"listPrice":1000,"listPriceIncludesTax":true,"taxLines":[{"taxRate":20,"description":"shipping tax"}],"shippingMethod":{"code":"express-flat-rate","name":"Express Shipping","description":"Express Shipping","id":"2"},"price":833.3333333333334,"priceWithTax":1000,"discountedPrice":833,"discountedPriceWithTax":1000,"taxRate":20,"discounts":[]}],"surcharges":[],"shippingAddress":{"fullName":"Test Customer","company":"","streetLine1":"6000 Pagac Land","streetLine2":"","city":"Port Kirsten","province":"Avon","postalCode":"ZU32 9CP","country":"Cabo Verde","phoneNumber":""},"payments":[],"discounts":[{"adjustmentSource":"Promotion:1","type":"PROMOTION","amount":null,"description":"$10 off computer equipment","amountWithTax":null}],"total":16144,"totalWithTax":18173,"totalQuantity":2,"taxSummary":[{"taxRate":20,"description":"shipping tax","taxBase":833,"taxTotal":167}]},"shippingLines":[{"listPrice":1000,"listPriceIncludesTax":true,"taxLines":[{"taxRate":20,"description":"shipping tax"}],"shippingMethod":{"code":"express-flat-rate","name":"Express Shipping","description":"Express Shipping","id":"2"},"price":833.3333333333334,"priceWithTax":1000,"discountedPrice":833,"discountedPriceWithTax":1000,"taxRate":20,"discounts":[]}]},"subject":"Order confirmation for #{{ order.code }}","templateFile":"body.hbs","attachments":[],"metadata":{}}	COMPLETED	100	true	\N	2025-05-28 17:42:08.033	2025-05-28 17:42:08.08	t	5	1	108
2025-05-25 16:20:35.870817	2025-05-25 16:20:36.648733	update-search-index	{"type":"update-variants","ctx":{"_apiType":"admin","_channel":{"token":"db6rg7iofk0afkkrcrp","createdAt":"2025-05-25T14:20:33.335Z","updatedAt":"2025-05-25T14:20:35.567Z","code":"__default_channel__","description":"","defaultLanguageCode":"en","availableLanguageCodes":["en"],"defaultCurrencyCode":"USD","availableCurrencyCodes":["USD"],"trackInventory":true,"outOfStockThreshold":0,"pricesIncludeTax":false,"id":1,"sellerId":1,"defaultShippingZone":{"createdAt":"2025-05-25T14:20:33.811Z","updatedAt":"2025-05-25T14:20:33.811Z","name":"Europe","id":2},"defaultTaxZone":{"createdAt":"2025-05-25T14:20:33.811Z","updatedAt":"2025-05-25T14:20:33.811Z","name":"Europe","id":2}},"_languageCode":"en","_currencyCode":"USD","_isAuthorized":true,"_authorizedAsOwnerOnly":false},"variantIds":[5]}	COMPLETED	100	true	\N	2025-05-25 18:20:36.618	2025-05-25 18:20:36.649	t	0	1	5
2025-05-25 16:20:35.888701	2025-05-25 16:20:36.852857	update-search-index	{"type":"update-variants","ctx":{"_apiType":"admin","_channel":{"token":"db6rg7iofk0afkkrcrp","createdAt":"2025-05-25T14:20:33.335Z","updatedAt":"2025-05-25T14:20:35.567Z","code":"__default_channel__","description":"","defaultLanguageCode":"en","availableLanguageCodes":["en"],"defaultCurrencyCode":"USD","availableCurrencyCodes":["USD"],"trackInventory":true,"outOfStockThreshold":0,"pricesIncludeTax":false,"id":1,"sellerId":1,"defaultShippingZone":{"createdAt":"2025-05-25T14:20:33.811Z","updatedAt":"2025-05-25T14:20:33.811Z","name":"Europe","id":2},"defaultTaxZone":{"createdAt":"2025-05-25T14:20:33.811Z","updatedAt":"2025-05-25T14:20:33.811Z","name":"Europe","id":2}},"_languageCode":"en","_currencyCode":"USD","_isAuthorized":true,"_authorizedAsOwnerOnly":false},"variantIds":[6]}	COMPLETED	100	true	\N	2025-05-25 18:20:36.827	2025-05-25 18:20:36.853	t	0	1	6
2025-05-25 16:20:36.408816	2025-05-25 16:20:39.572894	update-search-index	{"type":"update-variants","ctx":{"_apiType":"admin","_channel":{"token":"db6rg7iofk0afkkrcrp","createdAt":"2025-05-25T14:20:33.335Z","updatedAt":"2025-05-25T14:20:35.567Z","code":"__default_channel__","description":"","defaultLanguageCode":"en","availableLanguageCodes":["en"],"defaultCurrencyCode":"USD","availableCurrencyCodes":["USD"],"trackInventory":true,"outOfStockThreshold":0,"pricesIncludeTax":false,"id":1,"sellerId":1,"defaultShippingZone":{"createdAt":"2025-05-25T14:20:33.811Z","updatedAt":"2025-05-25T14:20:33.811Z","name":"Europe","id":2},"defaultTaxZone":{"createdAt":"2025-05-25T14:20:33.811Z","updatedAt":"2025-05-25T14:20:33.811Z","name":"Europe","id":2}},"_languageCode":"en","_currencyCode":"USD","_isAuthorized":true,"_authorizedAsOwnerOnly":false},"variantIds":[19]}	COMPLETED	100	true	\N	2025-05-25 18:20:39.541	2025-05-25 18:20:39.573	t	0	1	19
2025-06-04 20:08:46.502952	2025-06-04 20:08:46.580212	clean-sessions	{"batchSize":1000}	COMPLETED	100	{"batchSize":1000,"sessionsRemoved":0}	\N	2025-06-04 22:08:46.572	2025-06-04 22:08:46.581	t	0	1	115
2025-05-25 16:20:35.780817	2025-05-25 16:20:36.23095	update-search-index	{"type":"update-variants","ctx":{"_apiType":"admin","_channel":{"token":"db6rg7iofk0afkkrcrp","createdAt":"2025-05-25T14:20:33.335Z","updatedAt":"2025-05-25T14:20:35.567Z","code":"__default_channel__","description":"","defaultLanguageCode":"en","availableLanguageCodes":["en"],"defaultCurrencyCode":"USD","availableCurrencyCodes":["USD"],"trackInventory":true,"outOfStockThreshold":0,"pricesIncludeTax":false,"id":1,"sellerId":1,"defaultShippingZone":{"createdAt":"2025-05-25T14:20:33.811Z","updatedAt":"2025-05-25T14:20:33.811Z","name":"Europe","id":2},"defaultTaxZone":{"createdAt":"2025-05-25T14:20:33.811Z","updatedAt":"2025-05-25T14:20:33.811Z","name":"Europe","id":2}},"_languageCode":"en","_currencyCode":"USD","_isAuthorized":true,"_authorizedAsOwnerOnly":false},"variantIds":[3]}	COMPLETED	100	true	\N	2025-05-25 18:20:36.201	2025-05-25 18:20:36.231	t	0	1	3
2025-05-28 15:42:51.878751	2025-05-28 15:42:51.92669	send-email	{"ctx":{"_req":{"_events":{},"_readableState":{"highWaterMark":65536,"buffer":[],"bufferIndex":0,"length":0,"pipes":[],"awaitDrainWriters":null},"socket":{"connecting":false,"_hadError":false,"_parent":null,"_host":null,"_closeAfterHandlingError":false,"allowHalfOpen":true,"_eventsCount":8,"_sockname":null,"_pendingData":null,"_pendingEncoding":"","_paused":false,"_httpMessage":null,"timeout":6000,"bytesRead":8708,"remoteAddress":"::1","remoteFamily":"IPv6","remotePort":43484,"localAddress":"::1","localPort":3000,"localFamily":"IPv6","_bytesDispatched":23961,"bytesWritten":23961},"httpVersionMajor":1,"httpVersionMinor":1,"httpVersion":"1.1","complete":true,"rawHeaders":["Host","localhost:3000","Connection","keep-alive","sec-ch-ua-platform","\\"Linux\\"","User-Agent","Mozilla/5.0 (X11; Linux x86_64) AppleWebKit/537.36 (KHTML, like Gecko) Chrome/136.0.0.0 Safari/537.36","sec-ch-ua","\\"Chromium\\";v=\\"136\\", \\"Google Chrome\\";v=\\"136\\", \\"Not.A/Brand\\";v=\\"99\\"","DNT","1","sec-ch-ua-mobile","?0","Accept","*/*","Sec-Fetch-Site","same-origin","Sec-Fetch-Mode","cors","Sec-Fetch-Dest","empty","Referer","http://localhost:3000/mailbox","Accept-Encoding","gzip, deflate, br, zstd","Accept-Language","hu-HU,hu;q=0.9,en-US;q=0.8,en;q=0.7","Cookie","session=eyJ0b2tlbiI6ImRkZjYwNTgxN2UyZjQ1NWFkNmU5OThmYWNiYTYwNDI3ZWZiMDA4NmU5OGQ5ODkxOWUzYmY1ZGZkYjFjZGI1NmIifQ==; session.sig=M3x3ui9xGAyJ711mcvSmLYaSrUE"],"rawTrailers":[],"joinDuplicateHeaders":null,"aborted":false,"upgrade":false,"url":"/generate/email-verification/en","method":"GET","statusCode":null,"statusMessage":null,"client":{"connecting":false,"_hadError":false,"_parent":null,"_host":null,"_closeAfterHandlingError":false,"allowHalfOpen":true,"_eventsCount":8,"_pendingData":null,"_pendingEncoding":"","_paused":false,"_httpMessage":null,"timeout":6000,"bytesRead":8708,"remoteAddress":"::1","remoteFamily":"IPv6","remotePort":43484,"localAddress":"::1","localPort":3000,"localFamily":"IPv6","_bytesDispatched":23961,"bytesWritten":23961},"_consuming":false,"_dumped":true,"res":{"_eventsCount":1,"outputData":[],"outputSize":0,"writable":true,"destroyed":true,"_last":false,"chunkedEncoding":false,"shouldKeepAlive":true,"maxRequestsOnConnectionReached":false,"_defaultKeepAlive":true,"useChunkedEncodingByDefault":true,"sendDate":true,"_removedConnection":false,"_removedContLen":false,"_removedTE":false,"strictContentLength":false,"_contentLength":"16","_hasBody":true,"_trailer":"","finished":true,"_headerSent":true,"_closed":true,"_header":"HTTP/1.1 200 OK\\r\\nX-Powered-By: Express\\r\\nVary: Origin\\r\\nAccess-Control-Allow-Credentials: true\\r\\nAccess-Control-Expose-Headers: vendure-auth-token\\r\\nContent-Type: application/json; charset=utf-8\\r\\nContent-Length: 16\\r\\nETag: W/\\"10-oV4hJxRVSENxc/wX8+mA4/Pe4tA\\"\\r\\nDate: Wed, 28 May 2025 15:42:51 GMT\\r\\nConnection: keep-alive\\r\\nKeep-Alive: timeout=5\\r\\n\\r\\n","_keepAliveTimeout":5000,"_sent100":false,"_expect_continue":false,"_maxRequestsPerSocket":0,"statusCode":200,"statusMessage":"OK","headersSent":true},"next":{},"baseUrl":"/mailbox","originalUrl":"/mailbox/generate/email-verification/en","_parsedUrl":{"protocol":null,"slashes":null,"auth":null,"host":null,"port":null,"hostname":null,"hash":null,"search":null,"query":null,"pathname":"/generate/email-verification/en","path":"/generate/email-verification/en","href":"/generate/email-verification/en","_raw":"/generate/email-verification/en"},"params":{"type":"email-verification","languageCode":"en"},"sessionOptions":{"secret":"eXDF5pUejDTDetLsJWFm2g","httpOnly":true,"sameSite":"lax","name":"session","overwrite":true,"signed":true},"session":{"token":"ddf605817e2f455ad6e998facba60427efb0086e98d98919e3bf5dfdb1cdb56b"},"route":{"path":"/generate/:type/:languageCode","stack":[{"keys":[],"name":"<anonymous>","slash":false,"matchers":[null],"method":"get"}]},"_eventsCount":1,"app":{"_eventsCount":1,"mountpath":"/"},"header":{},"get":{},"accepts":{},"acceptsEncodings":{},"acceptsCharsets":{},"acceptsLanguages":{},"range":{},"query":{},"is":{},"protocol":"http","secure":false,"ip":"::1","ips":[],"subdomains":[],"path":"/generate/email-verification/en","hostname":"localhost","fresh":false,"stale":true,"xhr":false,"setTimeout":{},"_read":{},"_destroy":{},"_addHeaderLines":{},"_addHeaderLine":{},"_addHeaderLineDistinct":{},"_dump":{},"destroy":{},"_undestroy":{},"push":{},"unshift":{},"isPaused":{},"setEncoding":{},"read":{},"pipe":{},"unpipe":{},"on":{},"addListener":{},"removeListener":{},"off":{},"removeAllListeners":{},"resume":{},"pause":{},"wrap":{},"iterator":{},"eventNames":{},"setMaxListeners":{},"getMaxListeners":{},"emit":{},"prependListener":{},"once":{},"prependOnceListener":{},"listeners":{},"rawListeners":{},"listenerCount":{}},"_apiType":"admin","_channel":{"token":"dhzu4ldldq66uy3vjp8"},"_session":{},"_languageCode":"en","_isAuthorized":false,"_authorizedAsOwnerOnly":true},"type":"email-verification","recipient":"test@test.com","from":"{{ fromAddress }}","templateVars":{"fromAddress":"\\"example\\" <noreply@example.com>","verifyEmailAddressUrl":"http://localhost:8080/verify","passwordResetUrl":"http://localhost:8080/password-reset","changeEmailAddressUrl":"http://localhost:8080/verify-email-address-change","verificationToken":"MjAxOC0xMS0xM1QxNToxNToxNC42ODda_US2U6UK1WZC7NDAX"},"subject":"Please verify your email address","templateFile":"body.hbs","attachments":[],"metadata":{}}	COMPLETED	100	true	\N	2025-05-28 17:42:51.913	2025-05-28 17:42:51.926	t	5	1	109
2025-05-25 16:20:36.147036	2025-05-25 16:20:37.892698	update-search-index	{"type":"update-variants","ctx":{"_apiType":"admin","_channel":{"token":"db6rg7iofk0afkkrcrp","createdAt":"2025-05-25T14:20:33.335Z","updatedAt":"2025-05-25T14:20:35.567Z","code":"__default_channel__","description":"","defaultLanguageCode":"en","availableLanguageCodes":["en"],"defaultCurrencyCode":"USD","availableCurrencyCodes":["USD"],"trackInventory":true,"outOfStockThreshold":0,"pricesIncludeTax":false,"id":1,"sellerId":1,"defaultShippingZone":{"createdAt":"2025-05-25T14:20:33.811Z","updatedAt":"2025-05-25T14:20:33.811Z","name":"Europe","id":2},"defaultTaxZone":{"createdAt":"2025-05-25T14:20:33.811Z","updatedAt":"2025-05-25T14:20:33.811Z","name":"Europe","id":2}},"_languageCode":"en","_currencyCode":"USD","_isAuthorized":true,"_authorizedAsOwnerOnly":false},"variantIds":[11]}	COMPLETED	100	true	\N	2025-05-25 18:20:37.868	2025-05-25 18:20:37.893	t	0	1	11
2025-05-25 16:20:36.320648	2025-05-25 16:20:39.152749	update-search-index	{"type":"update-variants","ctx":{"_apiType":"admin","_channel":{"token":"db6rg7iofk0afkkrcrp","createdAt":"2025-05-25T14:20:33.335Z","updatedAt":"2025-05-25T14:20:35.567Z","code":"__default_channel__","description":"","defaultLanguageCode":"en","availableLanguageCodes":["en"],"defaultCurrencyCode":"USD","availableCurrencyCodes":["USD"],"trackInventory":true,"outOfStockThreshold":0,"pricesIncludeTax":false,"id":1,"sellerId":1,"defaultShippingZone":{"createdAt":"2025-05-25T14:20:33.811Z","updatedAt":"2025-05-25T14:20:33.811Z","name":"Europe","id":2},"defaultTaxZone":{"createdAt":"2025-05-25T14:20:33.811Z","updatedAt":"2025-05-25T14:20:33.811Z","name":"Europe","id":2}},"_languageCode":"en","_currencyCode":"USD","_isAuthorized":true,"_authorizedAsOwnerOnly":false},"variantIds":[17]}	COMPLETED	100	true	\N	2025-05-25 18:20:39.121	2025-05-25 18:20:39.153	t	0	1	17
2025-05-25 16:20:36.431025	2025-05-25 16:20:39.78302	update-search-index	{"type":"update-variants","ctx":{"_apiType":"admin","_channel":{"token":"db6rg7iofk0afkkrcrp","createdAt":"2025-05-25T14:20:33.335Z","updatedAt":"2025-05-25T14:20:35.567Z","code":"__default_channel__","description":"","defaultLanguageCode":"en","availableLanguageCodes":["en"],"defaultCurrencyCode":"USD","availableCurrencyCodes":["USD"],"trackInventory":true,"outOfStockThreshold":0,"pricesIncludeTax":false,"id":1,"sellerId":1,"defaultShippingZone":{"createdAt":"2025-05-25T14:20:33.811Z","updatedAt":"2025-05-25T14:20:33.811Z","name":"Europe","id":2},"defaultTaxZone":{"createdAt":"2025-05-25T14:20:33.811Z","updatedAt":"2025-05-25T14:20:33.811Z","name":"Europe","id":2}},"_languageCode":"en","_currencyCode":"USD","_isAuthorized":true,"_authorizedAsOwnerOnly":false},"variantIds":[20]}	COMPLETED	100	true	\N	2025-05-25 18:20:39.754	2025-05-25 18:20:39.783	t	0	1	20
2025-05-25 16:20:35.807183	2025-05-25 16:20:36.44289	update-search-index	{"type":"update-variants","ctx":{"_apiType":"admin","_channel":{"token":"db6rg7iofk0afkkrcrp","createdAt":"2025-05-25T14:20:33.335Z","updatedAt":"2025-05-25T14:20:35.567Z","code":"__default_channel__","description":"","defaultLanguageCode":"en","availableLanguageCodes":["en"],"defaultCurrencyCode":"USD","availableCurrencyCodes":["USD"],"trackInventory":true,"outOfStockThreshold":0,"pricesIncludeTax":false,"id":1,"sellerId":1,"defaultShippingZone":{"createdAt":"2025-05-25T14:20:33.811Z","updatedAt":"2025-05-25T14:20:33.811Z","name":"Europe","id":2},"defaultTaxZone":{"createdAt":"2025-05-25T14:20:33.811Z","updatedAt":"2025-05-25T14:20:33.811Z","name":"Europe","id":2}},"_languageCode":"en","_currencyCode":"USD","_isAuthorized":true,"_authorizedAsOwnerOnly":false},"variantIds":[4]}	COMPLETED	100	true	\N	2025-05-25 18:20:36.41	2025-05-25 18:20:36.443	t	0	1	4
2025-05-29 10:13:06.167626	2025-05-29 10:13:06.27917	clean-sessions	{"batchSize":1000}	COMPLETED	100	{"batchSize":1000,"sessionsRemoved":0}	\N	2025-05-29 12:13:06.269	2025-05-29 12:13:06.28	t	0	1	110
2025-05-25 16:20:36.304737	2025-05-25 16:20:38.938781	update-search-index	{"type":"update-variants","ctx":{"_apiType":"admin","_channel":{"token":"db6rg7iofk0afkkrcrp","createdAt":"2025-05-25T14:20:33.335Z","updatedAt":"2025-05-25T14:20:35.567Z","code":"__default_channel__","description":"","defaultLanguageCode":"en","availableLanguageCodes":["en"],"defaultCurrencyCode":"USD","availableCurrencyCodes":["USD"],"trackInventory":true,"outOfStockThreshold":0,"pricesIncludeTax":false,"id":1,"sellerId":1,"defaultShippingZone":{"createdAt":"2025-05-25T14:20:33.811Z","updatedAt":"2025-05-25T14:20:33.811Z","name":"Europe","id":2},"defaultTaxZone":{"createdAt":"2025-05-25T14:20:33.811Z","updatedAt":"2025-05-25T14:20:33.811Z","name":"Europe","id":2}},"_languageCode":"en","_currencyCode":"USD","_isAuthorized":true,"_authorizedAsOwnerOnly":false},"variantIds":[16]}	COMPLETED	100	true	\N	2025-05-25 18:20:38.911	2025-05-25 18:20:38.939	t	0	1	16
2025-05-25 16:20:36.506834	2025-05-25 16:20:40.416842	update-search-index	{"type":"update-variants","ctx":{"_apiType":"admin","_channel":{"token":"db6rg7iofk0afkkrcrp","createdAt":"2025-05-25T14:20:33.335Z","updatedAt":"2025-05-25T14:20:35.567Z","code":"__default_channel__","description":"","defaultLanguageCode":"en","availableLanguageCodes":["en"],"defaultCurrencyCode":"USD","availableCurrencyCodes":["USD"],"trackInventory":true,"outOfStockThreshold":0,"pricesIncludeTax":false,"id":1,"sellerId":1,"defaultShippingZone":{"createdAt":"2025-05-25T14:20:33.811Z","updatedAt":"2025-05-25T14:20:33.811Z","name":"Europe","id":2},"defaultTaxZone":{"createdAt":"2025-05-25T14:20:33.811Z","updatedAt":"2025-05-25T14:20:33.811Z","name":"Europe","id":2}},"_languageCode":"en","_currencyCode":"USD","_isAuthorized":true,"_authorizedAsOwnerOnly":false},"variantIds":[23]}	COMPLETED	100	true	\N	2025-05-25 18:20:40.391	2025-05-25 18:20:40.417	t	0	1	23
2025-05-25 16:20:36.584679	2025-05-25 16:20:40.858302	update-search-index	{"type":"update-variants","ctx":{"_apiType":"admin","_channel":{"token":"db6rg7iofk0afkkrcrp","createdAt":"2025-05-25T14:20:33.335Z","updatedAt":"2025-05-25T14:20:35.567Z","code":"__default_channel__","description":"","defaultLanguageCode":"en","availableLanguageCodes":["en"],"defaultCurrencyCode":"USD","availableCurrencyCodes":["USD"],"trackInventory":true,"outOfStockThreshold":0,"pricesIncludeTax":false,"id":1,"sellerId":1,"defaultShippingZone":{"createdAt":"2025-05-25T14:20:33.811Z","updatedAt":"2025-05-25T14:20:33.811Z","name":"Europe","id":2},"defaultTaxZone":{"createdAt":"2025-05-25T14:20:33.811Z","updatedAt":"2025-05-25T14:20:33.811Z","name":"Europe","id":2}},"_languageCode":"en","_currencyCode":"USD","_isAuthorized":true,"_authorizedAsOwnerOnly":false},"variantIds":[25]}	COMPLETED	100	true	\N	2025-05-25 18:20:40.824	2025-05-25 18:20:40.858	t	0	1	25
2025-05-25 16:20:36.052942	2025-05-25 16:20:37.485066	update-search-index	{"type":"update-variants","ctx":{"_apiType":"admin","_channel":{"token":"db6rg7iofk0afkkrcrp","createdAt":"2025-05-25T14:20:33.335Z","updatedAt":"2025-05-25T14:20:35.567Z","code":"__default_channel__","description":"","defaultLanguageCode":"en","availableLanguageCodes":["en"],"defaultCurrencyCode":"USD","availableCurrencyCodes":["USD"],"trackInventory":true,"outOfStockThreshold":0,"pricesIncludeTax":false,"id":1,"sellerId":1,"defaultShippingZone":{"createdAt":"2025-05-25T14:20:33.811Z","updatedAt":"2025-05-25T14:20:33.811Z","name":"Europe","id":2},"defaultTaxZone":{"createdAt":"2025-05-25T14:20:33.811Z","updatedAt":"2025-05-25T14:20:33.811Z","name":"Europe","id":2}},"_languageCode":"en","_currencyCode":"USD","_isAuthorized":true,"_authorizedAsOwnerOnly":false},"variantIds":[9]}	COMPLETED	100	true	\N	2025-05-25 18:20:37.451	2025-05-25 18:20:37.485	t	0	1	9
2025-05-25 16:20:35.934858	2025-05-25 16:20:37.062738	update-search-index	{"type":"update-variants","ctx":{"_apiType":"admin","_channel":{"token":"db6rg7iofk0afkkrcrp","createdAt":"2025-05-25T14:20:33.335Z","updatedAt":"2025-05-25T14:20:35.567Z","code":"__default_channel__","description":"","defaultLanguageCode":"en","availableLanguageCodes":["en"],"defaultCurrencyCode":"USD","availableCurrencyCodes":["USD"],"trackInventory":true,"outOfStockThreshold":0,"pricesIncludeTax":false,"id":1,"sellerId":1,"defaultShippingZone":{"createdAt":"2025-05-25T14:20:33.811Z","updatedAt":"2025-05-25T14:20:33.811Z","name":"Europe","id":2},"defaultTaxZone":{"createdAt":"2025-05-25T14:20:33.811Z","updatedAt":"2025-05-25T14:20:33.811Z","name":"Europe","id":2}},"_languageCode":"en","_currencyCode":"USD","_isAuthorized":true,"_authorizedAsOwnerOnly":false},"variantIds":[7]}	COMPLETED	100	true	\N	2025-05-25 18:20:37.032	2025-05-25 18:20:37.063	t	0	1	7
2025-05-31 09:45:54.202144	2025-05-31 09:45:54.231077	clean-sessions	{"batchSize":1000}	COMPLETED	100	{"batchSize":1000,"sessionsRemoved":0}	\N	2025-05-31 11:45:54.226	2025-05-31 11:45:54.233	t	0	1	111
2025-05-25 16:20:37.348783	2025-05-25 16:26:18.737106	update-search-index	{"type":"update-variants","ctx":{"_apiType":"admin","_channel":{"token":"db6rg7iofk0afkkrcrp","createdAt":"2025-05-25T14:20:33.335Z","updatedAt":"2025-05-25T14:20:35.567Z","code":"__default_channel__","description":"","defaultLanguageCode":"en","availableLanguageCodes":["en"],"defaultCurrencyCode":"USD","availableCurrencyCodes":["USD"],"trackInventory":true,"outOfStockThreshold":0,"pricesIncludeTax":false,"id":1,"sellerId":1,"defaultShippingZone":{"createdAt":"2025-05-25T14:20:33.811Z","updatedAt":"2025-05-25T14:20:33.811Z","name":"Europe","id":2},"defaultTaxZone":{"createdAt":"2025-05-25T14:20:33.811Z","updatedAt":"2025-05-25T14:20:33.811Z","name":"Europe","id":2}},"_languageCode":"en","_currencyCode":"USD","_isAuthorized":true,"_authorizedAsOwnerOnly":false},"variantIds":[41]}	COMPLETED	100	true	\N	2025-05-25 18:26:18.695	2025-05-25 18:26:18.737	t	0	1	41
2025-05-25 16:20:37.800774	2025-05-25 16:26:21.135549	update-search-index	{"type":"update-variants","ctx":{"_apiType":"admin","_channel":{"token":"db6rg7iofk0afkkrcrp","createdAt":"2025-05-25T14:20:33.335Z","updatedAt":"2025-05-25T14:20:35.567Z","code":"__default_channel__","description":"","defaultLanguageCode":"en","availableLanguageCodes":["en"],"defaultCurrencyCode":"USD","availableCurrencyCodes":["USD"],"trackInventory":true,"outOfStockThreshold":0,"pricesIncludeTax":false,"id":1,"sellerId":1,"defaultShippingZone":{"createdAt":"2025-05-25T14:20:33.811Z","updatedAt":"2025-05-25T14:20:33.811Z","name":"Europe","id":2},"defaultTaxZone":{"createdAt":"2025-05-25T14:20:33.811Z","updatedAt":"2025-05-25T14:20:33.811Z","name":"Europe","id":2}},"_languageCode":"en","_currencyCode":"USD","_isAuthorized":true,"_authorizedAsOwnerOnly":false},"variantIds":[52]}	COMPLETED	100	true	\N	2025-05-25 18:26:21.101	2025-05-25 18:26:21.135	t	0	1	52
2025-06-01 11:26:59.520638	2025-06-01 11:26:59.69188	clean-sessions	{"batchSize":1000}	COMPLETED	100	{"batchSize":1000,"sessionsRemoved":0}	\N	2025-06-01 13:26:59.676	2025-06-01 13:26:59.691	t	0	1	112
2025-05-25 16:20:36.868923	2025-05-25 16:26:16.511301	update-search-index	{"type":"update-variants","ctx":{"_apiType":"admin","_channel":{"token":"db6rg7iofk0afkkrcrp","createdAt":"2025-05-25T14:20:33.335Z","updatedAt":"2025-05-25T14:20:35.567Z","code":"__default_channel__","description":"","defaultLanguageCode":"en","availableLanguageCodes":["en"],"defaultCurrencyCode":"USD","availableCurrencyCodes":["USD"],"trackInventory":true,"outOfStockThreshold":0,"pricesIncludeTax":false,"id":1,"sellerId":1,"defaultShippingZone":{"createdAt":"2025-05-25T14:20:33.811Z","updatedAt":"2025-05-25T14:20:33.811Z","name":"Europe","id":2},"defaultTaxZone":{"createdAt":"2025-05-25T14:20:33.811Z","updatedAt":"2025-05-25T14:20:33.811Z","name":"Europe","id":2}},"_languageCode":"en","_currencyCode":"USD","_isAuthorized":true,"_authorizedAsOwnerOnly":false},"variantIds":[31]}	COMPLETED	100	true	\N	2025-05-25 18:26:16.464	2025-05-25 18:26:16.511	t	0	1	31
2025-05-25 16:20:36.950763	2025-05-25 16:26:16.944191	update-search-index	{"type":"update-variants","ctx":{"_apiType":"admin","_channel":{"token":"db6rg7iofk0afkkrcrp","createdAt":"2025-05-25T14:20:33.335Z","updatedAt":"2025-05-25T14:20:35.567Z","code":"__default_channel__","description":"","defaultLanguageCode":"en","availableLanguageCodes":["en"],"defaultCurrencyCode":"USD","availableCurrencyCodes":["USD"],"trackInventory":true,"outOfStockThreshold":0,"pricesIncludeTax":false,"id":1,"sellerId":1,"defaultShippingZone":{"createdAt":"2025-05-25T14:20:33.811Z","updatedAt":"2025-05-25T14:20:33.811Z","name":"Europe","id":2},"defaultTaxZone":{"createdAt":"2025-05-25T14:20:33.811Z","updatedAt":"2025-05-25T14:20:33.811Z","name":"Europe","id":2}},"_languageCode":"en","_currencyCode":"USD","_isAuthorized":true,"_authorizedAsOwnerOnly":false},"variantIds":[33]}	COMPLETED	100	true	\N	2025-05-25 18:26:16.902	2025-05-25 18:26:16.944	t	0	1	33
2025-05-25 16:20:37.251425	2025-05-25 16:26:18.282438	update-search-index	{"type":"update-variants","ctx":{"_apiType":"admin","_channel":{"token":"db6rg7iofk0afkkrcrp","createdAt":"2025-05-25T14:20:33.335Z","updatedAt":"2025-05-25T14:20:35.567Z","code":"__default_channel__","description":"","defaultLanguageCode":"en","availableLanguageCodes":["en"],"defaultCurrencyCode":"USD","availableCurrencyCodes":["USD"],"trackInventory":true,"outOfStockThreshold":0,"pricesIncludeTax":false,"id":1,"sellerId":1,"defaultShippingZone":{"createdAt":"2025-05-25T14:20:33.811Z","updatedAt":"2025-05-25T14:20:33.811Z","name":"Europe","id":2},"defaultTaxZone":{"createdAt":"2025-05-25T14:20:33.811Z","updatedAt":"2025-05-25T14:20:33.811Z","name":"Europe","id":2}},"_languageCode":"en","_currencyCode":"USD","_isAuthorized":true,"_authorizedAsOwnerOnly":false},"variantIds":[39]}	COMPLETED	100	true	\N	2025-05-25 18:26:18.252	2025-05-25 18:26:18.282	t	0	1	39
2025-05-25 16:20:37.388646	2025-05-25 16:26:18.973596	update-search-index	{"type":"update-variants","ctx":{"_apiType":"admin","_channel":{"token":"db6rg7iofk0afkkrcrp","createdAt":"2025-05-25T14:20:33.335Z","updatedAt":"2025-05-25T14:20:35.567Z","code":"__default_channel__","description":"","defaultLanguageCode":"en","availableLanguageCodes":["en"],"defaultCurrencyCode":"USD","availableCurrencyCodes":["USD"],"trackInventory":true,"outOfStockThreshold":0,"pricesIncludeTax":false,"id":1,"sellerId":1,"defaultShippingZone":{"createdAt":"2025-05-25T14:20:33.811Z","updatedAt":"2025-05-25T14:20:33.811Z","name":"Europe","id":2},"defaultTaxZone":{"createdAt":"2025-05-25T14:20:33.811Z","updatedAt":"2025-05-25T14:20:33.811Z","name":"Europe","id":2}},"_languageCode":"en","_currencyCode":"USD","_isAuthorized":true,"_authorizedAsOwnerOnly":false},"variantIds":[42]}	COMPLETED	100	true	\N	2025-05-25 18:26:18.918	2025-05-25 18:26:18.974	t	0	1	42
2025-05-25 16:20:36.726713	2025-05-25 16:26:15.868131	update-search-index	{"type":"update-variants","ctx":{"_apiType":"admin","_channel":{"token":"db6rg7iofk0afkkrcrp","createdAt":"2025-05-25T14:20:33.335Z","updatedAt":"2025-05-25T14:20:35.567Z","code":"__default_channel__","description":"","defaultLanguageCode":"en","availableLanguageCodes":["en"],"defaultCurrencyCode":"USD","availableCurrencyCodes":["USD"],"trackInventory":true,"outOfStockThreshold":0,"pricesIncludeTax":false,"id":1,"sellerId":1,"defaultShippingZone":{"createdAt":"2025-05-25T14:20:33.811Z","updatedAt":"2025-05-25T14:20:33.811Z","name":"Europe","id":2},"defaultTaxZone":{"createdAt":"2025-05-25T14:20:33.811Z","updatedAt":"2025-05-25T14:20:33.811Z","name":"Europe","id":2}},"_languageCode":"en","_currencyCode":"USD","_isAuthorized":true,"_authorizedAsOwnerOnly":false},"variantIds":[28]}	COMPLETED	100	true	\N	2025-05-25 18:26:15.816	2025-05-25 18:26:15.868	t	0	1	28
2025-05-25 16:20:35.990738	2025-05-25 16:20:37.268697	update-search-index	{"type":"update-variants","ctx":{"_apiType":"admin","_channel":{"token":"db6rg7iofk0afkkrcrp","createdAt":"2025-05-25T14:20:33.335Z","updatedAt":"2025-05-25T14:20:35.567Z","code":"__default_channel__","description":"","defaultLanguageCode":"en","availableLanguageCodes":["en"],"defaultCurrencyCode":"USD","availableCurrencyCodes":["USD"],"trackInventory":true,"outOfStockThreshold":0,"pricesIncludeTax":false,"id":1,"sellerId":1,"defaultShippingZone":{"createdAt":"2025-05-25T14:20:33.811Z","updatedAt":"2025-05-25T14:20:33.811Z","name":"Europe","id":2},"defaultTaxZone":{"createdAt":"2025-05-25T14:20:33.811Z","updatedAt":"2025-05-25T14:20:33.811Z","name":"Europe","id":2}},"_languageCode":"en","_currencyCode":"USD","_isAuthorized":true,"_authorizedAsOwnerOnly":false},"variantIds":[8]}	COMPLETED	100	true	\N	2025-05-25 18:20:37.243	2025-05-25 18:20:37.269	t	0	1	8
2025-06-02 18:14:21.484818	2025-06-02 18:14:21.547553	clean-sessions	{"batchSize":1000}	COMPLETED	100	{"batchSize":1000,"sessionsRemoved":3}	\N	2025-06-02 20:14:21.532	2025-06-02 20:14:21.547	t	0	1	113
2025-05-25 16:20:36.812784	2025-05-25 16:26:16.284164	update-search-index	{"type":"update-variants","ctx":{"_apiType":"admin","_channel":{"token":"db6rg7iofk0afkkrcrp","createdAt":"2025-05-25T14:20:33.335Z","updatedAt":"2025-05-25T14:20:35.567Z","code":"__default_channel__","description":"","defaultLanguageCode":"en","availableLanguageCodes":["en"],"defaultCurrencyCode":"USD","availableCurrencyCodes":["USD"],"trackInventory":true,"outOfStockThreshold":0,"pricesIncludeTax":false,"id":1,"sellerId":1,"defaultShippingZone":{"createdAt":"2025-05-25T14:20:33.811Z","updatedAt":"2025-05-25T14:20:33.811Z","name":"Europe","id":2},"defaultTaxZone":{"createdAt":"2025-05-25T14:20:33.811Z","updatedAt":"2025-05-25T14:20:33.811Z","name":"Europe","id":2}},"_languageCode":"en","_currencyCode":"USD","_isAuthorized":true,"_authorizedAsOwnerOnly":false},"variantIds":[30]}	COMPLETED	100	true	\N	2025-05-25 18:26:16.247	2025-05-25 18:26:16.284	t	0	1	30
2025-05-25 16:20:37.956853	2025-05-25 16:26:22.448522	update-search-index	{"type":"update-variants","ctx":{"_apiType":"admin","_channel":{"token":"db6rg7iofk0afkkrcrp","createdAt":"2025-05-25T14:20:33.335Z","updatedAt":"2025-05-25T14:20:35.567Z","code":"__default_channel__","description":"","defaultLanguageCode":"en","availableLanguageCodes":["en"],"defaultCurrencyCode":"USD","availableCurrencyCodes":["USD"],"trackInventory":true,"outOfStockThreshold":0,"pricesIncludeTax":false,"id":1,"sellerId":1,"defaultShippingZone":{"createdAt":"2025-05-25T14:20:33.811Z","updatedAt":"2025-05-25T14:20:33.811Z","name":"Europe","id":2},"defaultTaxZone":{"createdAt":"2025-05-25T14:20:33.811Z","updatedAt":"2025-05-25T14:20:33.811Z","name":"Europe","id":2}},"_languageCode":"en","_currencyCode":"USD","_isAuthorized":true,"_authorizedAsOwnerOnly":false},"variantIds":[58]}	COMPLETED	100	true	\N	2025-05-25 18:26:22.414	2025-05-25 18:26:22.448	t	0	1	58
2025-05-25 16:20:36.070807	2025-05-25 16:20:37.688795	update-search-index	{"type":"update-variants","ctx":{"_apiType":"admin","_channel":{"token":"db6rg7iofk0afkkrcrp","createdAt":"2025-05-25T14:20:33.335Z","updatedAt":"2025-05-25T14:20:35.567Z","code":"__default_channel__","description":"","defaultLanguageCode":"en","availableLanguageCodes":["en"],"defaultCurrencyCode":"USD","availableCurrencyCodes":["USD"],"trackInventory":true,"outOfStockThreshold":0,"pricesIncludeTax":false,"id":1,"sellerId":1,"defaultShippingZone":{"createdAt":"2025-05-25T14:20:33.811Z","updatedAt":"2025-05-25T14:20:33.811Z","name":"Europe","id":2},"defaultTaxZone":{"createdAt":"2025-05-25T14:20:33.811Z","updatedAt":"2025-05-25T14:20:33.811Z","name":"Europe","id":2}},"_languageCode":"en","_currencyCode":"USD","_isAuthorized":true,"_authorizedAsOwnerOnly":false},"variantIds":[10]}	COMPLETED	100	true	\N	2025-05-25 18:20:37.66	2025-05-25 18:20:37.689	t	0	1	10
2025-06-03 12:39:31.699466	2025-06-03 12:39:31.877922	clean-sessions	{"batchSize":1000}	COMPLETED	100	{"batchSize":1000,"sessionsRemoved":0}	\N	2025-06-03 14:39:31.87	2025-06-03 14:39:31.878	t	0	1	114
2025-05-25 16:20:37.556906	2025-05-25 16:26:19.600391	update-search-index	{"type":"update-variants","ctx":{"_apiType":"admin","_channel":{"token":"db6rg7iofk0afkkrcrp","createdAt":"2025-05-25T14:20:33.335Z","updatedAt":"2025-05-25T14:20:35.567Z","code":"__default_channel__","description":"","defaultLanguageCode":"en","availableLanguageCodes":["en"],"defaultCurrencyCode":"USD","availableCurrencyCodes":["USD"],"trackInventory":true,"outOfStockThreshold":0,"pricesIncludeTax":false,"id":1,"sellerId":1,"defaultShippingZone":{"createdAt":"2025-05-25T14:20:33.811Z","updatedAt":"2025-05-25T14:20:33.811Z","name":"Europe","id":2},"defaultTaxZone":{"createdAt":"2025-05-25T14:20:33.811Z","updatedAt":"2025-05-25T14:20:33.811Z","name":"Europe","id":2}},"_languageCode":"en","_currencyCode":"USD","_isAuthorized":true,"_authorizedAsOwnerOnly":false},"variantIds":[45]}	COMPLETED	100	true	\N	2025-05-25 18:26:19.571	2025-05-25 18:26:19.6	t	0	1	45
2025-05-25 16:20:36.184895	2025-05-25 16:20:38.312796	update-search-index	{"type":"update-variants","ctx":{"_apiType":"admin","_channel":{"token":"db6rg7iofk0afkkrcrp","createdAt":"2025-05-25T14:20:33.335Z","updatedAt":"2025-05-25T14:20:35.567Z","code":"__default_channel__","description":"","defaultLanguageCode":"en","availableLanguageCodes":["en"],"defaultCurrencyCode":"USD","availableCurrencyCodes":["USD"],"trackInventory":true,"outOfStockThreshold":0,"pricesIncludeTax":false,"id":1,"sellerId":1,"defaultShippingZone":{"createdAt":"2025-05-25T14:20:33.811Z","updatedAt":"2025-05-25T14:20:33.811Z","name":"Europe","id":2},"defaultTaxZone":{"createdAt":"2025-05-25T14:20:33.811Z","updatedAt":"2025-05-25T14:20:33.811Z","name":"Europe","id":2}},"_languageCode":"en","_currencyCode":"USD","_isAuthorized":true,"_authorizedAsOwnerOnly":false},"variantIds":[13]}	COMPLETED	100	true	\N	2025-05-25 18:20:38.286	2025-05-25 18:20:38.313	t	0	1	13
2025-05-25 16:20:38.194666	2025-05-25 16:26:24.240245	update-search-index	{"type":"update-variants","ctx":{"_apiType":"admin","_channel":{"token":"db6rg7iofk0afkkrcrp","createdAt":"2025-05-25T14:20:33.335Z","updatedAt":"2025-05-25T14:20:35.567Z","code":"__default_channel__","description":"","defaultLanguageCode":"en","availableLanguageCodes":["en"],"defaultCurrencyCode":"USD","availableCurrencyCodes":["USD"],"trackInventory":true,"outOfStockThreshold":0,"pricesIncludeTax":false,"id":1,"sellerId":1,"defaultShippingZone":{"createdAt":"2025-05-25T14:20:33.811Z","updatedAt":"2025-05-25T14:20:33.811Z","name":"Europe","id":2},"defaultTaxZone":{"createdAt":"2025-05-25T14:20:33.811Z","updatedAt":"2025-05-25T14:20:33.811Z","name":"Europe","id":2}},"_languageCode":"en","_currencyCode":"USD","_isAuthorized":true,"_authorizedAsOwnerOnly":false},"variantIds":[66]}	COMPLETED	100	true	\N	2025-05-25 18:26:24.202	2025-05-25 18:26:24.24	t	0	1	66
2025-05-25 16:20:37.646832	2025-05-25 16:26:20.042135	update-search-index	{"type":"update-variants","ctx":{"_apiType":"admin","_channel":{"token":"db6rg7iofk0afkkrcrp","createdAt":"2025-05-25T14:20:33.335Z","updatedAt":"2025-05-25T14:20:35.567Z","code":"__default_channel__","description":"","defaultLanguageCode":"en","availableLanguageCodes":["en"],"defaultCurrencyCode":"USD","availableCurrencyCodes":["USD"],"trackInventory":true,"outOfStockThreshold":0,"pricesIncludeTax":false,"id":1,"sellerId":1,"defaultShippingZone":{"createdAt":"2025-05-25T14:20:33.811Z","updatedAt":"2025-05-25T14:20:33.811Z","name":"Europe","id":2},"defaultTaxZone":{"createdAt":"2025-05-25T14:20:33.811Z","updatedAt":"2025-05-25T14:20:33.811Z","name":"Europe","id":2}},"_languageCode":"en","_currencyCode":"USD","_isAuthorized":true,"_authorizedAsOwnerOnly":false},"variantIds":[47]}	COMPLETED	100	true	\N	2025-05-25 18:26:20.003	2025-05-25 18:26:20.041	t	0	1	47
2025-05-25 16:20:37.690802	2025-05-25 16:26:20.476358	update-search-index	{"type":"update-variants","ctx":{"_apiType":"admin","_channel":{"token":"db6rg7iofk0afkkrcrp","createdAt":"2025-05-25T14:20:33.335Z","updatedAt":"2025-05-25T14:20:35.567Z","code":"__default_channel__","description":"","defaultLanguageCode":"en","availableLanguageCodes":["en"],"defaultCurrencyCode":"USD","availableCurrencyCodes":["USD"],"trackInventory":true,"outOfStockThreshold":0,"pricesIncludeTax":false,"id":1,"sellerId":1,"defaultShippingZone":{"createdAt":"2025-05-25T14:20:33.811Z","updatedAt":"2025-05-25T14:20:33.811Z","name":"Europe","id":2},"defaultTaxZone":{"createdAt":"2025-05-25T14:20:33.811Z","updatedAt":"2025-05-25T14:20:33.811Z","name":"Europe","id":2}},"_languageCode":"en","_currencyCode":"USD","_isAuthorized":true,"_authorizedAsOwnerOnly":false},"variantIds":[49]}	COMPLETED	100	true	\N	2025-05-25 18:26:20.44	2025-05-25 18:26:20.476	t	0	1	49
2025-05-25 16:20:37.904821	2025-05-25 16:26:21.786365	update-search-index	{"type":"update-variants","ctx":{"_apiType":"admin","_channel":{"token":"db6rg7iofk0afkkrcrp","createdAt":"2025-05-25T14:20:33.335Z","updatedAt":"2025-05-25T14:20:35.567Z","code":"__default_channel__","description":"","defaultLanguageCode":"en","availableLanguageCodes":["en"],"defaultCurrencyCode":"USD","availableCurrencyCodes":["USD"],"trackInventory":true,"outOfStockThreshold":0,"pricesIncludeTax":false,"id":1,"sellerId":1,"defaultShippingZone":{"createdAt":"2025-05-25T14:20:33.811Z","updatedAt":"2025-05-25T14:20:33.811Z","name":"Europe","id":2},"defaultTaxZone":{"createdAt":"2025-05-25T14:20:33.811Z","updatedAt":"2025-05-25T14:20:33.811Z","name":"Europe","id":2}},"_languageCode":"en","_currencyCode":"USD","_isAuthorized":true,"_authorizedAsOwnerOnly":false},"variantIds":[55]}	COMPLETED	100	true	\N	2025-05-25 18:26:21.752	2025-05-25 18:26:21.786	t	0	1	55
2025-05-25 16:20:38.032717	2025-05-25 16:26:22.922719	update-search-index	{"type":"update-variants","ctx":{"_apiType":"admin","_channel":{"token":"db6rg7iofk0afkkrcrp","createdAt":"2025-05-25T14:20:33.335Z","updatedAt":"2025-05-25T14:20:35.567Z","code":"__default_channel__","description":"","defaultLanguageCode":"en","availableLanguageCodes":["en"],"defaultCurrencyCode":"USD","availableCurrencyCodes":["USD"],"trackInventory":true,"outOfStockThreshold":0,"pricesIncludeTax":false,"id":1,"sellerId":1,"defaultShippingZone":{"createdAt":"2025-05-25T14:20:33.811Z","updatedAt":"2025-05-25T14:20:33.811Z","name":"Europe","id":2},"defaultTaxZone":{"createdAt":"2025-05-25T14:20:33.811Z","updatedAt":"2025-05-25T14:20:33.811Z","name":"Europe","id":2}},"_languageCode":"en","_currencyCode":"USD","_isAuthorized":true,"_authorizedAsOwnerOnly":false},"variantIds":[60]}	COMPLETED	100	true	\N	2025-05-25 18:26:22.867	2025-05-25 18:26:22.922	t	0	1	60
2025-05-25 16:20:36.27078	2025-05-25 16:20:38.518688	update-search-index	{"type":"update-variants","ctx":{"_apiType":"admin","_channel":{"token":"db6rg7iofk0afkkrcrp","createdAt":"2025-05-25T14:20:33.335Z","updatedAt":"2025-05-25T14:20:35.567Z","code":"__default_channel__","description":"","defaultLanguageCode":"en","availableLanguageCodes":["en"],"defaultCurrencyCode":"USD","availableCurrencyCodes":["USD"],"trackInventory":true,"outOfStockThreshold":0,"pricesIncludeTax":false,"id":1,"sellerId":1,"defaultShippingZone":{"createdAt":"2025-05-25T14:20:33.811Z","updatedAt":"2025-05-25T14:20:33.811Z","name":"Europe","id":2},"defaultTaxZone":{"createdAt":"2025-05-25T14:20:33.811Z","updatedAt":"2025-05-25T14:20:33.811Z","name":"Europe","id":2}},"_languageCode":"en","_currencyCode":"USD","_isAuthorized":true,"_authorizedAsOwnerOnly":false},"variantIds":[14]}	COMPLETED	100	true	\N	2025-05-25 18:20:38.494	2025-05-25 18:20:38.519	t	0	1	14
2025-05-25 16:20:37.836674	2025-05-25 16:26:21.568911	update-search-index	{"type":"update-variants","ctx":{"_apiType":"admin","_channel":{"token":"db6rg7iofk0afkkrcrp","createdAt":"2025-05-25T14:20:33.335Z","updatedAt":"2025-05-25T14:20:35.567Z","code":"__default_channel__","description":"","defaultLanguageCode":"en","availableLanguageCodes":["en"],"defaultCurrencyCode":"USD","availableCurrencyCodes":["USD"],"trackInventory":true,"outOfStockThreshold":0,"pricesIncludeTax":false,"id":1,"sellerId":1,"defaultShippingZone":{"createdAt":"2025-05-25T14:20:33.811Z","updatedAt":"2025-05-25T14:20:33.811Z","name":"Europe","id":2},"defaultTaxZone":{"createdAt":"2025-05-25T14:20:33.811Z","updatedAt":"2025-05-25T14:20:33.811Z","name":"Europe","id":2}},"_languageCode":"en","_currencyCode":"USD","_isAuthorized":true,"_authorizedAsOwnerOnly":false},"variantIds":[54]}	COMPLETED	100	true	\N	2025-05-25 18:26:21.536	2025-05-25 18:26:21.568	t	0	1	54
2025-05-25 16:20:38.176765	2025-05-25 16:26:24.030882	update-search-index	{"type":"update-variants","ctx":{"_apiType":"admin","_channel":{"token":"db6rg7iofk0afkkrcrp","createdAt":"2025-05-25T14:20:33.335Z","updatedAt":"2025-05-25T14:20:35.567Z","code":"__default_channel__","description":"","defaultLanguageCode":"en","availableLanguageCodes":["en"],"defaultCurrencyCode":"USD","availableCurrencyCodes":["USD"],"trackInventory":true,"outOfStockThreshold":0,"pricesIncludeTax":false,"id":1,"sellerId":1,"defaultShippingZone":{"createdAt":"2025-05-25T14:20:33.811Z","updatedAt":"2025-05-25T14:20:33.811Z","name":"Europe","id":2},"defaultTaxZone":{"createdAt":"2025-05-25T14:20:33.811Z","updatedAt":"2025-05-25T14:20:33.811Z","name":"Europe","id":2}},"_languageCode":"en","_currencyCode":"USD","_isAuthorized":true,"_authorizedAsOwnerOnly":false},"variantIds":[65]}	COMPLETED	100	true	\N	2025-05-25 18:26:23.975	2025-05-25 18:26:24.03	t	0	1	65
2025-05-25 16:20:38.310772	2025-05-25 16:26:24.681879	update-search-index	{"type":"update-variants","ctx":{"_apiType":"admin","_channel":{"token":"db6rg7iofk0afkkrcrp","createdAt":"2025-05-25T14:20:33.335Z","updatedAt":"2025-05-25T14:20:35.567Z","code":"__default_channel__","description":"","defaultLanguageCode":"en","availableLanguageCodes":["en"],"defaultCurrencyCode":"USD","availableCurrencyCodes":["USD"],"trackInventory":true,"outOfStockThreshold":0,"pricesIncludeTax":false,"id":1,"sellerId":1,"defaultShippingZone":{"createdAt":"2025-05-25T14:20:33.811Z","updatedAt":"2025-05-25T14:20:33.811Z","name":"Europe","id":2},"defaultTaxZone":{"createdAt":"2025-05-25T14:20:33.811Z","updatedAt":"2025-05-25T14:20:33.811Z","name":"Europe","id":2}},"_languageCode":"en","_currencyCode":"USD","_isAuthorized":true,"_authorizedAsOwnerOnly":false},"variantIds":[68]}	COMPLETED	100	true	\N	2025-05-25 18:26:24.64	2025-05-25 18:26:24.681	t	0	1	68
2025-05-25 16:20:38.602722	2025-05-25 16:26:26.239318	update-search-index	{"type":"update-variants","ctx":{"_apiType":"admin","_channel":{"token":"db6rg7iofk0afkkrcrp","createdAt":"2025-05-25T14:20:33.335Z","updatedAt":"2025-05-25T14:20:35.567Z","code":"__default_channel__","description":"","defaultLanguageCode":"en","availableLanguageCodes":["en"],"defaultCurrencyCode":"USD","availableCurrencyCodes":["USD"],"trackInventory":true,"outOfStockThreshold":0,"pricesIncludeTax":false,"id":1,"sellerId":1,"defaultShippingZone":{"createdAt":"2025-05-25T14:20:33.811Z","updatedAt":"2025-05-25T14:20:33.811Z","name":"Europe","id":2},"defaultTaxZone":{"createdAt":"2025-05-25T14:20:33.811Z","updatedAt":"2025-05-25T14:20:33.811Z","name":"Europe","id":2}},"_languageCode":"en","_currencyCode":"USD","_isAuthorized":true,"_authorizedAsOwnerOnly":false},"variantIds":[75]}	COMPLETED	100	true	\N	2025-05-25 18:26:26.196	2025-05-25 18:26:26.239	t	0	1	75
2025-05-25 16:20:38.798762	2025-05-25 16:26:27.373108	update-search-index	{"type":"update-variants","ctx":{"_apiType":"admin","_channel":{"token":"db6rg7iofk0afkkrcrp","createdAt":"2025-05-25T14:20:33.335Z","updatedAt":"2025-05-25T14:20:35.567Z","code":"__default_channel__","description":"","defaultLanguageCode":"en","availableLanguageCodes":["en"],"defaultCurrencyCode":"USD","availableCurrencyCodes":["USD"],"trackInventory":true,"outOfStockThreshold":0,"pricesIncludeTax":false,"id":1,"sellerId":1,"defaultShippingZone":{"createdAt":"2025-05-25T14:20:33.811Z","updatedAt":"2025-05-25T14:20:33.811Z","name":"Europe","id":2},"defaultTaxZone":{"createdAt":"2025-05-25T14:20:33.811Z","updatedAt":"2025-05-25T14:20:33.811Z","name":"Europe","id":2}},"_languageCode":"en","_currencyCode":"USD","_isAuthorized":true,"_authorizedAsOwnerOnly":false},"variantIds":[80]}	COMPLETED	100	true	\N	2025-05-25 18:26:27.325	2025-05-25 18:26:27.373	t	0	1	80
2025-05-25 16:20:36.16679	2025-05-25 16:20:38.104768	update-search-index	{"type":"update-variants","ctx":{"_apiType":"admin","_channel":{"token":"db6rg7iofk0afkkrcrp","createdAt":"2025-05-25T14:20:33.335Z","updatedAt":"2025-05-25T14:20:35.567Z","code":"__default_channel__","description":"","defaultLanguageCode":"en","availableLanguageCodes":["en"],"defaultCurrencyCode":"USD","availableCurrencyCodes":["USD"],"trackInventory":true,"outOfStockThreshold":0,"pricesIncludeTax":false,"id":1,"sellerId":1,"defaultShippingZone":{"createdAt":"2025-05-25T14:20:33.811Z","updatedAt":"2025-05-25T14:20:33.811Z","name":"Europe","id":2},"defaultTaxZone":{"createdAt":"2025-05-25T14:20:33.811Z","updatedAt":"2025-05-25T14:20:33.811Z","name":"Europe","id":2}},"_languageCode":"en","_currencyCode":"USD","_isAuthorized":true,"_authorizedAsOwnerOnly":false},"variantIds":[12]}	COMPLETED	100	true	\N	2025-05-25 18:20:38.078	2025-05-25 18:20:38.105	t	0	1	12
2025-05-25 16:20:38.642658	2025-05-25 16:26:26.47687	update-search-index	{"type":"update-variants","ctx":{"_apiType":"admin","_channel":{"token":"db6rg7iofk0afkkrcrp","createdAt":"2025-05-25T14:20:33.335Z","updatedAt":"2025-05-25T14:20:35.567Z","code":"__default_channel__","description":"","defaultLanguageCode":"en","availableLanguageCodes":["en"],"defaultCurrencyCode":"USD","availableCurrencyCodes":["USD"],"trackInventory":true,"outOfStockThreshold":0,"pricesIncludeTax":false,"id":1,"sellerId":1,"defaultShippingZone":{"createdAt":"2025-05-25T14:20:33.811Z","updatedAt":"2025-05-25T14:20:33.811Z","name":"Europe","id":2},"defaultTaxZone":{"createdAt":"2025-05-25T14:20:33.811Z","updatedAt":"2025-05-25T14:20:33.811Z","name":"Europe","id":2}},"_languageCode":"en","_currencyCode":"USD","_isAuthorized":true,"_authorizedAsOwnerOnly":false},"variantIds":[76]}	COMPLETED	100	true	\N	2025-05-25 18:26:26.423	2025-05-25 18:26:26.476	t	0	1	76
2025-05-25 16:20:39.466409	2025-05-25 16:26:30.4816	update-search-index	{"type":"update-variants-by-id","ctx":{"_apiType":"admin","_channel":{"token":"db6rg7iofk0afkkrcrp","createdAt":"2025-05-25T14:20:33.335Z","updatedAt":"2025-05-25T14:20:35.567Z","code":"__default_channel__","description":"","defaultLanguageCode":"en","availableLanguageCodes":["en"],"defaultCurrencyCode":"USD","availableCurrencyCodes":["USD"],"trackInventory":true,"outOfStockThreshold":0,"pricesIncludeTax":false,"id":1,"sellerId":1,"defaultShippingZone":{"createdAt":"2025-05-25T14:20:33.811Z","updatedAt":"2025-05-25T14:20:33.811Z","name":"Europe","id":2},"defaultTaxZone":{"createdAt":"2025-05-25T14:20:33.811Z","updatedAt":"2025-05-25T14:20:33.811Z","name":"Europe","id":2}},"_languageCode":"en","_currencyCode":"USD","_isAuthorized":true,"_authorizedAsOwnerOnly":false},"ids":[1,2,3,4,5,6,7,8,9,10,11,12,13,14,15,16,17,18,19,20,21,22,23,24,25]}	COMPLETED	100	{"success":true,"indexedItemCount":25,"timeTaken":112}	\N	2025-05-25 18:26:30.361	2025-05-25 18:26:30.481	t	0	1	100
2025-05-25 16:20:36.288663	2025-05-25 16:20:38.726751	update-search-index	{"type":"update-variants","ctx":{"_apiType":"admin","_channel":{"token":"db6rg7iofk0afkkrcrp","createdAt":"2025-05-25T14:20:33.335Z","updatedAt":"2025-05-25T14:20:35.567Z","code":"__default_channel__","description":"","defaultLanguageCode":"en","availableLanguageCodes":["en"],"defaultCurrencyCode":"USD","availableCurrencyCodes":["USD"],"trackInventory":true,"outOfStockThreshold":0,"pricesIncludeTax":false,"id":1,"sellerId":1,"defaultShippingZone":{"createdAt":"2025-05-25T14:20:33.811Z","updatedAt":"2025-05-25T14:20:33.811Z","name":"Europe","id":2},"defaultTaxZone":{"createdAt":"2025-05-25T14:20:33.811Z","updatedAt":"2025-05-25T14:20:33.811Z","name":"Europe","id":2}},"_languageCode":"en","_currencyCode":"USD","_isAuthorized":true,"_authorizedAsOwnerOnly":false},"variantIds":[15]}	COMPLETED	100	true	\N	2025-05-25 18:20:38.702	2025-05-25 18:20:38.727	t	0	1	15
2025-05-25 16:20:38.509005	2025-05-25 16:26:25.790617	update-search-index	{"type":"update-variants","ctx":{"_apiType":"admin","_channel":{"token":"db6rg7iofk0afkkrcrp","createdAt":"2025-05-25T14:20:33.335Z","updatedAt":"2025-05-25T14:20:35.567Z","code":"__default_channel__","description":"","defaultLanguageCode":"en","availableLanguageCodes":["en"],"defaultCurrencyCode":"USD","availableCurrencyCodes":["USD"],"trackInventory":true,"outOfStockThreshold":0,"pricesIncludeTax":false,"id":1,"sellerId":1,"defaultShippingZone":{"createdAt":"2025-05-25T14:20:33.811Z","updatedAt":"2025-05-25T14:20:33.811Z","name":"Europe","id":2},"defaultTaxZone":{"createdAt":"2025-05-25T14:20:33.811Z","updatedAt":"2025-05-25T14:20:33.811Z","name":"Europe","id":2}},"_languageCode":"en","_currencyCode":"USD","_isAuthorized":true,"_authorizedAsOwnerOnly":false},"variantIds":[73]}	COMPLETED	100	true	\N	2025-05-25 18:26:25.759	2025-05-25 18:26:25.79	t	0	1	73
2025-05-25 16:20:39.674419	2025-05-25 16:26:30.658749	update-search-index	{"type":"update-variants-by-id","ctx":{"_apiType":"admin","_channel":{"token":"db6rg7iofk0afkkrcrp","createdAt":"2025-05-25T14:20:33.335Z","updatedAt":"2025-05-25T14:20:35.567Z","code":"__default_channel__","description":"","defaultLanguageCode":"en","availableLanguageCodes":["en"],"defaultCurrencyCode":"USD","availableCurrencyCodes":["USD"],"trackInventory":true,"outOfStockThreshold":0,"pricesIncludeTax":false,"id":1,"sellerId":1,"defaultShippingZone":{"createdAt":"2025-05-25T14:20:33.811Z","updatedAt":"2025-05-25T14:20:33.811Z","name":"Europe","id":2},"defaultTaxZone":{"createdAt":"2025-05-25T14:20:33.811Z","updatedAt":"2025-05-25T14:20:33.811Z","name":"Europe","id":2}},"_languageCode":"en","_currencyCode":"USD","_isAuthorized":true,"_authorizedAsOwnerOnly":false},"ids":[26,27,28,29,30,31,32,33,34]}	COMPLETED	100	{"success":true,"indexedItemCount":9,"timeTaken":69}	\N	2025-05-25 18:26:30.576	2025-05-25 18:26:30.658	t	0	1	101
2025-05-25 16:20:39.082736	2025-05-25 16:26:28.707058	update-search-index	{"type":"update-variants","ctx":{"_apiType":"admin","_channel":{"token":"db6rg7iofk0afkkrcrp","createdAt":"2025-05-25T14:20:33.335Z","updatedAt":"2025-05-25T14:20:35.567Z","code":"__default_channel__","description":"","defaultLanguageCode":"en","availableLanguageCodes":["en"],"defaultCurrencyCode":"USD","availableCurrencyCodes":["USD"],"trackInventory":true,"outOfStockThreshold":0,"pricesIncludeTax":false,"id":1,"sellerId":1,"defaultShippingZone":{"createdAt":"2025-05-25T14:20:33.811Z","updatedAt":"2025-05-25T14:20:33.811Z","name":"Europe","id":2},"defaultTaxZone":{"createdAt":"2025-05-25T14:20:33.811Z","updatedAt":"2025-05-25T14:20:33.811Z","name":"Europe","id":2}},"_languageCode":"en","_currencyCode":"USD","_isAuthorized":true,"_authorizedAsOwnerOnly":false},"variantIds":[86]}	COMPLETED	100	true	\N	2025-05-25 18:26:28.653	2025-05-25 18:26:28.706	t	0	1	86
2025-05-25 16:20:36.470662	2025-05-25 16:20:40.207032	update-search-index	{"type":"update-variants","ctx":{"_apiType":"admin","_channel":{"token":"db6rg7iofk0afkkrcrp","createdAt":"2025-05-25T14:20:33.335Z","updatedAt":"2025-05-25T14:20:35.567Z","code":"__default_channel__","description":"","defaultLanguageCode":"en","availableLanguageCodes":["en"],"defaultCurrencyCode":"USD","availableCurrencyCodes":["USD"],"trackInventory":true,"outOfStockThreshold":0,"pricesIncludeTax":false,"id":1,"sellerId":1,"defaultShippingZone":{"createdAt":"2025-05-25T14:20:33.811Z","updatedAt":"2025-05-25T14:20:33.811Z","name":"Europe","id":2},"defaultTaxZone":{"createdAt":"2025-05-25T14:20:33.811Z","updatedAt":"2025-05-25T14:20:33.811Z","name":"Europe","id":2}},"_languageCode":"en","_currencyCode":"USD","_isAuthorized":true,"_authorizedAsOwnerOnly":false},"variantIds":[22]}	COMPLETED	100	true	\N	2025-05-25 18:20:40.18	2025-05-25 18:20:40.207	t	0	1	22
2025-05-25 16:20:39.014961	2025-05-25 16:26:28.470735	update-search-index	{"type":"update-variants","ctx":{"_apiType":"admin","_channel":{"token":"db6rg7iofk0afkkrcrp","createdAt":"2025-05-25T14:20:33.335Z","updatedAt":"2025-05-25T14:20:35.567Z","code":"__default_channel__","description":"","defaultLanguageCode":"en","availableLanguageCodes":["en"],"defaultCurrencyCode":"USD","availableCurrencyCodes":["USD"],"trackInventory":true,"outOfStockThreshold":0,"pricesIncludeTax":false,"id":1,"sellerId":1,"defaultShippingZone":{"createdAt":"2025-05-25T14:20:33.811Z","updatedAt":"2025-05-25T14:20:33.811Z","name":"Europe","id":2},"defaultTaxZone":{"createdAt":"2025-05-25T14:20:33.811Z","updatedAt":"2025-05-25T14:20:33.811Z","name":"Europe","id":2}},"_languageCode":"en","_currencyCode":"USD","_isAuthorized":true,"_authorizedAsOwnerOnly":false},"variantIds":[85]}	COMPLETED	100	true	\N	2025-05-25 18:26:28.428	2025-05-25 18:26:28.47	t	0	1	85
2025-05-25 16:20:39.182662	2025-05-25 16:20:39.41511	apply-collection-filters	{"ctx":{"languageCode":"en","channelToken":"db6rg7iofk0afkkrcrp"},"collectionIds":[3]}	COMPLETED	100	{"processedCollections":1}	\N	2025-05-25 18:20:39.396	2025-05-25 18:20:39.415	t	0	1	90
2025-05-25 16:20:39.16467	2025-05-25 16:20:39.205145	apply-collection-filters	{"ctx":{"languageCode":"en","channelToken":"db6rg7iofk0afkkrcrp"},"collectionIds":[2]}	COMPLETED	100	{"processedCollections":1}	\N	2025-05-25 18:20:39.191	2025-05-25 18:20:39.205	t	0	1	89
2025-05-25 16:20:36.392814	2025-05-25 16:20:39.358796	update-search-index	{"type":"update-variants","ctx":{"_apiType":"admin","_channel":{"token":"db6rg7iofk0afkkrcrp","createdAt":"2025-05-25T14:20:33.335Z","updatedAt":"2025-05-25T14:20:35.567Z","code":"__default_channel__","description":"","defaultLanguageCode":"en","availableLanguageCodes":["en"],"defaultCurrencyCode":"USD","availableCurrencyCodes":["USD"],"trackInventory":true,"outOfStockThreshold":0,"pricesIncludeTax":false,"id":1,"sellerId":1,"defaultShippingZone":{"createdAt":"2025-05-25T14:20:33.811Z","updatedAt":"2025-05-25T14:20:33.811Z","name":"Europe","id":2},"defaultTaxZone":{"createdAt":"2025-05-25T14:20:33.811Z","updatedAt":"2025-05-25T14:20:33.811Z","name":"Europe","id":2}},"_languageCode":"en","_currencyCode":"USD","_isAuthorized":true,"_authorizedAsOwnerOnly":false},"variantIds":[18]}	COMPLETED	100	true	\N	2025-05-25 18:20:39.332	2025-05-25 18:20:39.359	t	0	1	18
2025-05-25 16:20:39.236524	2025-05-25 16:20:40.037355	apply-collection-filters	{"ctx":{"languageCode":"en","channelToken":"db6rg7iofk0afkkrcrp"},"collectionIds":[6]}	COMPLETED	100	{"processedCollections":1}	\N	2025-05-25 18:20:40.022	2025-05-25 18:20:40.037	t	0	1	93
2025-05-25 16:20:39.202818	2025-05-25 16:20:39.623076	apply-collection-filters	{"ctx":{"languageCode":"en","channelToken":"db6rg7iofk0afkkrcrp"},"collectionIds":[4]}	COMPLETED	100	{"processedCollections":1}	\N	2025-05-25 18:20:39.607	2025-05-25 18:20:39.623	t	0	1	91
2025-05-25 16:20:39.108831	2025-05-25 16:26:28.915848	update-search-index	{"type":"update-variants","ctx":{"_apiType":"admin","_channel":{"token":"db6rg7iofk0afkkrcrp","createdAt":"2025-05-25T14:20:33.335Z","updatedAt":"2025-05-25T14:20:35.567Z","code":"__default_channel__","description":"","defaultLanguageCode":"en","availableLanguageCodes":["en"],"defaultCurrencyCode":"USD","availableCurrencyCodes":["USD"],"trackInventory":true,"outOfStockThreshold":0,"pricesIncludeTax":false,"id":1,"sellerId":1,"defaultShippingZone":{"createdAt":"2025-05-25T14:20:33.811Z","updatedAt":"2025-05-25T14:20:33.811Z","name":"Europe","id":2},"defaultTaxZone":{"createdAt":"2025-05-25T14:20:33.811Z","updatedAt":"2025-05-25T14:20:33.811Z","name":"Europe","id":2}},"_languageCode":"en","_currencyCode":"USD","_isAuthorized":true,"_authorizedAsOwnerOnly":false},"variantIds":[87]}	COMPLETED	100	true	\N	2025-05-25 18:26:28.877	2025-05-25 18:26:28.915	t	0	1	87
2025-05-25 16:20:39.250705	2025-05-25 16:20:40.241227	apply-collection-filters	{"ctx":{"languageCode":"en","channelToken":"db6rg7iofk0afkkrcrp"},"collectionIds":[7]}	COMPLETED	100	{"processedCollections":1}	\N	2025-05-25 18:20:40.228	2025-05-25 18:20:40.241	t	0	1	94
2025-05-25 16:20:39.268639	2025-05-25 16:20:40.445056	apply-collection-filters	{"ctx":{"languageCode":"en","channelToken":"db6rg7iofk0afkkrcrp"},"collectionIds":[8]}	COMPLETED	100	{"processedCollections":1}	\N	2025-05-25 18:20:40.435	2025-05-25 18:20:40.445	t	0	1	96
2025-05-25 16:20:39.220559	2025-05-25 16:20:39.829016	apply-collection-filters	{"ctx":{"languageCode":"en","channelToken":"db6rg7iofk0afkkrcrp"},"collectionIds":[5]}	COMPLETED	100	{"processedCollections":1}	\N	2025-05-25 18:20:39.815	2025-05-25 18:20:39.829	t	0	1	92
2025-05-25 16:20:39.282535	2025-05-25 16:20:40.653233	apply-collection-filters	{"ctx":{"languageCode":"en","channelToken":"db6rg7iofk0afkkrcrp"},"collectionIds":[9]}	COMPLETED	100	{"processedCollections":1}	\N	2025-05-25 18:20:40.64	2025-05-25 18:20:40.653	t	0	1	97
2025-05-25 16:20:39.298607	2025-05-25 16:20:40.860365	apply-collection-filters	{"ctx":{"languageCode":"en","channelToken":"db6rg7iofk0afkkrcrp"},"collectionIds":[10]}	COMPLETED	100	{"processedCollections":1}	\N	2025-05-25 18:20:40.846	2025-05-25 18:20:40.86	t	0	1	98
2025-05-25 16:20:38.970693	2025-05-25 16:26:28.243696	update-search-index	{"type":"update-variants","ctx":{"_apiType":"admin","_channel":{"token":"db6rg7iofk0afkkrcrp","createdAt":"2025-05-25T14:20:33.335Z","updatedAt":"2025-05-25T14:20:35.567Z","code":"__default_channel__","description":"","defaultLanguageCode":"en","availableLanguageCodes":["en"],"defaultCurrencyCode":"USD","availableCurrencyCodes":["USD"],"trackInventory":true,"outOfStockThreshold":0,"pricesIncludeTax":false,"id":1,"sellerId":1,"defaultShippingZone":{"createdAt":"2025-05-25T14:20:33.811Z","updatedAt":"2025-05-25T14:20:33.811Z","name":"Europe","id":2},"defaultTaxZone":{"createdAt":"2025-05-25T14:20:33.811Z","updatedAt":"2025-05-25T14:20:33.811Z","name":"Europe","id":2}},"_languageCode":"en","_currencyCode":"USD","_isAuthorized":true,"_authorizedAsOwnerOnly":false},"variantIds":[84]}	COMPLETED	100	true	\N	2025-05-25 18:26:28.209	2025-05-25 18:26:28.243	t	0	1	84
2025-05-25 16:20:39.35327	2025-05-25 16:26:30.260281	update-search-index	{"type":"reindex","ctx":{"_apiType":"admin","_channel":{"token":"db6rg7iofk0afkkrcrp","createdAt":"2025-05-25T14:20:33.335Z","updatedAt":"2025-05-25T14:20:35.567Z","code":"__default_channel__","description":"","defaultLanguageCode":"en","availableLanguageCodes":["en"],"defaultCurrencyCode":"USD","availableCurrencyCodes":["USD"],"trackInventory":true,"outOfStockThreshold":0,"pricesIncludeTax":false,"id":1,"sellerId":1,"defaultShippingZone":{"createdAt":"2025-05-25T14:20:33.811Z","updatedAt":"2025-05-25T14:20:33.811Z","name":"Europe","id":2},"defaultTaxZone":{"createdAt":"2025-05-25T14:20:33.811Z","updatedAt":"2025-05-25T14:20:33.811Z","name":"Europe","id":2}},"_session":{"user":{"id":1,"identifier":"superadmin","verified":true,"channelPermissions":[]},"id":"__dummy_session_id__","token":"__dummy_session_token__","expires":"2026-05-25T22:20:39.138Z","cacheExpiry":31557600000},"_languageCode":"en","_currencyCode":"USD","_isAuthorized":true,"_authorizedAsOwnerOnly":false}}	COMPLETED	100	{"success":true,"indexedItemCount":88,"timeTaken":501}	\N	2025-05-25 18:26:29.746	2025-05-25 18:26:30.26	t	0	1	99
2025-05-25 16:20:40.088891	2025-05-25 16:26:31.111279	update-search-index	{"type":"update-variants-by-id","ctx":{"_apiType":"admin","_channel":{"token":"db6rg7iofk0afkkrcrp","createdAt":"2025-05-25T14:20:33.335Z","updatedAt":"2025-05-25T14:20:35.567Z","code":"__default_channel__","description":"","defaultLanguageCode":"en","availableLanguageCodes":["en"],"defaultCurrencyCode":"USD","availableCurrencyCodes":["USD"],"trackInventory":true,"outOfStockThreshold":0,"pricesIncludeTax":false,"id":1,"sellerId":1,"defaultShippingZone":{"createdAt":"2025-05-25T14:20:33.811Z","updatedAt":"2025-05-25T14:20:33.811Z","name":"Europe","id":2},"defaultTaxZone":{"createdAt":"2025-05-25T14:20:33.811Z","updatedAt":"2025-05-25T14:20:33.811Z","name":"Europe","id":2}},"_languageCode":"en","_currencyCode":"USD","_isAuthorized":true,"_authorizedAsOwnerOnly":false},"ids":[75,77,78,79,80,81,82,83,84,85,86,87,88]}	COMPLETED	100	{"success":true,"indexedItemCount":13,"timeTaken":79}	\N	2025-05-25 18:26:31.022	2025-05-25 18:26:31.111	t	0	1	103
2025-05-25 16:20:40.292354	2025-05-25 16:26:31.318287	update-search-index	{"type":"update-variants-by-id","ctx":{"_apiType":"admin","_channel":{"token":"db6rg7iofk0afkkrcrp","createdAt":"2025-05-25T14:20:33.335Z","updatedAt":"2025-05-25T14:20:35.567Z","code":"__default_channel__","description":"","defaultLanguageCode":"en","availableLanguageCodes":["en"],"defaultCurrencyCode":"USD","availableCurrencyCodes":["USD"],"trackInventory":true,"outOfStockThreshold":0,"pricesIncludeTax":false,"id":1,"sellerId":1,"defaultShippingZone":{"createdAt":"2025-05-25T14:20:33.811Z","updatedAt":"2025-05-25T14:20:33.811Z","name":"Europe","id":2},"defaultTaxZone":{"createdAt":"2025-05-25T14:20:33.811Z","updatedAt":"2025-05-25T14:20:33.811Z","name":"Europe","id":2}},"_languageCode":"en","_currencyCode":"USD","_isAuthorized":true,"_authorizedAsOwnerOnly":false},"ids":[67,68,69,70,71,72,73,74,76]}	COMPLETED	100	{"success":true,"indexedItemCount":9,"timeTaken":66}	\N	2025-05-25 18:26:31.235	2025-05-25 18:26:31.318	t	0	1	104
2025-05-25 16:20:36.452716	2025-05-25 16:20:39.99688	update-search-index	{"type":"update-variants","ctx":{"_apiType":"admin","_channel":{"token":"db6rg7iofk0afkkrcrp","createdAt":"2025-05-25T14:20:33.335Z","updatedAt":"2025-05-25T14:20:35.567Z","code":"__default_channel__","description":"","defaultLanguageCode":"en","availableLanguageCodes":["en"],"defaultCurrencyCode":"USD","availableCurrencyCodes":["USD"],"trackInventory":true,"outOfStockThreshold":0,"pricesIncludeTax":false,"id":1,"sellerId":1,"defaultShippingZone":{"createdAt":"2025-05-25T14:20:33.811Z","updatedAt":"2025-05-25T14:20:33.811Z","name":"Europe","id":2},"defaultTaxZone":{"createdAt":"2025-05-25T14:20:33.811Z","updatedAt":"2025-05-25T14:20:33.811Z","name":"Europe","id":2}},"_languageCode":"en","_currencyCode":"USD","_isAuthorized":true,"_authorizedAsOwnerOnly":false},"variantIds":[21]}	COMPLETED	100	true	\N	2025-05-25 18:20:39.97	2025-05-25 18:20:39.997	t	0	1	21
2025-05-25 16:20:36.546821	2025-05-25 16:20:40.646974	update-search-index	{"type":"update-variants","ctx":{"_apiType":"admin","_channel":{"token":"db6rg7iofk0afkkrcrp","createdAt":"2025-05-25T14:20:33.335Z","updatedAt":"2025-05-25T14:20:35.567Z","code":"__default_channel__","description":"","defaultLanguageCode":"en","availableLanguageCodes":["en"],"defaultCurrencyCode":"USD","availableCurrencyCodes":["USD"],"trackInventory":true,"outOfStockThreshold":0,"pricesIncludeTax":false,"id":1,"sellerId":1,"defaultShippingZone":{"createdAt":"2025-05-25T14:20:33.811Z","updatedAt":"2025-05-25T14:20:33.811Z","name":"Europe","id":2},"defaultTaxZone":{"createdAt":"2025-05-25T14:20:33.811Z","updatedAt":"2025-05-25T14:20:33.811Z","name":"Europe","id":2}},"_languageCode":"en","_currencyCode":"USD","_isAuthorized":true,"_authorizedAsOwnerOnly":false},"variantIds":[24]}	COMPLETED	100	true	\N	2025-05-25 18:20:40.605	2025-05-25 18:20:40.647	t	0	1	24
2025-05-25 16:20:39.880938	2025-05-25 16:26:30.957826	update-search-index	{"type":"update-variants-by-id","ctx":{"_apiType":"admin","_channel":{"token":"db6rg7iofk0afkkrcrp","createdAt":"2025-05-25T14:20:33.335Z","updatedAt":"2025-05-25T14:20:35.567Z","code":"__default_channel__","description":"","defaultLanguageCode":"en","availableLanguageCodes":["en"],"defaultCurrencyCode":"USD","availableCurrencyCodes":["USD"],"trackInventory":true,"outOfStockThreshold":0,"pricesIncludeTax":false,"id":1,"sellerId":1,"defaultShippingZone":{"createdAt":"2025-05-25T14:20:33.811Z","updatedAt":"2025-05-25T14:20:33.811Z","name":"Europe","id":2},"defaultTaxZone":{"createdAt":"2025-05-25T14:20:33.811Z","updatedAt":"2025-05-25T14:20:33.811Z","name":"Europe","id":2}},"_languageCode":"en","_currencyCode":"USD","_isAuthorized":true,"_authorizedAsOwnerOnly":false},"ids":[67,68,69,70,71,72,73,74,75,76,77,78,79,80,81,82,83,84,85,86,87,88]}	COMPLETED	100	{"success":true,"indexedItemCount":22,"timeTaken":140}	\N	2025-05-25 18:26:30.795	2025-05-25 18:26:30.957	t	0	1	102
2025-05-25 16:20:40.495396	2025-05-25 16:26:31.611064	update-search-index	{"type":"update-variants-by-id","ctx":{"_apiType":"admin","_channel":{"token":"db6rg7iofk0afkkrcrp","createdAt":"2025-05-25T14:20:33.335Z","updatedAt":"2025-05-25T14:20:35.567Z","code":"__default_channel__","description":"","defaultLanguageCode":"en","availableLanguageCodes":["en"],"defaultCurrencyCode":"USD","availableCurrencyCodes":["USD"],"trackInventory":true,"outOfStockThreshold":0,"pricesIncludeTax":false,"id":1,"sellerId":1,"defaultShippingZone":{"createdAt":"2025-05-25T14:20:33.811Z","updatedAt":"2025-05-25T14:20:33.811Z","name":"Europe","id":2},"defaultTaxZone":{"createdAt":"2025-05-25T14:20:33.811Z","updatedAt":"2025-05-25T14:20:33.811Z","name":"Europe","id":2}},"_languageCode":"en","_currencyCode":"USD","_isAuthorized":true,"_authorizedAsOwnerOnly":false},"ids":[35,36,37,38,39,40,41,42,43,44,45,46,47,48,49,50,51,52,53,54,55,56,57,58,59,60,61,62,63,64,65,66]}	COMPLETED	100	{"success":true,"indexedItemCount":32,"timeTaken":135}	\N	2025-05-25 18:26:31.456	2025-05-25 18:26:31.611	t	0	1	105
2025-05-25 16:20:36.642668	2025-05-25 16:20:41.069388	update-search-index	{"type":"update-variants","ctx":{"_apiType":"admin","_channel":{"token":"db6rg7iofk0afkkrcrp","createdAt":"2025-05-25T14:20:33.335Z","updatedAt":"2025-05-25T14:20:35.567Z","code":"__default_channel__","description":"","defaultLanguageCode":"en","availableLanguageCodes":["en"],"defaultCurrencyCode":"USD","availableCurrencyCodes":["USD"],"trackInventory":true,"outOfStockThreshold":0,"pricesIncludeTax":false,"id":1,"sellerId":1,"defaultShippingZone":{"createdAt":"2025-05-25T14:20:33.811Z","updatedAt":"2025-05-25T14:20:33.811Z","name":"Europe","id":2},"defaultTaxZone":{"createdAt":"2025-05-25T14:20:33.811Z","updatedAt":"2025-05-25T14:20:33.811Z","name":"Europe","id":2}},"_languageCode":"en","_currencyCode":"USD","_isAuthorized":true,"_authorizedAsOwnerOnly":false},"variantIds":[26]}	COMPLETED	100	true	\N	2025-05-25 18:20:41.044	2025-05-25 18:20:41.07	t	0	1	26
2025-05-25 16:20:36.68477	2025-05-25 16:20:41.288152	update-search-index	{"type":"update-variants","ctx":{"_apiType":"admin","_channel":{"token":"db6rg7iofk0afkkrcrp","createdAt":"2025-05-25T14:20:33.335Z","updatedAt":"2025-05-25T14:20:35.567Z","code":"__default_channel__","description":"","defaultLanguageCode":"en","availableLanguageCodes":["en"],"defaultCurrencyCode":"USD","availableCurrencyCodes":["USD"],"trackInventory":true,"outOfStockThreshold":0,"pricesIncludeTax":false,"id":1,"sellerId":1,"defaultShippingZone":{"createdAt":"2025-05-25T14:20:33.811Z","updatedAt":"2025-05-25T14:20:33.811Z","name":"Europe","id":2},"defaultTaxZone":{"createdAt":"2025-05-25T14:20:33.811Z","updatedAt":"2025-05-25T14:20:33.811Z","name":"Europe","id":2}},"_languageCode":"en","_currencyCode":"USD","_isAuthorized":true,"_authorizedAsOwnerOnly":false},"variantIds":[27]}	COMPLETED	100	true	\N	2025-05-25 18:20:41.253	2025-05-25 18:20:41.288	t	0	1	27
2025-05-25 16:20:36.76871	2025-05-25 16:26:16.075081	update-search-index	{"type":"update-variants","ctx":{"_apiType":"admin","_channel":{"token":"db6rg7iofk0afkkrcrp","createdAt":"2025-05-25T14:20:33.335Z","updatedAt":"2025-05-25T14:20:35.567Z","code":"__default_channel__","description":"","defaultLanguageCode":"en","availableLanguageCodes":["en"],"defaultCurrencyCode":"USD","availableCurrencyCodes":["USD"],"trackInventory":true,"outOfStockThreshold":0,"pricesIncludeTax":false,"id":1,"sellerId":1,"defaultShippingZone":{"createdAt":"2025-05-25T14:20:33.811Z","updatedAt":"2025-05-25T14:20:33.811Z","name":"Europe","id":2},"defaultTaxZone":{"createdAt":"2025-05-25T14:20:33.811Z","updatedAt":"2025-05-25T14:20:33.811Z","name":"Europe","id":2}},"_languageCode":"en","_currencyCode":"USD","_isAuthorized":true,"_authorizedAsOwnerOnly":false},"variantIds":[29]}	COMPLETED	100	true	\N	2025-05-25 18:26:16.029	2025-05-25 18:26:16.075	t	0	1	29
2025-05-25 16:20:36.908804	2025-05-25 16:26:16.729713	update-search-index	{"type":"update-variants","ctx":{"_apiType":"admin","_channel":{"token":"db6rg7iofk0afkkrcrp","createdAt":"2025-05-25T14:20:33.335Z","updatedAt":"2025-05-25T14:20:35.567Z","code":"__default_channel__","description":"","defaultLanguageCode":"en","availableLanguageCodes":["en"],"defaultCurrencyCode":"USD","availableCurrencyCodes":["USD"],"trackInventory":true,"outOfStockThreshold":0,"pricesIncludeTax":false,"id":1,"sellerId":1,"defaultShippingZone":{"createdAt":"2025-05-25T14:20:33.811Z","updatedAt":"2025-05-25T14:20:33.811Z","name":"Europe","id":2},"defaultTaxZone":{"createdAt":"2025-05-25T14:20:33.811Z","updatedAt":"2025-05-25T14:20:33.811Z","name":"Europe","id":2}},"_languageCode":"en","_currencyCode":"USD","_isAuthorized":true,"_authorizedAsOwnerOnly":false},"variantIds":[32]}	COMPLETED	100	true	\N	2025-05-25 18:26:16.683	2025-05-25 18:26:16.73	t	0	1	32
2025-05-25 16:20:36.998888	2025-05-25 16:26:17.185107	update-search-index	{"type":"update-variants","ctx":{"_apiType":"admin","_channel":{"token":"db6rg7iofk0afkkrcrp","createdAt":"2025-05-25T14:20:33.335Z","updatedAt":"2025-05-25T14:20:35.567Z","code":"__default_channel__","description":"","defaultLanguageCode":"en","availableLanguageCodes":["en"],"defaultCurrencyCode":"USD","availableCurrencyCodes":["USD"],"trackInventory":true,"outOfStockThreshold":0,"pricesIncludeTax":false,"id":1,"sellerId":1,"defaultShippingZone":{"createdAt":"2025-05-25T14:20:33.811Z","updatedAt":"2025-05-25T14:20:33.811Z","name":"Europe","id":2},"defaultTaxZone":{"createdAt":"2025-05-25T14:20:33.811Z","updatedAt":"2025-05-25T14:20:33.811Z","name":"Europe","id":2}},"_languageCode":"en","_currencyCode":"USD","_isAuthorized":true,"_authorizedAsOwnerOnly":false},"variantIds":[34]}	COMPLETED	100	true	\N	2025-05-25 18:26:17.125	2025-05-25 18:26:17.185	t	0	1	34
2025-05-25 16:20:37.154791	2025-05-25 16:26:17.854597	update-search-index	{"type":"update-variants","ctx":{"_apiType":"admin","_channel":{"token":"db6rg7iofk0afkkrcrp","createdAt":"2025-05-25T14:20:33.335Z","updatedAt":"2025-05-25T14:20:35.567Z","code":"__default_channel__","description":"","defaultLanguageCode":"en","availableLanguageCodes":["en"],"defaultCurrencyCode":"USD","availableCurrencyCodes":["USD"],"trackInventory":true,"outOfStockThreshold":0,"pricesIncludeTax":false,"id":1,"sellerId":1,"defaultShippingZone":{"createdAt":"2025-05-25T14:20:33.811Z","updatedAt":"2025-05-25T14:20:33.811Z","name":"Europe","id":2},"defaultTaxZone":{"createdAt":"2025-05-25T14:20:33.811Z","updatedAt":"2025-05-25T14:20:33.811Z","name":"Europe","id":2}},"_languageCode":"en","_currencyCode":"USD","_isAuthorized":true,"_authorizedAsOwnerOnly":false},"variantIds":[37]}	COMPLETED	100	true	\N	2025-05-25 18:26:17.814	2025-05-25 18:26:17.855	t	0	1	37
2025-05-25 16:20:37.302797	2025-05-25 16:26:18.514292	update-search-index	{"type":"update-variants","ctx":{"_apiType":"admin","_channel":{"token":"db6rg7iofk0afkkrcrp","createdAt":"2025-05-25T14:20:33.335Z","updatedAt":"2025-05-25T14:20:35.567Z","code":"__default_channel__","description":"","defaultLanguageCode":"en","availableLanguageCodes":["en"],"defaultCurrencyCode":"USD","availableCurrencyCodes":["USD"],"trackInventory":true,"outOfStockThreshold":0,"pricesIncludeTax":false,"id":1,"sellerId":1,"defaultShippingZone":{"createdAt":"2025-05-25T14:20:33.811Z","updatedAt":"2025-05-25T14:20:33.811Z","name":"Europe","id":2},"defaultTaxZone":{"createdAt":"2025-05-25T14:20:33.811Z","updatedAt":"2025-05-25T14:20:33.811Z","name":"Europe","id":2}},"_languageCode":"en","_currencyCode":"USD","_isAuthorized":true,"_authorizedAsOwnerOnly":false},"variantIds":[40]}	COMPLETED	100	true	\N	2025-05-25 18:26:18.468	2025-05-25 18:26:18.514	t	0	1	40
2025-05-25 16:20:37.574899	2025-05-25 16:26:19.824491	update-search-index	{"type":"update-variants","ctx":{"_apiType":"admin","_channel":{"token":"db6rg7iofk0afkkrcrp","createdAt":"2025-05-25T14:20:33.335Z","updatedAt":"2025-05-25T14:20:35.567Z","code":"__default_channel__","description":"","defaultLanguageCode":"en","availableLanguageCodes":["en"],"defaultCurrencyCode":"USD","availableCurrencyCodes":["USD"],"trackInventory":true,"outOfStockThreshold":0,"pricesIncludeTax":false,"id":1,"sellerId":1,"defaultShippingZone":{"createdAt":"2025-05-25T14:20:33.811Z","updatedAt":"2025-05-25T14:20:33.811Z","name":"Europe","id":2},"defaultTaxZone":{"createdAt":"2025-05-25T14:20:33.811Z","updatedAt":"2025-05-25T14:20:33.811Z","name":"Europe","id":2}},"_languageCode":"en","_currencyCode":"USD","_isAuthorized":true,"_authorizedAsOwnerOnly":false},"variantIds":[46]}	COMPLETED	100	true	\N	2025-05-25 18:26:19.785	2025-05-25 18:26:19.824	t	0	1	46
2025-05-25 16:20:37.818735	2025-05-25 16:26:21.35733	update-search-index	{"type":"update-variants","ctx":{"_apiType":"admin","_channel":{"token":"db6rg7iofk0afkkrcrp","createdAt":"2025-05-25T14:20:33.335Z","updatedAt":"2025-05-25T14:20:35.567Z","code":"__default_channel__","description":"","defaultLanguageCode":"en","availableLanguageCodes":["en"],"defaultCurrencyCode":"USD","availableCurrencyCodes":["USD"],"trackInventory":true,"outOfStockThreshold":0,"pricesIncludeTax":false,"id":1,"sellerId":1,"defaultShippingZone":{"createdAt":"2025-05-25T14:20:33.811Z","updatedAt":"2025-05-25T14:20:33.811Z","name":"Europe","id":2},"defaultTaxZone":{"createdAt":"2025-05-25T14:20:33.811Z","updatedAt":"2025-05-25T14:20:33.811Z","name":"Europe","id":2}},"_languageCode":"en","_currencyCode":"USD","_isAuthorized":true,"_authorizedAsOwnerOnly":false},"variantIds":[53]}	COMPLETED	100	true	\N	2025-05-25 18:26:21.319	2025-05-25 18:26:21.357	t	0	1	53
2025-05-25 16:20:37.060899	2025-05-25 16:26:17.411743	update-search-index	{"type":"update-variants","ctx":{"_apiType":"admin","_channel":{"token":"db6rg7iofk0afkkrcrp","createdAt":"2025-05-25T14:20:33.335Z","updatedAt":"2025-05-25T14:20:35.567Z","code":"__default_channel__","description":"","defaultLanguageCode":"en","availableLanguageCodes":["en"],"defaultCurrencyCode":"USD","availableCurrencyCodes":["USD"],"trackInventory":true,"outOfStockThreshold":0,"pricesIncludeTax":false,"id":1,"sellerId":1,"defaultShippingZone":{"createdAt":"2025-05-25T14:20:33.811Z","updatedAt":"2025-05-25T14:20:33.811Z","name":"Europe","id":2},"defaultTaxZone":{"createdAt":"2025-05-25T14:20:33.811Z","updatedAt":"2025-05-25T14:20:33.811Z","name":"Europe","id":2}},"_languageCode":"en","_currencyCode":"USD","_isAuthorized":true,"_authorizedAsOwnerOnly":false},"variantIds":[35]}	COMPLETED	100	true	\N	2025-05-25 18:26:17.353	2025-05-25 18:26:17.412	t	0	1	35
2025-05-25 16:20:37.112891	2025-05-25 16:26:17.645936	update-search-index	{"type":"update-variants","ctx":{"_apiType":"admin","_channel":{"token":"db6rg7iofk0afkkrcrp","createdAt":"2025-05-25T14:20:33.335Z","updatedAt":"2025-05-25T14:20:35.567Z","code":"__default_channel__","description":"","defaultLanguageCode":"en","availableLanguageCodes":["en"],"defaultCurrencyCode":"USD","availableCurrencyCodes":["USD"],"trackInventory":true,"outOfStockThreshold":0,"pricesIncludeTax":false,"id":1,"sellerId":1,"defaultShippingZone":{"createdAt":"2025-05-25T14:20:33.811Z","updatedAt":"2025-05-25T14:20:33.811Z","name":"Europe","id":2},"defaultTaxZone":{"createdAt":"2025-05-25T14:20:33.811Z","updatedAt":"2025-05-25T14:20:33.811Z","name":"Europe","id":2}},"_languageCode":"en","_currencyCode":"USD","_isAuthorized":true,"_authorizedAsOwnerOnly":false},"variantIds":[36]}	COMPLETED	100	true	\N	2025-05-25 18:26:17.587	2025-05-25 18:26:17.646	t	0	1	36
2025-05-25 16:20:37.204961	2025-05-25 16:26:18.075305	update-search-index	{"type":"update-variants","ctx":{"_apiType":"admin","_channel":{"token":"db6rg7iofk0afkkrcrp","createdAt":"2025-05-25T14:20:33.335Z","updatedAt":"2025-05-25T14:20:35.567Z","code":"__default_channel__","description":"","defaultLanguageCode":"en","availableLanguageCodes":["en"],"defaultCurrencyCode":"USD","availableCurrencyCodes":["USD"],"trackInventory":true,"outOfStockThreshold":0,"pricesIncludeTax":false,"id":1,"sellerId":1,"defaultShippingZone":{"createdAt":"2025-05-25T14:20:33.811Z","updatedAt":"2025-05-25T14:20:33.811Z","name":"Europe","id":2},"defaultTaxZone":{"createdAt":"2025-05-25T14:20:33.811Z","updatedAt":"2025-05-25T14:20:33.811Z","name":"Europe","id":2}},"_languageCode":"en","_currencyCode":"USD","_isAuthorized":true,"_authorizedAsOwnerOnly":false},"variantIds":[38]}	COMPLETED	100	true	\N	2025-05-25 18:26:18.035	2025-05-25 18:26:18.075	t	0	1	38
2025-05-25 16:20:37.520723	2025-05-25 16:26:19.180554	update-search-index	{"type":"update-variants","ctx":{"_apiType":"admin","_channel":{"token":"db6rg7iofk0afkkrcrp","createdAt":"2025-05-25T14:20:33.335Z","updatedAt":"2025-05-25T14:20:35.567Z","code":"__default_channel__","description":"","defaultLanguageCode":"en","availableLanguageCodes":["en"],"defaultCurrencyCode":"USD","availableCurrencyCodes":["USD"],"trackInventory":true,"outOfStockThreshold":0,"pricesIncludeTax":false,"id":1,"sellerId":1,"defaultShippingZone":{"createdAt":"2025-05-25T14:20:33.811Z","updatedAt":"2025-05-25T14:20:33.811Z","name":"Europe","id":2},"defaultTaxZone":{"createdAt":"2025-05-25T14:20:33.811Z","updatedAt":"2025-05-25T14:20:33.811Z","name":"Europe","id":2}},"_languageCode":"en","_currencyCode":"USD","_isAuthorized":true,"_authorizedAsOwnerOnly":false},"variantIds":[43]}	COMPLETED	100	true	\N	2025-05-25 18:26:19.142	2025-05-25 18:26:19.18	t	0	1	43
2025-05-25 16:20:37.536695	2025-05-25 16:26:19.392247	update-search-index	{"type":"update-variants","ctx":{"_apiType":"admin","_channel":{"token":"db6rg7iofk0afkkrcrp","createdAt":"2025-05-25T14:20:33.335Z","updatedAt":"2025-05-25T14:20:35.567Z","code":"__default_channel__","description":"","defaultLanguageCode":"en","availableLanguageCodes":["en"],"defaultCurrencyCode":"USD","availableCurrencyCodes":["USD"],"trackInventory":true,"outOfStockThreshold":0,"pricesIncludeTax":false,"id":1,"sellerId":1,"defaultShippingZone":{"createdAt":"2025-05-25T14:20:33.811Z","updatedAt":"2025-05-25T14:20:33.811Z","name":"Europe","id":2},"defaultTaxZone":{"createdAt":"2025-05-25T14:20:33.811Z","updatedAt":"2025-05-25T14:20:33.811Z","name":"Europe","id":2}},"_languageCode":"en","_currencyCode":"USD","_isAuthorized":true,"_authorizedAsOwnerOnly":false},"variantIds":[44]}	COMPLETED	100	true	\N	2025-05-25 18:26:19.355	2025-05-25 18:26:19.392	t	0	1	44
2025-05-25 16:20:37.668805	2025-05-25 16:26:20.261669	update-search-index	{"type":"update-variants","ctx":{"_apiType":"admin","_channel":{"token":"db6rg7iofk0afkkrcrp","createdAt":"2025-05-25T14:20:33.335Z","updatedAt":"2025-05-25T14:20:35.567Z","code":"__default_channel__","description":"","defaultLanguageCode":"en","availableLanguageCodes":["en"],"defaultCurrencyCode":"USD","availableCurrencyCodes":["USD"],"trackInventory":true,"outOfStockThreshold":0,"pricesIncludeTax":false,"id":1,"sellerId":1,"defaultShippingZone":{"createdAt":"2025-05-25T14:20:33.811Z","updatedAt":"2025-05-25T14:20:33.811Z","name":"Europe","id":2},"defaultTaxZone":{"createdAt":"2025-05-25T14:20:33.811Z","updatedAt":"2025-05-25T14:20:33.811Z","name":"Europe","id":2}},"_languageCode":"en","_currencyCode":"USD","_isAuthorized":true,"_authorizedAsOwnerOnly":false},"variantIds":[48]}	COMPLETED	100	true	\N	2025-05-25 18:26:20.221	2025-05-25 18:26:20.261	t	0	1	48
2025-05-25 16:20:37.706622	2025-05-25 16:26:20.702937	update-search-index	{"type":"update-variants","ctx":{"_apiType":"admin","_channel":{"token":"db6rg7iofk0afkkrcrp","createdAt":"2025-05-25T14:20:33.335Z","updatedAt":"2025-05-25T14:20:35.567Z","code":"__default_channel__","description":"","defaultLanguageCode":"en","availableLanguageCodes":["en"],"defaultCurrencyCode":"USD","availableCurrencyCodes":["USD"],"trackInventory":true,"outOfStockThreshold":0,"pricesIncludeTax":false,"id":1,"sellerId":1,"defaultShippingZone":{"createdAt":"2025-05-25T14:20:33.811Z","updatedAt":"2025-05-25T14:20:33.811Z","name":"Europe","id":2},"defaultTaxZone":{"createdAt":"2025-05-25T14:20:33.811Z","updatedAt":"2025-05-25T14:20:33.811Z","name":"Europe","id":2}},"_languageCode":"en","_currencyCode":"USD","_isAuthorized":true,"_authorizedAsOwnerOnly":false},"variantIds":[50]}	COMPLETED	100	true	\N	2025-05-25 18:26:20.662	2025-05-25 18:26:20.702	t	0	1	50
2025-05-25 16:20:37.780738	2025-05-25 16:26:20.922372	update-search-index	{"type":"update-variants","ctx":{"_apiType":"admin","_channel":{"token":"db6rg7iofk0afkkrcrp","createdAt":"2025-05-25T14:20:33.335Z","updatedAt":"2025-05-25T14:20:35.567Z","code":"__default_channel__","description":"","defaultLanguageCode":"en","availableLanguageCodes":["en"],"defaultCurrencyCode":"USD","availableCurrencyCodes":["USD"],"trackInventory":true,"outOfStockThreshold":0,"pricesIncludeTax":false,"id":1,"sellerId":1,"defaultShippingZone":{"createdAt":"2025-05-25T14:20:33.811Z","updatedAt":"2025-05-25T14:20:33.811Z","name":"Europe","id":2},"defaultTaxZone":{"createdAt":"2025-05-25T14:20:33.811Z","updatedAt":"2025-05-25T14:20:33.811Z","name":"Europe","id":2}},"_languageCode":"en","_currencyCode":"USD","_isAuthorized":true,"_authorizedAsOwnerOnly":false},"variantIds":[51]}	COMPLETED	100	true	\N	2025-05-25 18:26:20.882	2025-05-25 18:26:20.922	t	0	1	51
2025-05-25 16:20:37.920691	2025-05-25 16:26:22.030164	update-search-index	{"type":"update-variants","ctx":{"_apiType":"admin","_channel":{"token":"db6rg7iofk0afkkrcrp","createdAt":"2025-05-25T14:20:33.335Z","updatedAt":"2025-05-25T14:20:35.567Z","code":"__default_channel__","description":"","defaultLanguageCode":"en","availableLanguageCodes":["en"],"defaultCurrencyCode":"USD","availableCurrencyCodes":["USD"],"trackInventory":true,"outOfStockThreshold":0,"pricesIncludeTax":false,"id":1,"sellerId":1,"defaultShippingZone":{"createdAt":"2025-05-25T14:20:33.811Z","updatedAt":"2025-05-25T14:20:33.811Z","name":"Europe","id":2},"defaultTaxZone":{"createdAt":"2025-05-25T14:20:33.811Z","updatedAt":"2025-05-25T14:20:33.811Z","name":"Europe","id":2}},"_languageCode":"en","_currencyCode":"USD","_isAuthorized":true,"_authorizedAsOwnerOnly":false},"variantIds":[56]}	COMPLETED	100	true	\N	2025-05-25 18:26:21.973	2025-05-25 18:26:22.03	t	0	1	56
2025-05-25 16:20:38.142867	2025-05-25 16:26:23.57065	update-search-index	{"type":"update-variants","ctx":{"_apiType":"admin","_channel":{"token":"db6rg7iofk0afkkrcrp","createdAt":"2025-05-25T14:20:33.335Z","updatedAt":"2025-05-25T14:20:35.567Z","code":"__default_channel__","description":"","defaultLanguageCode":"en","availableLanguageCodes":["en"],"defaultCurrencyCode":"USD","availableCurrencyCodes":["USD"],"trackInventory":true,"outOfStockThreshold":0,"pricesIncludeTax":false,"id":1,"sellerId":1,"defaultShippingZone":{"createdAt":"2025-05-25T14:20:33.811Z","updatedAt":"2025-05-25T14:20:33.811Z","name":"Europe","id":2},"defaultTaxZone":{"createdAt":"2025-05-25T14:20:33.811Z","updatedAt":"2025-05-25T14:20:33.811Z","name":"Europe","id":2}},"_languageCode":"en","_currencyCode":"USD","_isAuthorized":true,"_authorizedAsOwnerOnly":false},"variantIds":[63]}	COMPLETED	100	true	\N	2025-05-25 18:26:23.536	2025-05-25 18:26:23.57	t	0	1	63
2025-05-25 16:20:38.160769	2025-05-25 16:26:23.8024	update-search-index	{"type":"update-variants","ctx":{"_apiType":"admin","_channel":{"token":"db6rg7iofk0afkkrcrp","createdAt":"2025-05-25T14:20:33.335Z","updatedAt":"2025-05-25T14:20:35.567Z","code":"__default_channel__","description":"","defaultLanguageCode":"en","availableLanguageCodes":["en"],"defaultCurrencyCode":"USD","availableCurrencyCodes":["USD"],"trackInventory":true,"outOfStockThreshold":0,"pricesIncludeTax":false,"id":1,"sellerId":1,"defaultShippingZone":{"createdAt":"2025-05-25T14:20:33.811Z","updatedAt":"2025-05-25T14:20:33.811Z","name":"Europe","id":2},"defaultTaxZone":{"createdAt":"2025-05-25T14:20:33.811Z","updatedAt":"2025-05-25T14:20:33.811Z","name":"Europe","id":2}},"_languageCode":"en","_currencyCode":"USD","_isAuthorized":true,"_authorizedAsOwnerOnly":false},"variantIds":[64]}	COMPLETED	100	true	\N	2025-05-25 18:26:23.752	2025-05-25 18:26:23.802	t	0	1	64
2025-05-25 16:20:39.130637	2025-05-25 16:26:29.146122	update-search-index	{"type":"update-variants","ctx":{"_apiType":"admin","_channel":{"token":"db6rg7iofk0afkkrcrp","createdAt":"2025-05-25T14:20:33.335Z","updatedAt":"2025-05-25T14:20:35.567Z","code":"__default_channel__","description":"","defaultLanguageCode":"en","availableLanguageCodes":["en"],"defaultCurrencyCode":"USD","availableCurrencyCodes":["USD"],"trackInventory":true,"outOfStockThreshold":0,"pricesIncludeTax":false,"id":1,"sellerId":1,"defaultShippingZone":{"createdAt":"2025-05-25T14:20:33.811Z","updatedAt":"2025-05-25T14:20:33.811Z","name":"Europe","id":2},"defaultTaxZone":{"createdAt":"2025-05-25T14:20:33.811Z","updatedAt":"2025-05-25T14:20:33.811Z","name":"Europe","id":2}},"_languageCode":"en","_currencyCode":"USD","_isAuthorized":true,"_authorizedAsOwnerOnly":false},"variantIds":[88]}	COMPLETED	100	true	\N	2025-05-25 18:26:29.1	2025-05-25 18:26:29.146	t	0	1	88
2025-05-25 16:20:39.255301	2025-05-25 16:26:29.540005	update-search-index	{"type":"update-variants-by-id","ctx":{"_apiType":"admin","_channel":{"token":"db6rg7iofk0afkkrcrp","createdAt":"2025-05-25T14:20:33.335Z","updatedAt":"2025-05-25T14:20:35.567Z","code":"__default_channel__","description":"","defaultLanguageCode":"en","availableLanguageCodes":["en"],"defaultCurrencyCode":"USD","availableCurrencyCodes":["USD"],"trackInventory":true,"outOfStockThreshold":0,"pricesIncludeTax":false,"id":1,"sellerId":1,"defaultShippingZone":{"createdAt":"2025-05-25T14:20:33.811Z","updatedAt":"2025-05-25T14:20:33.811Z","name":"Europe","id":2},"defaultTaxZone":{"createdAt":"2025-05-25T14:20:33.811Z","updatedAt":"2025-05-25T14:20:33.811Z","name":"Europe","id":2}},"_languageCode":"en","_currencyCode":"USD","_isAuthorized":true,"_authorizedAsOwnerOnly":false},"ids":[1,2,3,4,5,6,7,8,9,10,11,12,13,14,15,16,17,18,19,20,21,22,23,24,25,26,27,28,29,30,31,32,33,34]}	COMPLETED	100	{"success":true,"indexedItemCount":34,"timeTaken":199}	\N	2025-05-25 18:26:29.329	2025-05-25 18:26:29.539	t	0	1	95
2025-05-25 16:20:37.938732	2025-05-25 16:26:22.235692	update-search-index	{"type":"update-variants","ctx":{"_apiType":"admin","_channel":{"token":"db6rg7iofk0afkkrcrp","createdAt":"2025-05-25T14:20:33.335Z","updatedAt":"2025-05-25T14:20:35.567Z","code":"__default_channel__","description":"","defaultLanguageCode":"en","availableLanguageCodes":["en"],"defaultCurrencyCode":"USD","availableCurrencyCodes":["USD"],"trackInventory":true,"outOfStockThreshold":0,"pricesIncludeTax":false,"id":1,"sellerId":1,"defaultShippingZone":{"createdAt":"2025-05-25T14:20:33.811Z","updatedAt":"2025-05-25T14:20:33.811Z","name":"Europe","id":2},"defaultTaxZone":{"createdAt":"2025-05-25T14:20:33.811Z","updatedAt":"2025-05-25T14:20:33.811Z","name":"Europe","id":2}},"_languageCode":"en","_currencyCode":"USD","_isAuthorized":true,"_authorizedAsOwnerOnly":false},"variantIds":[57]}	COMPLETED	100	true	\N	2025-05-25 18:26:22.197	2025-05-25 18:26:22.235	t	0	1	57
2025-05-25 16:20:38.01673	2025-05-25 16:26:22.69867	update-search-index	{"type":"update-variants","ctx":{"_apiType":"admin","_channel":{"token":"db6rg7iofk0afkkrcrp","createdAt":"2025-05-25T14:20:33.335Z","updatedAt":"2025-05-25T14:20:35.567Z","code":"__default_channel__","description":"","defaultLanguageCode":"en","availableLanguageCodes":["en"],"defaultCurrencyCode":"USD","availableCurrencyCodes":["USD"],"trackInventory":true,"outOfStockThreshold":0,"pricesIncludeTax":false,"id":1,"sellerId":1,"defaultShippingZone":{"createdAt":"2025-05-25T14:20:33.811Z","updatedAt":"2025-05-25T14:20:33.811Z","name":"Europe","id":2},"defaultTaxZone":{"createdAt":"2025-05-25T14:20:33.811Z","updatedAt":"2025-05-25T14:20:33.811Z","name":"Europe","id":2}},"_languageCode":"en","_currencyCode":"USD","_isAuthorized":true,"_authorizedAsOwnerOnly":false},"variantIds":[59]}	COMPLETED	100	true	\N	2025-05-25 18:26:22.637	2025-05-25 18:26:22.698	t	0	1	59
2025-05-25 16:20:38.046635	2025-05-25 16:26:23.136177	update-search-index	{"type":"update-variants","ctx":{"_apiType":"admin","_channel":{"token":"db6rg7iofk0afkkrcrp","createdAt":"2025-05-25T14:20:33.335Z","updatedAt":"2025-05-25T14:20:35.567Z","code":"__default_channel__","description":"","defaultLanguageCode":"en","availableLanguageCodes":["en"],"defaultCurrencyCode":"USD","availableCurrencyCodes":["USD"],"trackInventory":true,"outOfStockThreshold":0,"pricesIncludeTax":false,"id":1,"sellerId":1,"defaultShippingZone":{"createdAt":"2025-05-25T14:20:33.811Z","updatedAt":"2025-05-25T14:20:33.811Z","name":"Europe","id":2},"defaultTaxZone":{"createdAt":"2025-05-25T14:20:33.811Z","updatedAt":"2025-05-25T14:20:33.811Z","name":"Europe","id":2}},"_languageCode":"en","_currencyCode":"USD","_isAuthorized":true,"_authorizedAsOwnerOnly":false},"variantIds":[61]}	COMPLETED	100	true	\N	2025-05-25 18:26:23.095	2025-05-25 18:26:23.136	t	0	1	61
2025-05-25 16:20:38.06272	2025-05-25 16:26:23.357113	update-search-index	{"type":"update-variants","ctx":{"_apiType":"admin","_channel":{"token":"db6rg7iofk0afkkrcrp","createdAt":"2025-05-25T14:20:33.335Z","updatedAt":"2025-05-25T14:20:35.567Z","code":"__default_channel__","description":"","defaultLanguageCode":"en","availableLanguageCodes":["en"],"defaultCurrencyCode":"USD","availableCurrencyCodes":["USD"],"trackInventory":true,"outOfStockThreshold":0,"pricesIncludeTax":false,"id":1,"sellerId":1,"defaultShippingZone":{"createdAt":"2025-05-25T14:20:33.811Z","updatedAt":"2025-05-25T14:20:33.811Z","name":"Europe","id":2},"defaultTaxZone":{"createdAt":"2025-05-25T14:20:33.811Z","updatedAt":"2025-05-25T14:20:33.811Z","name":"Europe","id":2}},"_languageCode":"en","_currencyCode":"USD","_isAuthorized":true,"_authorizedAsOwnerOnly":false},"variantIds":[62]}	COMPLETED	100	true	\N	2025-05-25 18:26:23.32	2025-05-25 18:26:23.357	t	0	1	62
2025-05-25 16:20:38.264709	2025-05-25 16:26:24.456233	update-search-index	{"type":"update-variants","ctx":{"_apiType":"admin","_channel":{"token":"db6rg7iofk0afkkrcrp","createdAt":"2025-05-25T14:20:33.335Z","updatedAt":"2025-05-25T14:20:35.567Z","code":"__default_channel__","description":"","defaultLanguageCode":"en","availableLanguageCodes":["en"],"defaultCurrencyCode":"USD","availableCurrencyCodes":["USD"],"trackInventory":true,"outOfStockThreshold":0,"pricesIncludeTax":false,"id":1,"sellerId":1,"defaultShippingZone":{"createdAt":"2025-05-25T14:20:33.811Z","updatedAt":"2025-05-25T14:20:33.811Z","name":"Europe","id":2},"defaultTaxZone":{"createdAt":"2025-05-25T14:20:33.811Z","updatedAt":"2025-05-25T14:20:33.811Z","name":"Europe","id":2}},"_languageCode":"en","_currencyCode":"USD","_isAuthorized":true,"_authorizedAsOwnerOnly":false},"variantIds":[67]}	COMPLETED	100	true	\N	2025-05-25 18:26:24.425	2025-05-25 18:26:24.456	t	0	1	67
2025-05-25 16:20:38.350907	2025-05-25 16:26:24.904198	update-search-index	{"type":"update-variants","ctx":{"_apiType":"admin","_channel":{"token":"db6rg7iofk0afkkrcrp","createdAt":"2025-05-25T14:20:33.335Z","updatedAt":"2025-05-25T14:20:35.567Z","code":"__default_channel__","description":"","defaultLanguageCode":"en","availableLanguageCodes":["en"],"defaultCurrencyCode":"USD","availableCurrencyCodes":["USD"],"trackInventory":true,"outOfStockThreshold":0,"pricesIncludeTax":false,"id":1,"sellerId":1,"defaultShippingZone":{"createdAt":"2025-05-25T14:20:33.811Z","updatedAt":"2025-05-25T14:20:33.811Z","name":"Europe","id":2},"defaultTaxZone":{"createdAt":"2025-05-25T14:20:33.811Z","updatedAt":"2025-05-25T14:20:33.811Z","name":"Europe","id":2}},"_languageCode":"en","_currencyCode":"USD","_isAuthorized":true,"_authorizedAsOwnerOnly":false},"variantIds":[69]}	COMPLETED	100	true	\N	2025-05-25 18:26:24.864	2025-05-25 18:26:24.904	t	0	1	69
2025-05-25 16:20:38.388716	2025-05-25 16:26:25.137953	update-search-index	{"type":"update-variants","ctx":{"_apiType":"admin","_channel":{"token":"db6rg7iofk0afkkrcrp","createdAt":"2025-05-25T14:20:33.335Z","updatedAt":"2025-05-25T14:20:35.567Z","code":"__default_channel__","description":"","defaultLanguageCode":"en","availableLanguageCodes":["en"],"defaultCurrencyCode":"USD","availableCurrencyCodes":["USD"],"trackInventory":true,"outOfStockThreshold":0,"pricesIncludeTax":false,"id":1,"sellerId":1,"defaultShippingZone":{"createdAt":"2025-05-25T14:20:33.811Z","updatedAt":"2025-05-25T14:20:33.811Z","name":"Europe","id":2},"defaultTaxZone":{"createdAt":"2025-05-25T14:20:33.811Z","updatedAt":"2025-05-25T14:20:33.811Z","name":"Europe","id":2}},"_languageCode":"en","_currencyCode":"USD","_isAuthorized":true,"_authorizedAsOwnerOnly":false},"variantIds":[70]}	COMPLETED	100	true	\N	2025-05-25 18:26:25.086	2025-05-25 18:26:25.137	t	0	1	70
2025-05-25 16:20:38.428845	2025-05-25 16:26:25.361895	update-search-index	{"type":"update-variants","ctx":{"_apiType":"admin","_channel":{"token":"db6rg7iofk0afkkrcrp","createdAt":"2025-05-25T14:20:33.335Z","updatedAt":"2025-05-25T14:20:35.567Z","code":"__default_channel__","description":"","defaultLanguageCode":"en","availableLanguageCodes":["en"],"defaultCurrencyCode":"USD","availableCurrencyCodes":["USD"],"trackInventory":true,"outOfStockThreshold":0,"pricesIncludeTax":false,"id":1,"sellerId":1,"defaultShippingZone":{"createdAt":"2025-05-25T14:20:33.811Z","updatedAt":"2025-05-25T14:20:33.811Z","name":"Europe","id":2},"defaultTaxZone":{"createdAt":"2025-05-25T14:20:33.811Z","updatedAt":"2025-05-25T14:20:33.811Z","name":"Europe","id":2}},"_languageCode":"en","_currencyCode":"USD","_isAuthorized":true,"_authorizedAsOwnerOnly":false},"variantIds":[71]}	COMPLETED	100	true	\N	2025-05-25 18:26:25.317	2025-05-25 18:26:25.361	t	0	1	71
2025-05-25 16:20:38.552753	2025-05-25 16:26:26.009566	update-search-index	{"type":"update-variants","ctx":{"_apiType":"admin","_channel":{"token":"db6rg7iofk0afkkrcrp","createdAt":"2025-05-25T14:20:33.335Z","updatedAt":"2025-05-25T14:20:35.567Z","code":"__default_channel__","description":"","defaultLanguageCode":"en","availableLanguageCodes":["en"],"defaultCurrencyCode":"USD","availableCurrencyCodes":["USD"],"trackInventory":true,"outOfStockThreshold":0,"pricesIncludeTax":false,"id":1,"sellerId":1,"defaultShippingZone":{"createdAt":"2025-05-25T14:20:33.811Z","updatedAt":"2025-05-25T14:20:33.811Z","name":"Europe","id":2},"defaultTaxZone":{"createdAt":"2025-05-25T14:20:33.811Z","updatedAt":"2025-05-25T14:20:33.811Z","name":"Europe","id":2}},"_languageCode":"en","_currencyCode":"USD","_isAuthorized":true,"_authorizedAsOwnerOnly":false},"variantIds":[74]}	COMPLETED	100	true	\N	2025-05-25 18:26:25.975	2025-05-25 18:26:26.009	t	0	1	74
2025-05-25 16:20:38.674823	2025-05-25 16:26:26.703188	update-search-index	{"type":"update-variants","ctx":{"_apiType":"admin","_channel":{"token":"db6rg7iofk0afkkrcrp","createdAt":"2025-05-25T14:20:33.335Z","updatedAt":"2025-05-25T14:20:35.567Z","code":"__default_channel__","description":"","defaultLanguageCode":"en","availableLanguageCodes":["en"],"defaultCurrencyCode":"USD","availableCurrencyCodes":["USD"],"trackInventory":true,"outOfStockThreshold":0,"pricesIncludeTax":false,"id":1,"sellerId":1,"defaultShippingZone":{"createdAt":"2025-05-25T14:20:33.811Z","updatedAt":"2025-05-25T14:20:33.811Z","name":"Europe","id":2},"defaultTaxZone":{"createdAt":"2025-05-25T14:20:33.811Z","updatedAt":"2025-05-25T14:20:33.811Z","name":"Europe","id":2}},"_languageCode":"en","_currencyCode":"USD","_isAuthorized":true,"_authorizedAsOwnerOnly":false},"variantIds":[77]}	COMPLETED	100	true	\N	2025-05-25 18:26:26.648	2025-05-25 18:26:26.703	t	0	1	77
2025-05-25 16:20:38.760805	2025-05-25 16:26:27.142031	update-search-index	{"type":"update-variants","ctx":{"_apiType":"admin","_channel":{"token":"db6rg7iofk0afkkrcrp","createdAt":"2025-05-25T14:20:33.335Z","updatedAt":"2025-05-25T14:20:35.567Z","code":"__default_channel__","description":"","defaultLanguageCode":"en","availableLanguageCodes":["en"],"defaultCurrencyCode":"USD","availableCurrencyCodes":["USD"],"trackInventory":true,"outOfStockThreshold":0,"pricesIncludeTax":false,"id":1,"sellerId":1,"defaultShippingZone":{"createdAt":"2025-05-25T14:20:33.811Z","updatedAt":"2025-05-25T14:20:33.811Z","name":"Europe","id":2},"defaultTaxZone":{"createdAt":"2025-05-25T14:20:33.811Z","updatedAt":"2025-05-25T14:20:33.811Z","name":"Europe","id":2}},"_languageCode":"en","_currencyCode":"USD","_isAuthorized":true,"_authorizedAsOwnerOnly":false},"variantIds":[79]}	COMPLETED	100	true	\N	2025-05-25 18:26:27.102	2025-05-25 18:26:27.141	t	0	1	79
2025-05-25 16:20:38.468888	2025-05-25 16:26:25.575554	update-search-index	{"type":"update-variants","ctx":{"_apiType":"admin","_channel":{"token":"db6rg7iofk0afkkrcrp","createdAt":"2025-05-25T14:20:33.335Z","updatedAt":"2025-05-25T14:20:35.567Z","code":"__default_channel__","description":"","defaultLanguageCode":"en","availableLanguageCodes":["en"],"defaultCurrencyCode":"USD","availableCurrencyCodes":["USD"],"trackInventory":true,"outOfStockThreshold":0,"pricesIncludeTax":false,"id":1,"sellerId":1,"defaultShippingZone":{"createdAt":"2025-05-25T14:20:33.811Z","updatedAt":"2025-05-25T14:20:33.811Z","name":"Europe","id":2},"defaultTaxZone":{"createdAt":"2025-05-25T14:20:33.811Z","updatedAt":"2025-05-25T14:20:33.811Z","name":"Europe","id":2}},"_languageCode":"en","_currencyCode":"USD","_isAuthorized":true,"_authorizedAsOwnerOnly":false},"variantIds":[72]}	COMPLETED	100	true	\N	2025-05-25 18:26:25.542	2025-05-25 18:26:25.575	t	0	1	72
2025-05-25 16:20:38.716918	2025-05-25 16:26:26.919062	update-search-index	{"type":"update-variants","ctx":{"_apiType":"admin","_channel":{"token":"db6rg7iofk0afkkrcrp","createdAt":"2025-05-25T14:20:33.335Z","updatedAt":"2025-05-25T14:20:35.567Z","code":"__default_channel__","description":"","defaultLanguageCode":"en","availableLanguageCodes":["en"],"defaultCurrencyCode":"USD","availableCurrencyCodes":["USD"],"trackInventory":true,"outOfStockThreshold":0,"pricesIncludeTax":false,"id":1,"sellerId":1,"defaultShippingZone":{"createdAt":"2025-05-25T14:20:33.811Z","updatedAt":"2025-05-25T14:20:33.811Z","name":"Europe","id":2},"defaultTaxZone":{"createdAt":"2025-05-25T14:20:33.811Z","updatedAt":"2025-05-25T14:20:33.811Z","name":"Europe","id":2}},"_languageCode":"en","_currencyCode":"USD","_isAuthorized":true,"_authorizedAsOwnerOnly":false},"variantIds":[78]}	COMPLETED	100	true	\N	2025-05-25 18:26:26.877	2025-05-25 18:26:26.919	t	0	1	78
2025-05-25 16:20:38.932767	2025-05-25 16:26:28.027689	update-search-index	{"type":"update-variants","ctx":{"_apiType":"admin","_channel":{"token":"db6rg7iofk0afkkrcrp","createdAt":"2025-05-25T14:20:33.335Z","updatedAt":"2025-05-25T14:20:35.567Z","code":"__default_channel__","description":"","defaultLanguageCode":"en","availableLanguageCodes":["en"],"defaultCurrencyCode":"USD","availableCurrencyCodes":["USD"],"trackInventory":true,"outOfStockThreshold":0,"pricesIncludeTax":false,"id":1,"sellerId":1,"defaultShippingZone":{"createdAt":"2025-05-25T14:20:33.811Z","updatedAt":"2025-05-25T14:20:33.811Z","name":"Europe","id":2},"defaultTaxZone":{"createdAt":"2025-05-25T14:20:33.811Z","updatedAt":"2025-05-25T14:20:33.811Z","name":"Europe","id":2}},"_languageCode":"en","_currencyCode":"USD","_isAuthorized":true,"_authorizedAsOwnerOnly":false},"variantIds":[83]}	COMPLETED	100	true	\N	2025-05-25 18:26:27.993	2025-05-25 18:26:28.027	t	0	1	83
2025-05-25 16:20:38.846734	2025-05-25 16:26:27.586932	update-search-index	{"type":"update-variants","ctx":{"_apiType":"admin","_channel":{"token":"db6rg7iofk0afkkrcrp","createdAt":"2025-05-25T14:20:33.335Z","updatedAt":"2025-05-25T14:20:35.567Z","code":"__default_channel__","description":"","defaultLanguageCode":"en","availableLanguageCodes":["en"],"defaultCurrencyCode":"USD","availableCurrencyCodes":["USD"],"trackInventory":true,"outOfStockThreshold":0,"pricesIncludeTax":false,"id":1,"sellerId":1,"defaultShippingZone":{"createdAt":"2025-05-25T14:20:33.811Z","updatedAt":"2025-05-25T14:20:33.811Z","name":"Europe","id":2},"defaultTaxZone":{"createdAt":"2025-05-25T14:20:33.811Z","updatedAt":"2025-05-25T14:20:33.811Z","name":"Europe","id":2}},"_languageCode":"en","_currencyCode":"USD","_isAuthorized":true,"_authorizedAsOwnerOnly":false},"variantIds":[81]}	COMPLETED	100	true	\N	2025-05-25 18:26:27.55	2025-05-25 18:26:27.586	t	0	1	81
2025-05-25 16:20:38.88869	2025-05-25 16:26:27.807678	update-search-index	{"type":"update-variants","ctx":{"_apiType":"admin","_channel":{"token":"db6rg7iofk0afkkrcrp","createdAt":"2025-05-25T14:20:33.335Z","updatedAt":"2025-05-25T14:20:35.567Z","code":"__default_channel__","description":"","defaultLanguageCode":"en","availableLanguageCodes":["en"],"defaultCurrencyCode":"USD","availableCurrencyCodes":["USD"],"trackInventory":true,"outOfStockThreshold":0,"pricesIncludeTax":false,"id":1,"sellerId":1,"defaultShippingZone":{"createdAt":"2025-05-25T14:20:33.811Z","updatedAt":"2025-05-25T14:20:33.811Z","name":"Europe","id":2},"defaultTaxZone":{"createdAt":"2025-05-25T14:20:33.811Z","updatedAt":"2025-05-25T14:20:33.811Z","name":"Europe","id":2}},"_languageCode":"en","_currencyCode":"USD","_isAuthorized":true,"_authorizedAsOwnerOnly":false},"variantIds":[82]}	COMPLETED	100	true	\N	2025-05-25 18:26:27.771	2025-05-25 18:26:27.807	t	0	1	82
2025-05-25 16:20:40.703998	2025-05-25 16:26:31.743111	update-search-index	{"type":"update-variants-by-id","ctx":{"_apiType":"admin","_channel":{"token":"db6rg7iofk0afkkrcrp","createdAt":"2025-05-25T14:20:33.335Z","updatedAt":"2025-05-25T14:20:35.567Z","code":"__default_channel__","description":"","defaultLanguageCode":"en","availableLanguageCodes":["en"],"defaultCurrencyCode":"USD","availableCurrencyCodes":["USD"],"trackInventory":true,"outOfStockThreshold":0,"pricesIncludeTax":false,"id":1,"sellerId":1,"defaultShippingZone":{"createdAt":"2025-05-25T14:20:33.811Z","updatedAt":"2025-05-25T14:20:33.811Z","name":"Europe","id":2},"defaultTaxZone":{"createdAt":"2025-05-25T14:20:33.811Z","updatedAt":"2025-05-25T14:20:33.811Z","name":"Europe","id":2}},"_languageCode":"en","_currencyCode":"USD","_isAuthorized":true,"_authorizedAsOwnerOnly":false},"ids":[35,36,37,38,39,40,41,42]}	COMPLETED	100	{"success":true,"indexedItemCount":8,"timeTaken":53}	\N	2025-05-25 18:26:31.68	2025-05-25 18:26:31.743	t	0	1	106
2025-05-25 16:20:40.910464	2025-05-25 16:26:32.020914	update-search-index	{"type":"update-variants-by-id","ctx":{"_apiType":"admin","_channel":{"token":"db6rg7iofk0afkkrcrp","createdAt":"2025-05-25T14:20:33.335Z","updatedAt":"2025-05-25T14:20:35.567Z","code":"__default_channel__","description":"","defaultLanguageCode":"en","availableLanguageCodes":["en"],"defaultCurrencyCode":"USD","availableCurrencyCodes":["USD"],"trackInventory":true,"outOfStockThreshold":0,"pricesIncludeTax":false,"id":1,"sellerId":1,"defaultShippingZone":{"createdAt":"2025-05-25T14:20:33.811Z","updatedAt":"2025-05-25T14:20:33.811Z","name":"Europe","id":2},"defaultTaxZone":{"createdAt":"2025-05-25T14:20:33.811Z","updatedAt":"2025-05-25T14:20:33.811Z","name":"Europe","id":2}},"_languageCode":"en","_currencyCode":"USD","_isAuthorized":true,"_authorizedAsOwnerOnly":false},"ids":[43,44,45,46,47,48,49,50,51,52,53,54,55,56,57,58,59,60,61,62,63,64,65,66]}	COMPLETED	100	{"success":true,"indexedItemCount":24,"timeTaken":110}	\N	2025-05-25 18:26:31.894	2025-05-25 18:26:32.02	t	0	1	107
\.


--
-- Data for Name: job_record_buffer; Type: TABLE DATA; Schema: public; Owner: postgres
--

COPY public.job_record_buffer ("createdAt", "updatedAt", "bufferId", job, id) FROM stdin;
\.


--
-- Data for Name: migrations; Type: TABLE DATA; Schema: public; Owner: postgres
--

COPY public.migrations (id, "timestamp", name) FROM stdin;
\.


--
-- Data for Name: order; Type: TABLE DATA; Schema: public; Owner: postgres
--

COPY public."order" ("createdAt", "updatedAt", type, code, state, active, "orderPlacedAt", "couponCodes", "shippingAddress", "billingAddress", "currencyCode", id, "aggregateOrderId", "customerId", "taxZoneId", "subTotal", "subTotalWithTax", shipping, "shippingWithTax") FROM stdin;
2025-05-25 19:41:43.410267	2025-05-25 19:59:42.933999	Regular	N9J4LT6T7J58N7NV	AddingItems	t	\N		{}	{}	USD	1	\N	\N	2	143685	172422	0	0
\.


--
-- Data for Name: order_channels_channel; Type: TABLE DATA; Schema: public; Owner: postgres
--

COPY public.order_channels_channel ("orderId", "channelId") FROM stdin;
1	1
\.


--
-- Data for Name: order_fulfillments_fulfillment; Type: TABLE DATA; Schema: public; Owner: postgres
--

COPY public.order_fulfillments_fulfillment ("orderId", "fulfillmentId") FROM stdin;
\.


--
-- Data for Name: order_line; Type: TABLE DATA; Schema: public; Owner: postgres
--

COPY public.order_line ("createdAt", "updatedAt", quantity, "orderPlacedQuantity", "listPriceIncludesTax", adjustments, "taxLines", id, "sellerChannelId", "shippingLineId", "productVariantId", "taxCategoryId", "initialListPrice", "listPrice", "featuredAssetId", "orderId") FROM stdin;
2025-05-25 19:41:43.410267	2025-05-25 19:41:43.410267	1	0	f	[]	[{"description":"Standard Tax Europe","taxRate":20}]	1	\N	\N	1	1	129900	129900	1	1
2025-05-25 19:59:42.933999	2025-05-25 19:59:42.933999	1	0	f	[]	[{"description":"Standard Tax Europe","taxRate":20}]	2	\N	\N	11	1	13785	13785	6	1
\.


--
-- Data for Name: order_line_reference; Type: TABLE DATA; Schema: public; Owner: postgres
--

COPY public.order_line_reference ("createdAt", "updatedAt", quantity, id, "fulfillmentId", "modificationId", "orderLineId", "refundId", discriminator) FROM stdin;
\.


--
-- Data for Name: order_modification; Type: TABLE DATA; Schema: public; Owner: postgres
--

COPY public.order_modification ("createdAt", "updatedAt", note, "shippingAddressChange", "billingAddressChange", id, "priceChange", "orderId", "paymentId", "refundId") FROM stdin;
\.


--
-- Data for Name: order_promotions_promotion; Type: TABLE DATA; Schema: public; Owner: postgres
--

COPY public.order_promotions_promotion ("orderId", "promotionId") FROM stdin;
\.


--
-- Data for Name: payment; Type: TABLE DATA; Schema: public; Owner: postgres
--

COPY public.payment ("createdAt", "updatedAt", method, state, "errorMessage", "transactionId", metadata, id, amount, "orderId") FROM stdin;
\.


--
-- Data for Name: payment_method; Type: TABLE DATA; Schema: public; Owner: postgres
--

COPY public.payment_method ("createdAt", "updatedAt", code, enabled, checker, handler, id) FROM stdin;
2025-05-25 16:20:35.55896	2025-05-25 16:20:35.55896	standard-payment	t	\N	{"code":"dummy-payment-handler","args":[{"name":"automaticSettle","value":"false"}]}	1
\.


--
-- Data for Name: payment_method_channels_channel; Type: TABLE DATA; Schema: public; Owner: postgres
--

COPY public.payment_method_channels_channel ("paymentMethodId", "channelId") FROM stdin;
1	1
\.


--
-- Data for Name: payment_method_translation; Type: TABLE DATA; Schema: public; Owner: postgres
--

COPY public.payment_method_translation ("createdAt", "updatedAt", "languageCode", name, description, id, "baseId") FROM stdin;
2025-05-25 16:20:35.555704	2025-05-25 16:20:35.55896	en	Standard Payment		1	1
\.


--
-- Data for Name: product; Type: TABLE DATA; Schema: public; Owner: postgres
--

COPY public.product ("createdAt", "updatedAt", "deletedAt", enabled, id, "featuredAssetId") FROM stdin;
2025-05-25 16:20:35.688805	2025-05-25 16:20:35.688805	\N	t	1	1
2025-05-25 16:20:35.836662	2025-05-25 16:20:35.836662	\N	t	2	2
2025-05-25 16:20:35.916572	2025-05-25 16:20:35.916572	\N	t	3	3
2025-05-25 16:20:35.970622	2025-05-25 16:20:35.970622	\N	t	4	4
2025-05-25 16:20:36.013238	2025-05-25 16:20:36.013238	\N	t	5	5
2025-05-25 16:20:36.102672	2025-05-25 16:20:36.102672	\N	t	6	6
2025-05-25 16:20:36.218567	2025-05-25 16:20:36.218567	\N	t	7	7
2025-05-25 16:20:36.348581	2025-05-25 16:20:36.348581	\N	t	8	8
2025-05-25 16:20:36.490528	2025-05-25 16:20:36.490528	\N	t	9	9
2025-05-25 16:20:36.528769	2025-05-25 16:20:36.528769	\N	t	10	10
2025-05-25 16:20:36.564672	2025-05-25 16:20:36.564672	\N	t	11	11
2025-05-25 16:20:36.618542	2025-05-25 16:20:36.618542	\N	t	12	12
2025-05-25 16:20:36.668578	2025-05-25 16:20:36.668578	\N	t	13	13
2025-05-25 16:20:36.710579	2025-05-25 16:20:36.710579	\N	t	14	14
2025-05-25 16:20:36.75259	2025-05-25 16:20:36.75259	\N	t	15	15
2025-05-25 16:20:36.796533	2025-05-25 16:20:36.796533	\N	t	16	16
2025-05-25 16:20:36.846556	2025-05-25 16:20:36.846556	\N	t	17	17
2025-05-25 16:20:36.890574	2025-05-25 16:20:36.890574	\N	t	18	18
2025-05-25 16:20:36.930634	2025-05-25 16:20:36.930634	\N	t	19	19
2025-05-25 16:20:36.978584	2025-05-25 16:20:36.978584	\N	t	20	20
2025-05-25 16:20:37.038754	2025-05-25 16:20:37.038754	\N	t	21	21
2025-05-25 16:20:37.092658	2025-05-25 16:20:37.092658	\N	t	22	22
2025-05-25 16:20:37.13668	2025-05-25 16:20:37.13668	\N	t	23	23
2025-05-25 16:20:37.180782	2025-05-25 16:20:37.180782	\N	t	24	24
2025-05-25 16:20:37.226705	2025-05-25 16:20:37.226705	\N	t	25	25
2025-05-25 16:20:37.282598	2025-05-25 16:20:37.282598	\N	t	26	26
2025-05-25 16:20:37.332574	2025-05-25 16:20:37.332574	\N	t	27	27
2025-05-25 16:20:37.372791	2025-05-25 16:20:37.372791	\N	t	28	28
2025-05-25 16:20:37.462831	2025-05-25 16:20:37.462831	\N	t	29	29
2025-05-25 16:20:37.604587	2025-05-25 16:20:37.604587	\N	t	30	30
2025-05-25 16:20:37.738563	2025-05-25 16:20:37.738563	\N	t	31	31
2025-05-25 16:20:37.856676	2025-05-25 16:20:37.856676	\N	t	32	32
2025-05-25 16:20:37.976618	2025-05-25 16:20:37.976618	\N	t	33	33
2025-05-25 16:20:38.094549	2025-05-25 16:20:38.094549	\N	t	34	34
2025-05-25 16:20:38.242579	2025-05-25 16:20:38.242579	\N	t	35	35
2025-05-25 16:20:38.29066	2025-05-25 16:20:38.29066	\N	t	36	36
2025-05-25 16:20:38.332525	2025-05-25 16:20:38.332525	\N	t	37	37
2025-05-25 16:20:38.370568	2025-05-25 16:20:38.370568	\N	t	38	38
2025-05-25 16:20:38.412622	2025-05-25 16:20:38.412622	\N	t	39	39
2025-05-25 16:20:38.450733	2025-05-25 16:20:38.450733	\N	t	40	40
2025-05-25 16:20:38.486624	2025-05-25 16:20:38.486624	\N	t	41	41
2025-05-25 16:20:38.532641	2025-05-25 16:20:38.532641	\N	t	42	42
2025-05-25 16:20:38.586555	2025-05-25 16:20:38.586555	\N	t	43	43
2025-05-25 16:20:38.624597	2025-05-25 16:20:38.624597	\N	t	44	44
2025-05-25 16:20:38.658598	2025-05-25 16:20:38.658598	\N	t	45	45
2025-05-25 16:20:38.69462	2025-05-25 16:20:38.69462	\N	t	46	46
2025-05-25 16:20:38.7426	2025-05-25 16:20:38.7426	\N	t	47	47
2025-05-25 16:20:38.778574	2025-05-25 16:20:38.778574	\N	t	48	48
2025-05-25 16:20:38.826602	2025-05-25 16:20:38.826602	\N	t	49	49
2025-05-25 16:20:38.868664	2025-05-25 16:20:38.868664	\N	t	50	50
2025-05-25 16:20:38.908596	2025-05-25 16:20:38.908596	\N	t	51	51
2025-05-25 16:20:38.952618	2025-05-25 16:20:38.952618	\N	t	52	52
2025-05-25 16:20:38.994735	2025-05-25 16:20:38.994735	\N	t	53	53
2025-05-25 16:20:39.034913	2025-05-25 16:20:39.034913	\N	t	54	54
\.


--
-- Data for Name: product_asset; Type: TABLE DATA; Schema: public; Owner: postgres
--

COPY public.product_asset ("createdAt", "updatedAt", "assetId", "position", "productId", id) FROM stdin;
2025-05-25 16:20:35.694659	2025-05-25 16:20:35.694659	1	0	1	1
2025-05-25 16:20:35.840668	2025-05-25 16:20:35.840668	2	0	2	2
2025-05-25 16:20:35.920546	2025-05-25 16:20:35.920546	3	0	3	3
2025-05-25 16:20:35.974532	2025-05-25 16:20:35.974532	4	0	4	4
2025-05-25 16:20:36.016727	2025-05-25 16:20:36.016727	5	0	5	5
2025-05-25 16:20:36.106575	2025-05-25 16:20:36.106575	6	0	6	6
2025-05-25 16:20:36.223403	2025-05-25 16:20:36.223403	7	0	7	7
2025-05-25 16:20:36.352538	2025-05-25 16:20:36.352538	8	0	8	8
2025-05-25 16:20:36.494508	2025-05-25 16:20:36.494508	9	0	9	9
2025-05-25 16:20:36.532626	2025-05-25 16:20:36.532626	10	0	10	10
2025-05-25 16:20:36.568597	2025-05-25 16:20:36.568597	11	0	11	11
2025-05-25 16:20:36.622782	2025-05-25 16:20:36.622782	12	0	12	12
2025-05-25 16:20:36.672645	2025-05-25 16:20:36.672645	13	0	13	13
2025-05-25 16:20:36.714615	2025-05-25 16:20:36.714615	14	0	14	14
2025-05-25 16:20:36.756558	2025-05-25 16:20:36.756558	15	0	15	15
2025-05-25 16:20:36.800552	2025-05-25 16:20:36.800552	16	0	16	16
2025-05-25 16:20:36.850635	2025-05-25 16:20:36.850635	17	0	17	17
2025-05-25 16:20:36.894539	2025-05-25 16:20:36.894539	18	0	18	18
2025-05-25 16:20:36.93457	2025-05-25 16:20:36.93457	19	0	19	19
2025-05-25 16:20:36.982526	2025-05-25 16:20:36.982526	20	0	20	20
2025-05-25 16:20:37.04259	2025-05-25 16:20:37.04259	21	0	21	21
2025-05-25 16:20:37.096719	2025-05-25 16:20:37.096719	22	0	22	22
2025-05-25 16:20:37.140577	2025-05-25 16:20:37.140577	23	0	23	23
2025-05-25 16:20:37.184645	2025-05-25 16:20:37.184645	24	0	24	24
2025-05-25 16:20:37.230628	2025-05-25 16:20:37.230628	25	0	25	25
2025-05-25 16:20:37.286681	2025-05-25 16:20:37.286681	26	0	26	26
2025-05-25 16:20:37.33656	2025-05-25 16:20:37.33656	27	0	27	27
2025-05-25 16:20:37.376945	2025-05-25 16:20:37.376945	28	0	28	28
2025-05-25 16:20:37.466757	2025-05-25 16:20:37.466757	29	0	29	29
2025-05-25 16:20:37.608553	2025-05-25 16:20:37.608553	30	0	30	30
2025-05-25 16:20:37.742603	2025-05-25 16:20:37.742603	31	0	31	31
2025-05-25 16:20:37.860508	2025-05-25 16:20:37.860508	32	0	32	32
2025-05-25 16:20:37.980559	2025-05-25 16:20:37.980559	33	0	33	33
2025-05-25 16:20:38.098584	2025-05-25 16:20:38.098584	34	0	34	34
2025-05-25 16:20:38.245188	2025-05-25 16:20:38.245188	35	0	35	35
2025-05-25 16:20:38.295078	2025-05-25 16:20:38.295078	36	0	36	36
2025-05-25 16:20:38.336578	2025-05-25 16:20:38.336578	37	0	37	37
2025-05-25 16:20:38.37453	2025-05-25 16:20:38.37453	38	0	38	38
2025-05-25 16:20:38.417059	2025-05-25 16:20:38.417059	39	0	39	39
2025-05-25 16:20:38.45461	2025-05-25 16:20:38.45461	40	0	40	40
2025-05-25 16:20:38.490544	2025-05-25 16:20:38.490544	41	0	41	41
2025-05-25 16:20:38.536662	2025-05-25 16:20:38.536662	42	0	42	42
2025-05-25 16:20:38.59049	2025-05-25 16:20:38.59049	43	0	43	43
2025-05-25 16:20:38.628515	2025-05-25 16:20:38.628515	44	0	44	44
2025-05-25 16:20:38.662493	2025-05-25 16:20:38.662493	45	0	45	45
2025-05-25 16:20:38.698575	2025-05-25 16:20:38.698575	46	0	46	46
2025-05-25 16:20:38.746495	2025-05-25 16:20:38.746495	47	0	47	47
2025-05-25 16:20:38.782552	2025-05-25 16:20:38.782552	48	0	48	48
2025-05-25 16:20:38.830788	2025-05-25 16:20:38.830788	49	0	49	49
2025-05-25 16:20:38.872627	2025-05-25 16:20:38.872627	50	0	50	50
2025-05-25 16:20:38.912569	2025-05-25 16:20:38.912569	51	0	51	51
2025-05-25 16:20:38.956607	2025-05-25 16:20:38.956607	52	0	52	52
2025-05-25 16:20:38.998746	2025-05-25 16:20:38.998746	53	0	53	53
2025-05-25 16:20:39.038677	2025-05-25 16:20:39.038677	54	0	54	54
\.


--
-- Data for Name: product_channels_channel; Type: TABLE DATA; Schema: public; Owner: postgres
--

COPY public.product_channels_channel ("productId", "channelId") FROM stdin;
1	1
2	1
3	1
4	1
5	1
6	1
7	1
8	1
9	1
10	1
11	1
12	1
13	1
14	1
15	1
16	1
17	1
18	1
19	1
20	1
21	1
22	1
23	1
24	1
25	1
26	1
27	1
28	1
29	1
30	1
31	1
32	1
33	1
34	1
35	1
36	1
37	1
38	1
39	1
40	1
41	1
42	1
43	1
44	1
45	1
46	1
47	1
48	1
49	1
50	1
51	1
52	1
53	1
54	1
\.


--
-- Data for Name: product_facet_values_facet_value; Type: TABLE DATA; Schema: public; Owner: postgres
--

COPY public.product_facet_values_facet_value ("productId", "facetValueId") FROM stdin;
1	1
1	2
1	3
2	1
2	2
2	3
3	1
3	2
3	4
4	1
4	2
4	5
5	1
5	2
5	5
6	1
6	2
6	6
7	1
7	2
7	7
8	1
8	2
8	8
9	1
9	2
9	6
10	1
10	2
11	1
11	2
12	1
12	9
12	10
13	1
13	9
13	11
14	1
14	9
14	12
15	1
15	9
15	13
16	1
16	9
16	14
17	1
17	9
17	15
18	1
18	9
18	11
19	1
19	9
20	1
20	9
20	16
21	17
21	18
21	19
22	17
22	18
22	20
23	17
23	18
23	20
24	17
24	18
25	17
25	18
26	17
26	18
26	21
27	17
27	18
27	22
28	17
28	18
28	22
29	17
29	23
29	24
29	25
29	26
30	17
30	23
30	21
30	27
31	17
31	23
31	21
31	28
32	17
32	23
32	24
32	28
32	27
33	17
33	23
33	24
33	27
34	17
34	23
34	29
34	27
35	30
35	31
35	32
36	30
36	31
36	33
36	32
37	30
37	31
37	33
38	30
38	31
38	32
39	30
39	31
39	33
40	30
40	31
40	32
41	30
41	31
42	30
42	31
43	30
43	34
43	35
44	30
44	31
45	30
45	34
46	30
46	34
46	35
47	30
47	34
47	36
48	30
48	34
49	30
49	34
49	37
50	30
50	34
50	35
51	30
51	34
51	27
52	30
52	34
52	37
53	30
53	34
53	28
54	30
54	34
\.


--
-- Data for Name: product_option; Type: TABLE DATA; Schema: public; Owner: postgres
--

COPY public.product_option ("createdAt", "updatedAt", "deletedAt", code, id, "groupId") FROM stdin;
2025-05-25 16:20:35.702647	2025-05-25 16:20:35.702647	\N	13-inch	1	1
2025-05-25 16:20:35.708512	2025-05-25 16:20:35.708512	\N	15-inch	2	1
2025-05-25 16:20:35.718535	2025-05-25 16:20:35.718535	\N	8gb	3	2
2025-05-25 16:20:35.722525	2025-05-25 16:20:35.722525	\N	16gb	4	2
2025-05-25 16:20:35.848634	2025-05-25 16:20:35.848634	\N	32gb	5	3
2025-05-25 16:20:35.852535	2025-05-25 16:20:35.852535	\N	128gb	6	3
2025-05-25 16:20:36.030653	2025-05-25 16:20:36.030653	\N	24-inch	7	4
2025-05-25 16:20:36.034689	2025-05-25 16:20:36.034689	\N	27-inch	8	4
2025-05-25 16:20:36.118751	2025-05-25 16:20:36.118751	\N	4gb	9	5
2025-05-25 16:20:36.124606	2025-05-25 16:20:36.124606	\N	8gb	10	5
2025-05-25 16:20:36.128596	2025-05-25 16:20:36.128596	\N	16gb	11	5
2025-05-25 16:20:36.236514	2025-05-25 16:20:36.236514	\N	i7-8700	12	6
2025-05-25 16:20:36.240528	2025-05-25 16:20:36.240528	\N	r7-2700	13	6
2025-05-25 16:20:36.250476	2025-05-25 16:20:36.250476	\N	240gb-ssd	14	7
2025-05-25 16:20:36.254496	2025-05-25 16:20:36.254496	\N	120gb-ssd	15	7
2025-05-25 16:20:36.360608	2025-05-25 16:20:36.360608	\N	1tb	16	8
2025-05-25 16:20:36.364586	2025-05-25 16:20:36.364586	\N	2tb	17	8
2025-05-25 16:20:36.368563	2025-05-25 16:20:36.368563	\N	3tb	18	8
2025-05-25 16:20:36.372491	2025-05-25 16:20:36.372491	\N	4tb	19	8
2025-05-25 16:20:36.376517	2025-05-25 16:20:36.376517	\N	6tb	20	8
2025-05-25 16:20:37.482763	2025-05-25 16:20:37.482763	\N	size-40	21	9
2025-05-25 16:20:37.490681	2025-05-25 16:20:37.490681	\N	size-42	22	9
2025-05-25 16:20:37.496837	2025-05-25 16:20:37.496837	\N	size-44	23	9
2025-05-25 16:20:37.50266	2025-05-25 16:20:37.50266	\N	size-46	24	9
2025-05-25 16:20:37.61863	2025-05-25 16:20:37.61863	\N	size-40	25	10
2025-05-25 16:20:37.622584	2025-05-25 16:20:37.622584	\N	size-42	26	10
2025-05-25 16:20:37.626537	2025-05-25 16:20:37.626537	\N	size-44	27	10
2025-05-25 16:20:37.630476	2025-05-25 16:20:37.630476	\N	size-46	28	10
2025-05-25 16:20:37.750495	2025-05-25 16:20:37.750495	\N	size-40	29	11
2025-05-25 16:20:37.75449	2025-05-25 16:20:37.75449	\N	size-42	30	11
2025-05-25 16:20:37.758473	2025-05-25 16:20:37.758473	\N	size-44	31	11
2025-05-25 16:20:37.762565	2025-05-25 16:20:37.762565	\N	size-46	32	11
2025-05-25 16:20:37.868476	2025-05-25 16:20:37.868476	\N	size-40	33	12
2025-05-25 16:20:37.876876	2025-05-25 16:20:37.876876	\N	size-42	34	12
2025-05-25 16:20:37.882494	2025-05-25 16:20:37.882494	\N	size-44	35	12
2025-05-25 16:20:37.886515	2025-05-25 16:20:37.886515	\N	size-46	36	12
2025-05-25 16:20:37.988493	2025-05-25 16:20:37.988493	\N	size-40	37	13
2025-05-25 16:20:37.992643	2025-05-25 16:20:37.992643	\N	size-42	38	13
2025-05-25 16:20:37.996617	2025-05-25 16:20:37.996617	\N	size-44	39	13
2025-05-25 16:20:38.000683	2025-05-25 16:20:38.000683	\N	size-46	40	13
2025-05-25 16:20:38.110511	2025-05-25 16:20:38.110511	\N	size-40	41	14
2025-05-25 16:20:38.114492	2025-05-25 16:20:38.114492	\N	size-42	42	14
2025-05-25 16:20:38.118549	2025-05-25 16:20:38.118549	\N	size-44	43	14
2025-05-25 16:20:38.122471	2025-05-25 16:20:38.122471	\N	size-46	44	14
2025-05-25 16:20:39.048721	2025-05-25 16:20:39.048721	\N	mustard	45	15
2025-05-25 16:20:39.054676	2025-05-25 16:20:39.054676	\N	mint	46	15
2025-05-25 16:20:39.058575	2025-05-25 16:20:39.058575	\N	pearl	47	15
\.


--
-- Data for Name: product_option_group; Type: TABLE DATA; Schema: public; Owner: postgres
--

COPY public.product_option_group ("createdAt", "updatedAt", "deletedAt", code, id, "productId") FROM stdin;
2025-05-25 16:20:35.698532	2025-05-25 16:20:35.710987	\N	laptop-screen-size	1	1
2025-05-25 16:20:35.714531	2025-05-25 16:20:35.72459	\N	laptop-ram	2	1
2025-05-25 16:20:35.844601	2025-05-25 16:20:35.854669	\N	tablet-storage	3	2
2025-05-25 16:20:36.024602	2025-05-25 16:20:36.036882	\N	curvy-monitor-monitor-size	4	5
2025-05-25 16:20:36.110712	2025-05-25 16:20:36.130742	\N	high-performance-ram-size	5	6
2025-05-25 16:20:36.228476	2025-05-25 16:20:36.242638	\N	gaming-pc-cpu	6	7
2025-05-25 16:20:36.246484	2025-05-25 16:20:36.256625	\N	gaming-pc-hdd	7	7
2025-05-25 16:20:36.356623	2025-05-25 16:20:36.378782	\N	hard-drive-hdd	8	8
2025-05-25 16:20:37.474757	2025-05-25 16:20:37.504828	\N	ultraboost-running-shoe-size	9	29
2025-05-25 16:20:37.612682	2025-05-25 16:20:37.632591	\N	freerun-running-shoe-size	10	30
2025-05-25 16:20:37.746589	2025-05-25 16:20:37.764676	\N	hi-top-basketball-shoe-size	11	31
2025-05-25 16:20:37.864537	2025-05-25 16:20:37.888866	\N	pureboost-running-shoe-size	12	32
2025-05-25 16:20:37.984512	2025-05-25 16:20:38.002628	\N	runx-running-shoe-size	13	33
2025-05-25 16:20:38.102471	2025-05-25 16:20:38.124657	\N	allstar-sneakers-size	14	34
2025-05-25 16:20:39.044578	2025-05-25 16:20:39.060737	\N	modern-cafe-chair-color	15	54
\.


--
-- Data for Name: product_option_group_translation; Type: TABLE DATA; Schema: public; Owner: postgres
--

COPY public.product_option_group_translation ("createdAt", "updatedAt", "languageCode", name, id, "baseId") FROM stdin;
2025-05-25 16:20:35.696767	2025-05-25 16:20:35.698532	en	screen size	1	1
2025-05-25 16:20:35.712612	2025-05-25 16:20:35.714531	en	RAM	2	2
2025-05-25 16:20:35.84271	2025-05-25 16:20:35.844601	en	storage	3	3
2025-05-25 16:20:36.020667	2025-05-25 16:20:36.024602	en	monitor size	4	4
2025-05-25 16:20:36.108661	2025-05-25 16:20:36.110712	en	size	5	5
2025-05-25 16:20:36.22651	2025-05-25 16:20:36.228476	en	cpu	6	6
2025-05-25 16:20:36.244522	2025-05-25 16:20:36.246484	en	HDD	7	7
2025-05-25 16:20:36.354518	2025-05-25 16:20:36.356623	en	HDD	8	8
2025-05-25 16:20:37.470761	2025-05-25 16:20:37.474757	en	size	9	9
2025-05-25 16:20:37.610591	2025-05-25 16:20:37.612682	en	size	10	10
2025-05-25 16:20:37.744637	2025-05-25 16:20:37.746589	en	size	11	11
2025-05-25 16:20:37.862438	2025-05-25 16:20:37.864537	en	size	12	12
2025-05-25 16:20:37.982591	2025-05-25 16:20:37.984512	en	size	13	13
2025-05-25 16:20:38.100511	2025-05-25 16:20:38.102471	en	size	14	14
2025-05-25 16:20:39.042617	2025-05-25 16:20:39.044578	en	color	15	15
\.


--
-- Data for Name: product_option_translation; Type: TABLE DATA; Schema: public; Owner: postgres
--

COPY public.product_option_translation ("createdAt", "updatedAt", "languageCode", name, id, "baseId") FROM stdin;
2025-05-25 16:20:35.700767	2025-05-25 16:20:35.702647	en	13 inch	1	1
2025-05-25 16:20:35.706603	2025-05-25 16:20:35.708512	en	15 inch	2	2
2025-05-25 16:20:35.716578	2025-05-25 16:20:35.718535	en	8GB	3	3
2025-05-25 16:20:35.720478	2025-05-25 16:20:35.722525	en	16GB	4	4
2025-05-25 16:20:35.846754	2025-05-25 16:20:35.848634	en	32GB	5	5
2025-05-25 16:20:35.850597	2025-05-25 16:20:35.852535	en	128GB	6	6
2025-05-25 16:20:36.028659	2025-05-25 16:20:36.030653	en	24 inch	7	7
2025-05-25 16:20:36.032503	2025-05-25 16:20:36.034689	en	27 inch	8	8
2025-05-25 16:20:36.114936	2025-05-25 16:20:36.118751	en	4GB	9	9
2025-05-25 16:20:36.122721	2025-05-25 16:20:36.124606	en	8GB	10	10
2025-05-25 16:20:36.126533	2025-05-25 16:20:36.128596	en	16GB	11	11
2025-05-25 16:20:36.232549	2025-05-25 16:20:36.236514	en	i7-8700	12	12
2025-05-25 16:20:36.238601	2025-05-25 16:20:36.240528	en	R7-2700	13	13
2025-05-25 16:20:36.2485	2025-05-25 16:20:36.250476	en	240GB SSD	14	14
2025-05-25 16:20:36.252526	2025-05-25 16:20:36.254496	en	120GB SSD	15	15
2025-05-25 16:20:36.358588	2025-05-25 16:20:36.360608	en	1TB	16	16
2025-05-25 16:20:36.362568	2025-05-25 16:20:36.364586	en	2TB	17	17
2025-05-25 16:20:36.366508	2025-05-25 16:20:36.368563	en	3TB	18	18
2025-05-25 16:20:36.370488	2025-05-25 16:20:36.372491	en	4TB	19	19
2025-05-25 16:20:36.374779	2025-05-25 16:20:36.376517	en	6TB	20	20
2025-05-25 16:20:37.479081	2025-05-25 16:20:37.482763	en	Size 40	21	21
2025-05-25 16:20:37.486587	2025-05-25 16:20:37.490681	en	Size 42	22	22
2025-05-25 16:20:37.494814	2025-05-25 16:20:37.496837	en	Size 44	23	23
2025-05-25 16:20:37.500666	2025-05-25 16:20:37.50266	en	Size 46	24	24
2025-05-25 16:20:37.616715	2025-05-25 16:20:37.61863	en	Size 40	25	25
2025-05-25 16:20:37.620502	2025-05-25 16:20:37.622584	en	Size 42	26	26
2025-05-25 16:20:37.624555	2025-05-25 16:20:37.626537	en	Size 44	27	27
2025-05-25 16:20:37.628516	2025-05-25 16:20:37.630476	en	Size 46	28	28
2025-05-25 16:20:37.748538	2025-05-25 16:20:37.750495	en	Size 40	29	29
2025-05-25 16:20:37.752513	2025-05-25 16:20:37.75449	en	Size 42	30	30
2025-05-25 16:20:37.756497	2025-05-25 16:20:37.758473	en	Size 44	31	31
2025-05-25 16:20:37.760496	2025-05-25 16:20:37.762565	en	Size 46	32	32
2025-05-25 16:20:37.866545	2025-05-25 16:20:37.868476	en	Size 40	33	33
2025-05-25 16:20:37.872567	2025-05-25 16:20:37.876876	en	Size 42	34	34
2025-05-25 16:20:37.880569	2025-05-25 16:20:37.882494	en	Size 44	35	35
2025-05-25 16:20:37.884643	2025-05-25 16:20:37.886515	en	Size 46	36	36
2025-05-25 16:20:37.986523	2025-05-25 16:20:37.988493	en	Size 40	37	37
2025-05-25 16:20:37.990575	2025-05-25 16:20:37.992643	en	Size 42	38	38
2025-05-25 16:20:37.994623	2025-05-25 16:20:37.996617	en	Size 44	39	39
2025-05-25 16:20:37.998723	2025-05-25 16:20:38.000683	en	Size 46	40	40
2025-05-25 16:20:38.106714	2025-05-25 16:20:38.110511	en	Size 40	41	41
2025-05-25 16:20:38.112527	2025-05-25 16:20:38.114492	en	Size 42	42	42
2025-05-25 16:20:38.116519	2025-05-25 16:20:38.118549	en	Size 44	43	43
2025-05-25 16:20:38.120516	2025-05-25 16:20:38.122471	en	Size 46	44	44
2025-05-25 16:20:39.046695	2025-05-25 16:20:39.048721	en	mustard	45	45
2025-05-25 16:20:39.052692	2025-05-25 16:20:39.054676	en	mint	46	46
2025-05-25 16:20:39.056551	2025-05-25 16:20:39.058575	en	pearl	47	47
\.


--
-- Data for Name: product_translation; Type: TABLE DATA; Schema: public; Owner: postgres
--

COPY public.product_translation ("createdAt", "updatedAt", "languageCode", name, slug, description, id, "baseId") FROM stdin;
2025-05-25 16:20:35.686539	2025-05-25 16:20:35.688805	en	Laptop	laptop	Now equipped with seventh-generation Intel Core processors, Laptop is snappier than ever. From daily tasks like launching apps and opening files to more advanced computing, you can power through your day thanks to faster SSDs and Turbo Boost processing up to 3.6GHz.	1	1
2025-05-25 16:20:35.832604	2025-05-25 16:20:35.836662	en	Tablet	tablet	If the computer were invented today, what would it look like? It would be powerful enough for any task. So mobile you could take it everywhere. And so intuitive you could use it any way you wanted — with touch, a keyboard, or even a pencil. In other words, it wouldn’t really be a "computer." It would be Tablet.	2	2
2025-05-25 16:20:35.914402	2025-05-25 16:20:35.916572	en	Wireless Optical Mouse	cordless-mouse	The Logitech M185 Wireless Optical Mouse is a great device for any computer user, and as Logitech are the global market leaders for these devices, you are also guaranteed absolute reliability. A mouse to be reckoned with!	3	3
2025-05-25 16:20:35.96852	2025-05-25 16:20:35.970622	en	32-Inch Monitor	32-inch-monitor	The UJ59 with Ultra HD resolution has 4x the pixels of Full HD, delivering more screen space and amazingly life-like images. That means you can view documents and webpages with less scrolling, work more comfortably with multiple windows and toolbars, and enjoy photos, videos and games in stunning 4K quality. Note: beverage not included.	4	4
2025-05-25 16:20:36.010576	2025-05-25 16:20:36.013238	en	Curvy Monitor	curvy-monitor	Discover a truly immersive viewing experience with this monitor curved more deeply than any other. Wrapping around your field of vision the 1,800 R screencreates a wider field of view, enhances depth perception, and minimises peripheral distractions to draw you deeper in to your content.	5	5
2025-05-25 16:20:36.100334	2025-05-25 16:20:36.102672	en	High Performance RAM	high-performance-ram	Each RAM module is built with a pure aluminium heat spreader for faster heat dissipation and cooler operation. Enhanced to XMP 2.0 profiles for better overclocking; Compatibility: Intel 100 Series, Intel 200 Series, Intel 300 Series, Intel X299, AMD 300 Series, AMD 400 Series.	6	6
2025-05-25 16:20:36.216009	2025-05-25 16:20:36.218567	en	Gaming PC	gaming-pc	This pc is optimised for gaming, and is also VR ready. The Intel Core-i7 CPU and High Performance GPU give the computer the raw power it needs to function at a high level.	7	7
2025-05-25 16:20:36.346221	2025-05-25 16:20:36.348581	en	Hard Drive	hard-drive	Boost your PC storage with this internal hard drive, designed just for desktop and all-in-one PCs.	8	8
2025-05-25 16:20:36.488753	2025-05-25 16:20:36.490528	en	Clacky Keyboard	clacky-keyboard	Let all your colleagues know that you are typing on this exclusive, colorful klicky-klacky keyboard. Huge travel on each keypress ensures maximum klack on each and every keystroke.	9	9
2025-05-25 16:20:36.526763	2025-05-25 16:20:36.528769	en	Ethernet Cable	ethernet-cable	5m (metres) Cat.6 network cable (upwards/downwards compatible) | Patch cable | 2 RJ-45 plug | plug with bend protection mantle. High transmission speeds due to operating frequency with up to 250 MHz (in comparison to Cat.5/Cat.5e cable bandwidth of 100 MHz).	10	10
2025-05-25 16:20:36.562809	2025-05-25 16:20:36.564672	en	USB Cable	usb-cable	Solid conductors eliminate strand-interaction distortion and reduce jitter. As the surface is made of high-purity silver, the performance is very close to that of a solid silver cable, but priced much closer to solid copper cable.	11	11
2025-05-25 16:20:36.616232	2025-05-25 16:20:36.618542	en	Instant Camera	instant-camera	With its nostalgic design and simple point-and-shoot functionality, the Instant Camera is the perfect pick to get started with instant photography.	12	12
2025-05-25 16:20:36.666213	2025-05-25 16:20:36.668578	en	Camera Lens	camera-lens	This lens is a Di type lens using an optical system with improved multi-coating designed to function with digital SLR cameras as well as film cameras.	13	13
2025-05-25 16:20:36.708125	2025-05-25 16:20:36.710579	en	Vintage Folding Camera	vintage-folding-camera	This vintage folding camera is so antiquated that you cannot possibly hope to produce actual photographs with it. However, it makes a wonderful decorative piece for the home or office.	14	14
2025-05-25 16:20:36.750068	2025-05-25 16:20:36.75259	en	Tripod	tripod	Capture vivid, professional-style photographs with help from this lightweight tripod. The adjustable-height tripod makes it easy to achieve reliable stability and score just the right angle when going after that award-winning shot.	15	15
2025-05-25 16:20:36.793949	2025-05-25 16:20:36.796533	en	Instamatic Camera	instamatic-camera	This inexpensive point-and-shoot camera uses easy-to-load 126 film cartridges. A built-in flash unit ensure great results, no matter the lighting conditions.	16	16
2025-05-25 16:20:36.843259	2025-05-25 16:20:36.846556	en	Compact Digital Camera	compact-digital-camera	Unleash your creative potential with high-level performance and advanced features such as AI-powered Real-time Eye AF; new, high-precision Real-time Tracking; high-speed continuous shooting and 4K HDR movie-shooting. The camera's innovative AF quickly and reliably detects the position of the subject and then tracks the subject's motion, keeping it in sharp focus.	17	17
2025-05-25 16:20:36.888813	2025-05-25 16:20:36.890574	en	Nikkormat SLR Camera	nikkormat-slr-camera	The Nikkormat FS was brought to market by Nikon in 1965. The lens is a 50mm f1.4 Nikkor. Nice glass, smooth focus and a working diaphragm. A UV filter and a Nikon front lens cap are included with the lens.	18	18
2025-05-25 16:20:36.928722	2025-05-25 16:20:36.930634	en	Compact SLR Camera	compact-slr-camera	Retro styled, portable in size and built around a powerful 24-megapixel APS-C CMOS sensor, this digital camera is the ideal companion for creative everyday photography. Packed full of high spec features such as an advanced hybrid autofocus system able to keep pace with even the most active subjects, a speedy 6fps continuous-shooting mode, high-resolution electronic viewfinder and intuitive swivelling touchscreen, it brings professional image making into everyone’s grasp.	19	19
2025-05-25 16:20:36.976281	2025-05-25 16:20:36.978584	en	Twin Lens Camera	twin-lens-camera	What makes a Rolleiflex TLR so special? Many things. To start, TLR stands for twin lens reflex. “Twin” because there are two lenses. And reflex means that the photographer looks through the lens to view the reflected image of an object or scene on the focusing screen. 	20	20
2025-05-25 16:20:37.035779	2025-05-25 16:20:37.038754	en	Road Bike	road-bike	Featuring a full carbon chassis - complete with cyclocross-specific carbon fork - and a component setup geared for hard use on the race circuit, it's got the low weight, exceptional efficiency and brilliant handling you'll need to stay at the front of the pack.	21	21
2025-05-25 16:20:37.089266	2025-05-25 16:20:37.092658	en	Skipping Rope	skipping-rope	When you're working out you need a quality rope that doesn't tangle at every couple of jumps and with this skipping rope you won't have this problem. The fact that it looks like a pair of tasty frankfurters is merely a bonus.	22	22
2025-05-25 16:20:37.178894	2025-05-25 16:20:37.180782	en	Tent	tent	With tons of space inside (for max. 4 persons), full head height throughout the entire tent and an unusual and striking shape, this tent offers you everything you need.	24	24
2025-05-25 16:20:37.134644	2025-05-25 16:20:37.13668	en	Boxing Gloves	boxing-gloves	Training gloves designed for optimum training. Our gloves promote proper punching technique because they are conformed to the natural shape of your fist. Dense, innovative two-layer foam provides better shock absorbency and full padding on the front, back and wrist to promote proper punching technique.	23	23
2025-05-25 16:20:37.330397	2025-05-25 16:20:37.332574	en	Tennis Ball	tennis-ball	Our dog loves these tennis balls and they last for some time before they eventually either get lost in some field or bush or the covering comes off due to it being used most of the day every day.	27	27
2025-05-25 16:20:38.740167	2025-05-25 16:20:38.7426	en	Leather Sofa	leather-sofa	This premium, tan-brown bonded leather seat is part of the 'chill' sofa range. The lever activated recline feature makes it easy to adjust to any position. This smart, bustle back design with rounded tight padded arms has been designed with your comfort in mind. This well-padded chair has foam pocket sprung seat cushions and fibre-filled back cushions.	47	47
2025-05-25 16:20:37.224819	2025-05-25 16:20:37.226705	en	Cruiser Skateboard	cruiser-skateboard	Based on the 1970s iconic shape, but made to a larger 69cm size, with updated, quality component, these skateboards are great for beginners to learn the foot spacing required, and are perfect for all-day cruising.	25	25
2025-05-25 16:20:37.280194	2025-05-25 16:20:37.282598	en	Football	football	This football features high-contrast graphics for high-visibility during play, while its machine-stitched tpu casing offers consistent performance.	26	26
2025-05-25 16:20:37.370886	2025-05-25 16:20:37.372791	en	Basketball	basketball	The Wilson MVP ball is perfect for playing basketball, and improving your skill for hours on end. Designed for new players, it is created with a high-quality rubber suitable for courts, allowing you to get full use during your practices.	28	28
2025-05-25 16:20:37.60232	2025-05-25 16:20:37.604587	en	Freerun Running Shoe	freerun-running-shoe	The Freerun Men's Running Shoe is built for record-breaking speed. The Flyknit upper delivers ultra-lightweight support that fits like a glove.	30	30
2025-05-25 16:20:37.736333	2025-05-25 16:20:37.738563	en	Hi-Top Basketball Shoe	hi-top-basketball-shoe	Boasting legendary performance since 2008, the Hyperdunkz Basketball Shoe needs no gimmicks to stand out. Air units deliver best-in-class cushioning, while a dynamic lacing system keeps your foot snug and secure, so you can focus on your game and nothing else.	31	31
2025-05-25 16:20:37.854673	2025-05-25 16:20:37.856676	en	Pureboost Running Shoe	pureboost-running-shoe	Built to handle curbs, corners and uneven sidewalks, these natural running shoes have an expanded landing zone and a heel plate for added stability. A lightweight and stretchy knit upper supports your native stride.	32	32
2025-05-25 16:20:38.530656	2025-05-25 16:20:38.532641	en	Bonsai Tree	bonsai-tree	Excellent semi-evergreen bonsai. Indoors or out but needs some winter protection. All trees sent will leave the nursery in excellent condition and will be of equal quality or better than the photograph shown.	42	42
2025-05-25 16:20:38.622621	2025-05-25 16:20:38.624597	en	Hand Trowel	hand-trowel	Hand trowel for garden cultivating hammer finish epoxy-coated head for improved resistance to rust, scratches, humidity and alkalines in the soil.	44	44
2025-05-25 16:20:38.692733	2025-05-25 16:20:38.69462	en	Grey Fabric Sofa	grey-fabric-sofa	Seat cushions filled with high resilience foam and polyester fibre wadding give comfortable support for your body, and easily regain their shape when you get up. The cover is easy to keep clean as it is removable and can be machine washed.	46	46
2025-05-25 16:20:37.459467	2025-05-25 16:20:37.462831	en	Ultraboost Running Shoe	ultraboost-running-shoe	With its ultra-light, uber-responsive magic foam and a carbon fiber plate that feels like it’s propelling you forward, the Running Shoe is ready to push you to victories both large and small	29	29
2025-05-25 16:20:38.239869	2025-05-25 16:20:38.242579	en	Spiky Cactus	spiky-cactus	A spiky yet elegant house cactus - perfect for the home or office. Origin and habitat: Probably native only to the Andes of Peru	35	35
2025-05-25 16:20:38.330575	2025-05-25 16:20:38.332525	en	Hanging Plant	hanging-plant	Can be found in tropical and sub-tropical America where it grows on the branches of trees, but also on telephone wires and electricity cables and poles that sometimes topple with the weight of these plants. This plant loves a moist and warm air.	37	37
2025-05-25 16:20:38.410624	2025-05-25 16:20:38.412622	en	Fern Blechnum Gibbum	fern-blechnum-gibbum	Create a tropical feel in your home with this lush green tree fern, it has decorative leaves and will develop a short slender trunk in time.	39	39
2025-05-25 16:20:38.484755	2025-05-25 16:20:38.486624	en	Orchid	orchid	Gloriously elegant. It can go along with any interior as it is a neutral color and the most popular Phalaenopsis overall. 2 to 3 foot stems host large white flowers that can last for over 2 months.	41	41
2025-05-25 16:20:38.823954	2025-05-25 16:20:38.826602	en	Wooden Side Desk	wooden-side-desk	Drawer stops prevent the drawers from being pulled out too far. Built-in cable management for collecting cables and cords; out of sight but close at hand.	49	49
2025-05-25 16:20:38.906592	2025-05-25 16:20:38.908596	en	Black Eaves Chair	black-eaves-chair	Comfortable to sit on thanks to the bowl-shaped seat and rounded shape of the backrest. No tools are required to assemble the chair, you just click it together with a simple mechanism under the seat.	51	51
2025-05-25 16:20:39.032689	2025-05-25 16:20:39.034913	en	Modern Cafe Chair	modern-cafe-chair	You sit comfortably thanks to the restful flexibility of the seat. Lightweight and easy to move around, yet stable enough even for the liveliest, young family members.	54	54
2025-05-25 16:20:37.974631	2025-05-25 16:20:37.976618	en	RunX Running Shoe	runx-running-shoe	These running shoes are made with an airy, lightweight mesh upper. The durable rubber outsole grips the pavement for added stability. A cushioned midsole brings comfort to each step.	33	33
2025-05-25 16:20:38.091953	2025-05-25 16:20:38.094549	en	Allstar Sneakers	allstar-sneakers	All Star is the most iconic sneaker in the world, recognised for its unmistakable silhouette, star-centred ankle patch and cultural authenticity. And like the best paradigms, it only gets better with time.	34	34
2025-05-25 16:20:38.286588	2025-05-25 16:20:38.29066	en	Tulip Pot	tulip-pot	Bright crimson red species tulip with black centers, the poppy-like flowers will open up in full sun. Ideal for rock gardens, pots and border edging.	36	36
2025-05-25 16:20:38.368653	2025-05-25 16:20:38.370568	en	Aloe Vera	aloe-vera	Decorative Aloe vera makes a lovely house plant. A really trendy plant, Aloe vera is just so easy to care for. Aloe vera sap has been renowned for its remarkable medicinal and cosmetic properties for many centuries and has been used to treat grazes, insect bites and sunburn - it really works.	38	38
2025-05-25 16:20:38.448752	2025-05-25 16:20:38.450733	en	Assorted Indoor Succulents	assorted-succulents	These assorted succulents come in a variety of different shapes and colours - each with their own unique personality. Succulents grow best in plenty of light: a sunny windowsill would be the ideal spot for them to thrive!	40	40
2025-05-25 16:20:38.583919	2025-05-25 16:20:38.586555	en	Guardian Lion Statue	guardian-lion-statue	Placing it at home or office can bring you fortune and prosperity, guard your house and ward off ill fortune.	43	43
2025-05-25 16:20:38.656623	2025-05-25 16:20:38.658598	en	Balloon Chair	balloon-chair	A charming vintage white wooden chair featuring an extremely spherical pink balloon. The balloon may be detached and used for other purposes, for example as a party decoration.	45	45
2025-05-25 16:20:38.776768	2025-05-25 16:20:38.778574	en	Light Shade	light-shade	Modern tapered white polycotton pendant shade with a metallic silver chrome interior finish for maximum light reflection. Reversible gimble so it can be used as a ceiling shade or as a lamp shade.	48	48
2025-05-25 16:20:38.866677	2025-05-25 16:20:38.868664	en	Comfy Padded Chair	comfy-padded-chair	You sit comfortably thanks to the shaped back. The chair frame is made of solid wood, which is a durable natural material.	50	50
2025-05-25 16:20:38.95067	2025-05-25 16:20:38.952618	en	Wooden Stool	wooden-stool	Solid wood is a hardwearing natural material, which can be sanded and surface treated as required.	52	52
2025-05-25 16:20:38.992728	2025-05-25 16:20:38.994735	en	Bedside Table	bedside-table	Every table is unique, with varying grain pattern and natural colour shifts that are part of the charm of wood.	53	53
\.


--
-- Data for Name: product_variant; Type: TABLE DATA; Schema: public; Owner: postgres
--

COPY public.product_variant ("createdAt", "updatedAt", "deletedAt", enabled, sku, "outOfStockThreshold", "useGlobalOutOfStockThreshold", "trackInventory", id, "featuredAssetId", "taxCategoryId", "productId") FROM stdin;
2025-05-25 16:20:35.72879	2025-05-25 16:20:35.72879	\N	t	L2201308	0	t	INHERIT	1	\N	1	1
2025-05-25 16:20:35.752554	2025-05-25 16:20:35.752554	\N	t	L2201508	0	t	INHERIT	2	\N	1	1
2025-05-25 16:20:35.770542	2025-05-25 16:20:35.770542	\N	t	L2201316	0	t	INHERIT	3	\N	1	1
2025-05-25 16:20:35.790636	2025-05-25 16:20:35.790636	\N	t	L2201516	0	t	INHERIT	4	\N	1	1
2025-05-25 16:20:35.858529	2025-05-25 16:20:35.858529	\N	t	TBL200032	0	t	INHERIT	5	\N	1	2
2025-05-25 16:20:35.876576	2025-05-25 16:20:35.876576	\N	t	TBL200128	0	t	INHERIT	6	\N	1	2
2025-05-25 16:20:35.924504	2025-05-25 16:20:35.924504	\N	t	834444	0	t	INHERIT	7	\N	1	3
2025-05-25 16:20:35.978636	2025-05-25 16:20:35.978636	\N	t	LU32J590UQUXEN	0	t	INHERIT	8	\N	1	4
2025-05-25 16:20:36.040484	2025-05-25 16:20:36.040484	\N	t	C24F390	0	t	INHERIT	9	\N	1	5
2025-05-25 16:20:36.058585	2025-05-25 16:20:36.058585	\N	t	C27F390	0	t	INHERIT	10	\N	1	5
2025-05-25 16:20:36.134642	2025-05-25 16:20:36.134642	\N	t	CMK32GX4M2AC04	0	t	INHERIT	11	\N	1	6
2025-05-25 16:20:36.154762	2025-05-25 16:20:36.154762	\N	t	CMK32GX4M2AC08	0	t	INHERIT	12	\N	1	6
2025-05-25 16:20:36.172748	2025-05-25 16:20:36.172748	\N	t	CMK32GX4M2AC16	0	t	INHERIT	13	\N	1	6
2025-05-25 16:20:36.260609	2025-05-25 16:20:36.260609	\N	t	CGS480VR1063	0	t	INHERIT	14	\N	1	7
2025-05-25 16:20:36.276615	2025-05-25 16:20:36.276615	\N	t	CGS480VR1064	0	t	INHERIT	15	\N	1	7
2025-05-25 16:20:36.294794	2025-05-25 16:20:36.294794	\N	t	CGS480VR1065	0	t	INHERIT	16	\N	1	7
2025-05-25 16:20:36.310587	2025-05-25 16:20:36.310587	\N	t	CGS480VR1066	0	t	INHERIT	17	\N	1	7
2025-05-25 16:20:36.382581	2025-05-25 16:20:36.382581	\N	t	IHD455T1	0	t	INHERIT	18	\N	1	8
2025-05-25 16:20:36.398532	2025-05-25 16:20:36.398532	\N	t	IHD455T2	0	t	INHERIT	19	\N	1	8
2025-05-25 16:20:36.418543	2025-05-25 16:20:36.418543	\N	t	IHD455T3	0	t	INHERIT	20	\N	1	8
2025-05-25 16:20:36.438615	2025-05-25 16:20:36.438615	\N	t	IHD455T4	0	t	INHERIT	21	\N	1	8
2025-05-25 16:20:36.458579	2025-05-25 16:20:36.458579	\N	t	IHD455T6	0	t	INHERIT	22	\N	1	8
2025-05-25 16:20:36.49859	2025-05-25 16:20:36.49859	\N	t	A4TKLA45535	0	t	INHERIT	23	\N	1	9
2025-05-25 16:20:36.53667	2025-05-25 16:20:36.53667	\N	t	A23334x30	0	t	INHERIT	24	\N	1	10
2025-05-25 16:20:36.57272	2025-05-25 16:20:36.57272	\N	t	USBCIN01.5MI	0	t	INHERIT	25	\N	1	11
2025-05-25 16:20:36.628686	2025-05-25 16:20:36.628686	\N	t	IC22MWDD	0	t	INHERIT	26	\N	1	12
2025-05-25 16:20:36.676571	2025-05-25 16:20:36.676571	\N	t	B0012UUP02	0	t	INHERIT	27	\N	1	13
2025-05-25 16:20:36.718568	2025-05-25 16:20:36.718568	\N	t	B00AFC9099	0	t	INHERIT	28	\N	1	14
2025-05-25 16:20:36.76057	2025-05-25 16:20:36.76057	\N	t	B00XI87KV8	0	t	INHERIT	29	\N	1	15
2025-05-25 16:20:36.804591	2025-05-25 16:20:36.804591	\N	t	B07K1330LL	0	t	INHERIT	30	\N	1	16
2025-05-25 16:20:36.858676	2025-05-25 16:20:36.858676	\N	t	B07D990021	0	t	INHERIT	31	\N	1	17
2025-05-25 16:20:36.898617	2025-05-25 16:20:36.898617	\N	t	B07D33B334	0	t	INHERIT	32	\N	1	18
2025-05-25 16:20:36.938701	2025-05-25 16:20:36.938701	\N	t	B07D75V44S	0	t	INHERIT	33	\N	1	19
2025-05-25 16:20:36.986726	2025-05-25 16:20:36.986726	\N	t	B07D78JTLR	0	t	INHERIT	34	\N	1	20
2025-05-25 16:20:37.048498	2025-05-25 16:20:37.048498	\N	t	RB000844334	0	t	INHERIT	35	\N	1	21
2025-05-25 16:20:37.100648	2025-05-25 16:20:37.100648	\N	t	B07CNGXVXT	0	t	INHERIT	36	\N	1	22
2025-05-25 16:20:37.144581	2025-05-25 16:20:37.144581	\N	t	B000ZYLPPU	0	t	INHERIT	37	\N	1	23
2025-05-25 16:20:37.190825	2025-05-25 16:20:37.190825	\N	t	2000023510	0	t	INHERIT	38	\N	1	24
2025-05-25 16:20:37.234528	2025-05-25 16:20:37.234528	\N	t	799872520	0	t	INHERIT	39	\N	1	25
2025-05-25 16:20:37.290589	2025-05-25 16:20:37.290589	\N	t	SC3137-056	0	t	INHERIT	40	\N	1	26
2025-05-25 16:20:37.340539	2025-05-25 16:20:37.340539	\N	t	WRT11752P	0	t	INHERIT	41	\N	1	27
2025-05-25 16:20:37.380528	2025-05-25 16:20:37.380528	\N	t	WTB1418XB06	0	t	INHERIT	42	\N	1	28
2025-05-25 16:20:37.508682	2025-05-25 16:20:37.508682	\N	t	RS0040	0	t	INHERIT	43	\N	1	29
2025-05-25 16:20:37.526561	2025-05-25 16:20:37.526561	\N	t	RS0042	0	t	INHERIT	44	\N	1	29
2025-05-25 16:20:37.542618	2025-05-25 16:20:37.542618	\N	t	RS0044	0	t	INHERIT	45	\N	1	29
2025-05-25 16:20:37.562612	2025-05-25 16:20:37.562612	\N	t	RS0046	0	t	INHERIT	46	\N	1	29
2025-05-25 16:20:37.636574	2025-05-25 16:20:37.636574	\N	t	AR4561-40	0	t	INHERIT	47	\N	1	30
2025-05-25 16:20:37.652598	2025-05-25 16:20:37.652598	\N	t	AR4561-42	0	t	INHERIT	48	\N	1	30
2025-05-25 16:20:37.676803	2025-05-25 16:20:37.676803	\N	t	AR4561-44	0	t	INHERIT	49	\N	1	30
2025-05-25 16:20:37.696572	2025-05-25 16:20:37.696572	\N	t	AR4561-46	0	t	INHERIT	50	\N	1	30
2025-05-25 16:20:37.768535	2025-05-25 16:20:37.768535	\N	t	AO7893-40	0	t	INHERIT	51	\N	1	31
2025-05-25 16:20:37.786447	2025-05-25 16:20:37.786447	\N	t	AO7893-42	0	t	INHERIT	52	\N	1	31
2025-05-25 16:20:37.808578	2025-05-25 16:20:37.808578	\N	t	AO7893-44	0	t	INHERIT	53	\N	1	31
2025-05-25 16:20:37.8247	2025-05-25 16:20:37.8247	\N	t	AO7893-46	0	t	INHERIT	54	\N	1	31
2025-05-25 16:20:37.894568	2025-05-25 16:20:37.894568	\N	t	F3578640	0	t	INHERIT	55	\N	1	32
2025-05-25 16:20:37.910602	2025-05-25 16:20:37.910602	\N	t	F3578642	0	t	INHERIT	56	\N	1	32
2025-05-25 16:20:37.926612	2025-05-25 16:20:37.926612	\N	t	F3578644	0	t	INHERIT	57	\N	1	32
2025-05-25 16:20:37.946592	2025-05-25 16:20:37.946592	\N	t	F3578646	0	t	INHERIT	58	\N	1	32
2025-05-25 16:20:38.006495	2025-05-25 16:20:38.006495	\N	t	F3633340	0	t	INHERIT	59	\N	1	33
2025-05-25 16:20:38.022521	2025-05-25 16:20:38.022521	\N	t	F3633342	0	t	INHERIT	60	\N	1	33
2025-05-25 16:20:38.038485	2025-05-25 16:20:38.038485	\N	t	F3633344	0	t	INHERIT	61	\N	1	33
2025-05-25 16:20:38.052601	2025-05-25 16:20:38.052601	\N	t	F3633346	0	t	INHERIT	62	\N	1	33
2025-05-25 16:20:38.128659	2025-05-25 16:20:38.128659	\N	t	CAS23340	0	t	INHERIT	63	\N	1	34
2025-05-25 16:20:38.148581	2025-05-25 16:20:38.148581	\N	t	CAS23342	0	t	INHERIT	64	\N	1	34
2025-05-25 16:20:38.16672	2025-05-25 16:20:38.16672	\N	t	CAS23344	0	t	INHERIT	65	\N	1	34
2025-05-25 16:20:38.18255	2025-05-25 16:20:38.18255	\N	t	CAS23346	0	t	INHERIT	66	\N	1	34
2025-05-25 16:20:38.252806	2025-05-25 16:20:38.252806	\N	t	SC011001	0	t	INHERIT	67	\N	1	35
2025-05-25 16:20:38.298568	2025-05-25 16:20:38.298568	\N	t	A58477	0	t	INHERIT	68	\N	1	36
2025-05-25 16:20:38.340583	2025-05-25 16:20:38.340583	\N	t	A44223	0	t	INHERIT	69	\N	1	37
2025-05-25 16:20:38.378769	2025-05-25 16:20:38.378769	\N	t	A44352	0	t	INHERIT	70	\N	1	38
2025-05-25 16:20:38.420531	2025-05-25 16:20:38.420531	\N	t	A04851	0	t	INHERIT	71	\N	1	39
2025-05-25 16:20:38.458599	2025-05-25 16:20:38.458599	\N	t	A08593	0	t	INHERIT	72	\N	1	40
2025-05-25 16:20:38.494629	2025-05-25 16:20:38.494629	\N	t	ROR00221	0	t	INHERIT	73	\N	1	41
2025-05-25 16:20:38.540544	2025-05-25 16:20:38.540544	\N	t	B01MXFLUSV	0	t	INHERIT	74	\N	1	42
2025-05-25 16:20:38.594546	2025-05-25 16:20:38.594546	\N	t	GL34LLW11	0	t	INHERIT	75	\N	1	43
2025-05-25 16:20:38.632601	2025-05-25 16:20:38.632601	\N	t	4058NB/09	0	t	INHERIT	76	\N	1	44
2025-05-25 16:20:38.666593	2025-05-25 16:20:38.666593	\N	t	34-BC82444	0	t	INHERIT	77	\N	1	45
2025-05-25 16:20:38.702806	2025-05-25 16:20:38.702806	\N	t	CH00001-12	0	t	INHERIT	78	\N	1	46
2025-05-25 16:20:38.75063	2025-05-25 16:20:38.75063	\N	t	CH00001-02	0	t	INHERIT	79	\N	1	47
2025-05-25 16:20:38.786529	2025-05-25 16:20:38.786529	\N	t	B45809LSW	0	t	INHERIT	80	\N	1	48
2025-05-25 16:20:38.834743	2025-05-25 16:20:38.834743	\N	t	304.096.29	0	t	INHERIT	81	\N	1	49
2025-05-25 16:20:38.87657	2025-05-25 16:20:38.87657	\N	t	404.068.14	0	t	INHERIT	82	\N	1	50
2025-05-25 16:20:38.920485	2025-05-25 16:20:38.920485	\N	t	003.600.02	0	t	INHERIT	83	\N	1	51
2025-05-25 16:20:38.960626	2025-05-25 16:20:38.960626	\N	t	202.493.30	0	t	INHERIT	84	\N	1	52
2025-05-25 16:20:39.002652	2025-05-25 16:20:39.002652	\N	t	404.290.14	0	t	INHERIT	85	\N	1	53
2025-05-25 16:20:39.070604	2025-05-25 16:20:39.070604	\N	t	404.038.96	0	t	INHERIT	86	\N	1	54
2025-05-25 16:20:39.096595	2025-05-25 16:20:39.096595	\N	t	404.038.96	0	t	INHERIT	87	\N	1	54
2025-05-25 16:20:39.114651	2025-05-25 16:20:39.114651	\N	t	404.038.96	0	t	INHERIT	88	\N	1	54
\.


--
-- Data for Name: product_variant_asset; Type: TABLE DATA; Schema: public; Owner: postgres
--

COPY public.product_variant_asset ("createdAt", "updatedAt", "assetId", "position", "productVariantId", id) FROM stdin;
\.


--
-- Data for Name: product_variant_channels_channel; Type: TABLE DATA; Schema: public; Owner: postgres
--

COPY public.product_variant_channels_channel ("productVariantId", "channelId") FROM stdin;
1	1
2	1
3	1
4	1
5	1
6	1
7	1
8	1
9	1
10	1
11	1
12	1
13	1
14	1
15	1
16	1
17	1
18	1
19	1
20	1
21	1
22	1
23	1
24	1
25	1
26	1
27	1
28	1
29	1
30	1
31	1
32	1
33	1
34	1
35	1
36	1
37	1
38	1
39	1
40	1
41	1
42	1
43	1
44	1
45	1
46	1
47	1
48	1
49	1
50	1
51	1
52	1
53	1
54	1
55	1
56	1
57	1
58	1
59	1
60	1
61	1
62	1
63	1
64	1
65	1
66	1
67	1
68	1
69	1
70	1
71	1
72	1
73	1
74	1
75	1
76	1
77	1
78	1
79	1
80	1
81	1
82	1
83	1
84	1
85	1
86	1
87	1
88	1
\.


--
-- Data for Name: product_variant_facet_values_facet_value; Type: TABLE DATA; Schema: public; Owner: postgres
--

COPY public.product_variant_facet_values_facet_value ("productVariantId", "facetValueId") FROM stdin;
86	38
87	39
88	28
\.


--
-- Data for Name: product_variant_options_product_option; Type: TABLE DATA; Schema: public; Owner: postgres
--

COPY public.product_variant_options_product_option ("productVariantId", "productOptionId") FROM stdin;
1	1
1	3
2	2
2	3
3	1
3	4
4	2
4	4
5	5
6	6
9	7
10	8
11	9
12	10
13	11
14	12
14	14
15	13
15	14
16	12
16	15
17	13
17	15
18	16
19	17
20	18
21	19
22	20
43	21
44	22
45	23
46	24
47	25
48	26
49	27
50	28
51	29
52	30
53	31
54	32
55	33
56	34
57	35
58	36
59	37
60	38
61	39
62	40
63	41
64	42
65	43
66	44
86	45
87	46
88	47
\.


--
-- Data for Name: product_variant_price; Type: TABLE DATA; Schema: public; Owner: postgres
--

COPY public.product_variant_price ("createdAt", "updatedAt", "currencyCode", id, "channelId", price, "variantId") FROM stdin;
2025-05-25 16:20:35.743678	2025-05-25 16:20:35.743678	USD	1	1	129900	1
2025-05-25 16:20:35.76476	2025-05-25 16:20:35.76476	USD	2	1	139900	2
2025-05-25 16:20:35.780926	2025-05-25 16:20:35.780926	USD	3	1	219900	3
2025-05-25 16:20:35.80726	2025-05-25 16:20:35.80726	USD	4	1	229900	4
2025-05-25 16:20:35.870854	2025-05-25 16:20:35.870854	USD	5	1	32900	5
2025-05-25 16:20:35.88872	2025-05-25 16:20:35.88872	USD	6	1	44500	6
2025-05-25 16:20:35.934887	2025-05-25 16:20:35.934887	USD	7	1	1899	7
2025-05-25 16:20:35.990746	2025-05-25 16:20:35.990746	USD	8	1	31000	8
2025-05-25 16:20:36.052952	2025-05-25 16:20:36.052952	USD	9	1	14374	9
2025-05-25 16:20:36.070791	2025-05-25 16:20:36.070791	USD	10	1	16994	10
2025-05-25 16:20:36.147038	2025-05-25 16:20:36.147038	USD	11	1	13785	11
2025-05-25 16:20:36.166856	2025-05-25 16:20:36.166856	USD	12	1	14639	12
2025-05-25 16:20:36.184901	2025-05-25 16:20:36.184901	USD	13	1	28181	13
2025-05-25 16:20:36.27082	2025-05-25 16:20:36.27082	USD	14	1	108720	14
2025-05-25 16:20:36.288641	2025-05-25 16:20:36.288641	USD	15	1	109995	15
2025-05-25 16:20:36.304769	2025-05-25 16:20:36.304769	USD	16	1	93120	16
2025-05-25 16:20:36.320656	2025-05-25 16:20:36.320656	USD	17	1	94920	17
2025-05-25 16:20:36.392814	2025-05-25 16:20:36.392814	USD	18	1	3799	18
2025-05-25 16:20:36.408837	2025-05-25 16:20:36.408837	USD	19	1	5374	19
2025-05-25 16:20:36.431028	2025-05-25 16:20:36.431028	USD	20	1	7896	20
2025-05-25 16:20:36.452738	2025-05-25 16:20:36.452738	USD	21	1	9299	21
2025-05-25 16:20:36.470637	2025-05-25 16:20:36.470637	USD	22	1	13435	22
2025-05-25 16:20:36.506826	2025-05-25 16:20:36.506826	USD	23	1	7489	23
2025-05-25 16:20:36.546833	2025-05-25 16:20:36.546833	USD	24	1	597	24
2025-05-25 16:20:36.584718	2025-05-25 16:20:36.584718	USD	25	1	6900	25
2025-05-25 16:20:36.642663	2025-05-25 16:20:36.642663	USD	26	1	17499	26
2025-05-25 16:20:36.68479	2025-05-25 16:20:36.68479	USD	27	1	10400	27
2025-05-25 16:20:36.726743	2025-05-25 16:20:36.726743	USD	28	1	535000	28
2025-05-25 16:20:36.76876	2025-05-25 16:20:36.76876	USD	29	1	1498	29
2025-05-25 16:20:36.812797	2025-05-25 16:20:36.812797	USD	30	1	2000	30
2025-05-25 16:20:36.868944	2025-05-25 16:20:36.868944	USD	31	1	89999	31
2025-05-25 16:20:36.908811	2025-05-25 16:20:36.908811	USD	32	1	61500	32
2025-05-25 16:20:36.95079	2025-05-25 16:20:36.95079	USD	33	1	52100	33
2025-05-25 16:20:36.998874	2025-05-25 16:20:36.998874	USD	34	1	79900	34
2025-05-25 16:20:37.060911	2025-05-25 16:20:37.060911	USD	35	1	249900	35
2025-05-25 16:20:37.112935	2025-05-25 16:20:37.112935	USD	36	1	799	36
2025-05-25 16:20:37.154908	2025-05-25 16:20:37.154908	USD	37	1	3304	37
2025-05-25 16:20:37.204876	2025-05-25 16:20:37.204876	USD	38	1	21493	38
2025-05-25 16:20:37.251428	2025-05-25 16:20:37.251428	USD	39	1	2499	39
2025-05-25 16:20:37.302833	2025-05-25 16:20:37.302833	USD	40	1	5707	40
2025-05-25 16:20:37.348807	2025-05-25 16:20:37.348807	USD	41	1	1273	41
2025-05-25 16:20:37.388676	2025-05-25 16:20:37.388676	USD	42	1	3562	42
2025-05-25 16:20:37.52074	2025-05-25 16:20:37.52074	USD	43	1	9999	43
2025-05-25 16:20:37.536691	2025-05-25 16:20:37.536691	USD	44	1	9999	44
2025-05-25 16:20:37.556926	2025-05-25 16:20:37.556926	USD	45	1	9999	45
2025-05-25 16:20:37.574904	2025-05-25 16:20:37.574904	USD	46	1	9999	46
2025-05-25 16:20:37.646836	2025-05-25 16:20:37.646836	USD	47	1	16000	47
2025-05-25 16:20:37.668813	2025-05-25 16:20:37.668813	USD	48	1	16000	48
2025-05-25 16:20:37.690831	2025-05-25 16:20:37.690831	USD	49	1	16000	49
2025-05-25 16:20:37.706669	2025-05-25 16:20:37.706669	USD	50	1	16000	50
2025-05-25 16:20:37.780771	2025-05-25 16:20:37.780771	USD	51	1	14000	51
2025-05-25 16:20:37.800784	2025-05-25 16:20:37.800784	USD	52	1	14000	52
2025-05-25 16:20:37.818854	2025-05-25 16:20:37.818854	USD	53	1	14000	53
2025-05-25 16:20:37.836718	2025-05-25 16:20:37.836718	USD	54	1	14000	54
2025-05-25 16:20:37.904828	2025-05-25 16:20:37.904828	USD	55	1	9995	55
2025-05-25 16:20:37.920704	2025-05-25 16:20:37.920704	USD	56	1	9995	56
2025-05-25 16:20:37.938745	2025-05-25 16:20:37.938745	USD	57	1	9995	57
2025-05-25 16:20:37.956864	2025-05-25 16:20:37.956864	USD	58	1	9995	58
2025-05-25 16:20:38.016853	2025-05-25 16:20:38.016853	USD	59	1	4495	59
2025-05-25 16:20:38.032699	2025-05-25 16:20:38.032699	USD	60	1	4495	60
2025-05-25 16:20:38.046645	2025-05-25 16:20:38.046645	USD	61	1	4495	61
2025-05-25 16:20:38.062704	2025-05-25 16:20:38.062704	USD	62	1	4495	62
2025-05-25 16:20:38.142907	2025-05-25 16:20:38.142907	USD	63	1	6500	63
2025-05-25 16:20:38.160775	2025-05-25 16:20:38.160775	USD	64	1	6500	64
2025-05-25 16:20:38.176797	2025-05-25 16:20:38.176797	USD	65	1	6500	65
2025-05-25 16:20:38.194635	2025-05-25 16:20:38.194635	USD	66	1	6500	66
2025-05-25 16:20:38.264724	2025-05-25 16:20:38.264724	USD	67	1	1550	67
2025-05-25 16:20:38.310798	2025-05-25 16:20:38.310798	USD	68	1	675	68
2025-05-25 16:20:38.350907	2025-05-25 16:20:38.350907	USD	69	1	1995	69
2025-05-25 16:20:38.388721	2025-05-25 16:20:38.388721	USD	70	1	699	70
2025-05-25 16:20:38.428891	2025-05-25 16:20:38.428891	USD	71	1	895	71
2025-05-25 16:20:38.468916	2025-05-25 16:20:38.468916	USD	72	1	3250	72
2025-05-25 16:20:38.509021	2025-05-25 16:20:38.509021	USD	73	1	6500	73
2025-05-25 16:20:38.552769	2025-05-25 16:20:38.552769	USD	74	1	1999	74
2025-05-25 16:20:38.602756	2025-05-25 16:20:38.602756	USD	75	1	18853	75
2025-05-25 16:20:38.642663	2025-05-25 16:20:38.642663	USD	76	1	499	76
2025-05-25 16:20:38.674957	2025-05-25 16:20:38.674957	USD	77	1	6500	77
2025-05-25 16:20:38.716929	2025-05-25 16:20:38.716929	USD	78	1	29500	78
2025-05-25 16:20:38.760816	2025-05-25 16:20:38.760816	USD	79	1	124500	79
2025-05-25 16:20:38.798788	2025-05-25 16:20:38.798788	USD	80	1	2845	80
2025-05-25 16:20:38.846751	2025-05-25 16:20:38.846751	USD	81	1	12500	81
2025-05-25 16:20:38.888727	2025-05-25 16:20:38.888727	USD	82	1	13000	82
2025-05-25 16:20:38.932778	2025-05-25 16:20:38.932778	USD	83	1	7000	83
2025-05-25 16:20:38.970678	2025-05-25 16:20:38.970678	USD	84	1	1400	84
2025-05-25 16:20:39.015076	2025-05-25 16:20:39.015076	USD	85	1	13000	85
2025-05-25 16:20:39.082748	2025-05-25 16:20:39.082748	USD	86	1	10000	86
2025-05-25 16:20:39.108876	2025-05-25 16:20:39.108876	USD	87	1	10000	87
2025-05-25 16:20:39.130639	2025-05-25 16:20:39.130639	USD	88	1	10000	88
\.


--
-- Data for Name: product_variant_translation; Type: TABLE DATA; Schema: public; Owner: postgres
--

COPY public.product_variant_translation ("createdAt", "updatedAt", "languageCode", name, id, "baseId") FROM stdin;
2025-05-25 16:20:35.726935	2025-05-25 16:20:35.72879	en	Laptop 13 inch 8GB	1	1
2025-05-25 16:20:35.750788	2025-05-25 16:20:35.752554	en	Laptop 15 inch 8GB	2	2
2025-05-25 16:20:35.766636	2025-05-25 16:20:35.770542	en	Laptop 13 inch 16GB	3	3
2025-05-25 16:20:35.785182	2025-05-25 16:20:35.790636	en	Laptop 15 inch 16GB	4	4
2025-05-25 16:20:35.856591	2025-05-25 16:20:35.858529	en	Tablet 32GB	5	5
2025-05-25 16:20:35.874619	2025-05-25 16:20:35.876576	en	Tablet 128GB	6	6
2025-05-25 16:20:35.922542	2025-05-25 16:20:35.924504	en	Wireless Optical Mouse	7	7
2025-05-25 16:20:35.976618	2025-05-25 16:20:35.978636	en	32-Inch Monitor	8	8
2025-05-25 16:20:36.038938	2025-05-25 16:20:36.040484	en	Curvy Monitor 24 inch	9	9
2025-05-25 16:20:36.056632	2025-05-25 16:20:36.058585	en	Curvy Monitor 27 inch	10	10
2025-05-25 16:20:36.132596	2025-05-25 16:20:36.134642	en	High Performance RAM 4GB	11	11
2025-05-25 16:20:36.150697	2025-05-25 16:20:36.154762	en	High Performance RAM 8GB	12	12
2025-05-25 16:20:36.170839	2025-05-25 16:20:36.172748	en	High Performance RAM 16GB	13	13
2025-05-25 16:20:36.258603	2025-05-25 16:20:36.260609	en	Gaming PC i7-8700 240GB SSD	14	14
2025-05-25 16:20:36.274624	2025-05-25 16:20:36.276615	en	Gaming PC R7-2700 240GB SSD	15	15
2025-05-25 16:20:36.290842	2025-05-25 16:20:36.294794	en	Gaming PC i7-8700 120GB SSD	16	16
2025-05-25 16:20:36.308586	2025-05-25 16:20:36.310587	en	Gaming PC R7-2700 120GB SSD	17	17
2025-05-25 16:20:36.38061	2025-05-25 16:20:36.382581	en	Hard Drive 1TB	18	18
2025-05-25 16:20:36.396562	2025-05-25 16:20:36.398532	en	Hard Drive 2TB	19	19
2025-05-25 16:20:36.414827	2025-05-25 16:20:36.418543	en	Hard Drive 3TB	20	20
2025-05-25 16:20:36.434515	2025-05-25 16:20:36.438615	en	Hard Drive 4TB	21	21
2025-05-25 16:20:36.456581	2025-05-25 16:20:36.458579	en	Hard Drive 6TB	22	22
2025-05-25 16:20:36.496669	2025-05-25 16:20:36.49859	en	Clacky Keyboard	23	23
2025-05-25 16:20:36.534639	2025-05-25 16:20:36.53667	en	Ethernet Cable	24	24
2025-05-25 16:20:36.570549	2025-05-25 16:20:36.57272	en	USB Cable	25	25
2025-05-25 16:20:36.626529	2025-05-25 16:20:36.628686	en	Instant Camera	26	26
2025-05-25 16:20:36.67457	2025-05-25 16:20:36.676571	en	Camera Lens	27	27
2025-05-25 16:20:36.716553	2025-05-25 16:20:36.718568	en	Vintage Folding Camera	28	28
2025-05-25 16:20:36.758609	2025-05-25 16:20:36.76057	en	Tripod	29	29
2025-05-25 16:20:36.802555	2025-05-25 16:20:36.804591	en	Instamatic Camera	30	30
2025-05-25 16:20:36.854745	2025-05-25 16:20:36.858676	en	Compact Digital Camera	31	31
2025-05-25 16:20:36.896619	2025-05-25 16:20:36.898617	en	Nikkormat SLR Camera	32	32
2025-05-25 16:20:36.936587	2025-05-25 16:20:36.938701	en	Compact SLR Camera	33	33
2025-05-25 16:20:36.984571	2025-05-25 16:20:36.986726	en	Twin Lens Camera	34	34
2025-05-25 16:20:37.046518	2025-05-25 16:20:37.048498	en	Road Bike	35	35
2025-05-25 16:20:37.098661	2025-05-25 16:20:37.100648	en	Skipping Rope	36	36
2025-05-25 16:20:37.142537	2025-05-25 16:20:37.144581	en	Boxing Gloves	37	37
2025-05-25 16:20:37.186838	2025-05-25 16:20:37.190825	en	Tent	38	38
2025-05-25 16:20:37.232886	2025-05-25 16:20:37.234528	en	Cruiser Skateboard	39	39
2025-05-25 16:20:37.288578	2025-05-25 16:20:37.290589	en	Football	40	40
2025-05-25 16:20:37.338574	2025-05-25 16:20:37.340539	en	Tennis Ball	41	41
2025-05-25 16:20:37.378679	2025-05-25 16:20:37.380528	en	Basketball	42	42
2025-05-25 16:20:37.506648	2025-05-25 16:20:37.508682	en	Ultraboost Running Shoe Size 40	43	43
2025-05-25 16:20:37.524698	2025-05-25 16:20:37.526561	en	Ultraboost Running Shoe Size 42	44	44
2025-05-25 16:20:37.538614	2025-05-25 16:20:37.542618	en	Ultraboost Running Shoe Size 44	45	45
2025-05-25 16:20:37.560586	2025-05-25 16:20:37.562612	en	Ultraboost Running Shoe Size 46	46	46
2025-05-25 16:20:37.634617	2025-05-25 16:20:37.636574	en	Freerun Running Shoe Size 40	47	47
2025-05-25 16:20:37.650658	2025-05-25 16:20:37.652598	en	Freerun Running Shoe Size 42	48	48
2025-05-25 16:20:37.673014	2025-05-25 16:20:37.676803	en	Freerun Running Shoe Size 44	49	49
2025-05-25 16:20:37.694693	2025-05-25 16:20:37.696572	en	Freerun Running Shoe Size 46	50	50
2025-05-25 16:20:37.766534	2025-05-25 16:20:37.768535	en	Hi-Top Basketball Shoe Size 40	51	51
2025-05-25 16:20:37.78452	2025-05-25 16:20:37.786447	en	Hi-Top Basketball Shoe Size 42	52	52
2025-05-25 16:20:37.806525	2025-05-25 16:20:37.808578	en	Hi-Top Basketball Shoe Size 44	53	53
2025-05-25 16:20:37.822655	2025-05-25 16:20:37.8247	en	Hi-Top Basketball Shoe Size 46	54	54
2025-05-25 16:20:37.890521	2025-05-25 16:20:37.894568	en	Pureboost Running Shoe Size 40	55	55
2025-05-25 16:20:37.908523	2025-05-25 16:20:37.910602	en	Pureboost Running Shoe Size 42	56	56
2025-05-25 16:20:37.92461	2025-05-25 16:20:37.926612	en	Pureboost Running Shoe Size 44	57	57
2025-05-25 16:20:37.944621	2025-05-25 16:20:37.946592	en	Pureboost Running Shoe Size 46	58	58
2025-05-25 16:20:38.004492	2025-05-25 16:20:38.006495	en	RunX Running Shoe Size 40	59	59
2025-05-25 16:20:38.020673	2025-05-25 16:20:38.022521	en	RunX Running Shoe Size 42	60	60
2025-05-25 16:20:38.034516	2025-05-25 16:20:38.038485	en	RunX Running Shoe Size 44	61	61
2025-05-25 16:20:38.050598	2025-05-25 16:20:38.052601	en	RunX Running Shoe Size 46	62	62
2025-05-25 16:20:38.126642	2025-05-25 16:20:38.128659	en	Allstar Sneakers Size 40	63	63
2025-05-25 16:20:38.146594	2025-05-25 16:20:38.148581	en	Allstar Sneakers Size 42	64	64
2025-05-25 16:20:38.164685	2025-05-25 16:20:38.16672	en	Allstar Sneakers Size 44	65	65
2025-05-25 16:20:38.180553	2025-05-25 16:20:38.18255	en	Allstar Sneakers Size 46	66	66
2025-05-25 16:20:38.247171	2025-05-25 16:20:38.252806	en	Spiky Cactus	67	67
2025-05-25 16:20:38.296563	2025-05-25 16:20:38.298568	en	Tulip Pot	68	68
2025-05-25 16:20:38.338671	2025-05-25 16:20:38.340583	en	Hanging Plant	69	69
2025-05-25 16:20:38.376528	2025-05-25 16:20:38.378769	en	Aloe Vera	70	70
2025-05-25 16:20:38.419022	2025-05-25 16:20:38.420531	en	Fern Blechnum Gibbum	71	71
2025-05-25 16:20:38.456628	2025-05-25 16:20:38.458599	en	Assorted Indoor Succulents	72	72
2025-05-25 16:20:38.492637	2025-05-25 16:20:38.494629	en	Orchid	73	73
2025-05-25 16:20:38.538608	2025-05-25 16:20:38.540544	en	Bonsai Tree	74	74
2025-05-25 16:20:38.592584	2025-05-25 16:20:38.594546	en	Guardian Lion Statue	75	75
2025-05-25 16:20:38.630623	2025-05-25 16:20:38.632601	en	Hand Trowel	76	76
2025-05-25 16:20:38.664652	2025-05-25 16:20:38.666593	en	Balloon Chair	77	77
2025-05-25 16:20:38.700658	2025-05-25 16:20:38.702806	en	Grey Fabric Sofa	78	78
2025-05-25 16:20:38.748631	2025-05-25 16:20:38.75063	en	Leather Sofa	79	79
2025-05-25 16:20:38.784569	2025-05-25 16:20:38.786529	en	Light Shade	80	80
2025-05-25 16:20:38.832635	2025-05-25 16:20:38.834743	en	Wooden Side Desk	81	81
2025-05-25 16:20:38.874572	2025-05-25 16:20:38.87657	en	Comfy Padded Chair	82	82
2025-05-25 16:20:38.916638	2025-05-25 16:20:38.920485	en	Black Eaves Chair	83	83
2025-05-25 16:20:38.958632	2025-05-25 16:20:38.960626	en	Wooden Stool	84	84
2025-05-25 16:20:39.0006	2025-05-25 16:20:39.002652	en	Bedside Table	85	85
2025-05-25 16:20:39.068173	2025-05-25 16:20:39.070604	en	Modern Cafe Chair mustard	86	86
2025-05-25 16:20:39.094141	2025-05-25 16:20:39.096595	en	Modern Cafe Chair mint	87	87
2025-05-25 16:20:39.112711	2025-05-25 16:20:39.114651	en	Modern Cafe Chair pearl	88	88
\.


--
-- Data for Name: promotion; Type: TABLE DATA; Schema: public; Owner: postgres
--

COPY public.promotion ("createdAt", "updatedAt", "deletedAt", "startsAt", "endsAt", "couponCode", "perCustomerUsageLimit", "usageLimit", enabled, conditions, actions, "priorityScore", id) FROM stdin;
\.


--
-- Data for Name: promotion_channels_channel; Type: TABLE DATA; Schema: public; Owner: postgres
--

COPY public.promotion_channels_channel ("promotionId", "channelId") FROM stdin;
\.


--
-- Data for Name: promotion_translation; Type: TABLE DATA; Schema: public; Owner: postgres
--

COPY public.promotion_translation ("createdAt", "updatedAt", "languageCode", name, description, id, "baseId") FROM stdin;
\.


--
-- Data for Name: refund; Type: TABLE DATA; Schema: public; Owner: postgres
--

COPY public.refund ("createdAt", "updatedAt", method, reason, state, "transactionId", metadata, id, "paymentId", items, shipping, adjustment, total) FROM stdin;
\.


--
-- Data for Name: region; Type: TABLE DATA; Schema: public; Owner: postgres
--

COPY public.region ("createdAt", "updatedAt", code, type, enabled, id, "parentId", discriminator) FROM stdin;
2025-05-25 16:20:33.787146	2025-05-25 16:20:33.787146	AF	country	t	1	\N	Country
2025-05-25 16:20:33.806682	2025-05-25 16:20:33.806682	AX	country	t	2	\N	Country
2025-05-25 16:20:33.82075	2025-05-25 16:20:33.82075	AL	country	t	3	\N	Country
2025-05-25 16:20:33.829136	2025-05-25 16:20:33.829136	DZ	country	t	4	\N	Country
2025-05-25 16:20:33.842611	2025-05-25 16:20:33.842611	AS	country	t	5	\N	Country
2025-05-25 16:20:33.852685	2025-05-25 16:20:33.852685	AD	country	t	6	\N	Country
2025-05-25 16:20:33.860617	2025-05-25 16:20:33.860617	AO	country	t	7	\N	Country
2025-05-25 16:20:33.866628	2025-05-25 16:20:33.866628	AI	country	t	8	\N	Country
2025-05-25 16:20:33.878642	2025-05-25 16:20:33.878642	AG	country	t	9	\N	Country
2025-05-25 16:20:33.886575	2025-05-25 16:20:33.886575	AR	country	t	10	\N	Country
2025-05-25 16:20:33.89255	2025-05-25 16:20:33.89255	AM	country	t	11	\N	Country
2025-05-25 16:20:33.898525	2025-05-25 16:20:33.898525	AW	country	t	12	\N	Country
2025-05-25 16:20:33.904583	2025-05-25 16:20:33.904583	AU	country	t	13	\N	Country
2025-05-25 16:20:33.910624	2025-05-25 16:20:33.910624	AT	country	t	14	\N	Country
2025-05-25 16:20:33.916606	2025-05-25 16:20:33.916606	AZ	country	t	15	\N	Country
2025-05-25 16:20:33.922519	2025-05-25 16:20:33.922519	BS	country	t	16	\N	Country
2025-05-25 16:20:33.928495	2025-05-25 16:20:33.928495	BH	country	t	17	\N	Country
2025-05-25 16:20:33.934443	2025-05-25 16:20:33.934443	BD	country	t	18	\N	Country
2025-05-25 16:20:33.940463	2025-05-25 16:20:33.940463	BB	country	t	19	\N	Country
2025-05-25 16:20:33.946595	2025-05-25 16:20:33.946595	BY	country	t	20	\N	Country
2025-05-25 16:20:33.952545	2025-05-25 16:20:33.952545	BE	country	t	21	\N	Country
2025-05-25 16:20:33.958503	2025-05-25 16:20:33.958503	BZ	country	t	22	\N	Country
2025-05-25 16:20:33.964569	2025-05-25 16:20:33.964569	BJ	country	t	23	\N	Country
2025-05-25 16:20:33.9704	2025-05-25 16:20:33.9704	BM	country	t	24	\N	Country
2025-05-25 16:20:33.976525	2025-05-25 16:20:33.976525	BT	country	t	25	\N	Country
2025-05-25 16:20:33.984623	2025-05-25 16:20:33.984623	BO	country	t	26	\N	Country
2025-05-25 16:20:33.99065	2025-05-25 16:20:33.99065	BQ	country	t	27	\N	Country
2025-05-25 16:20:33.996604	2025-05-25 16:20:33.996604	BA	country	t	28	\N	Country
2025-05-25 16:20:34.002643	2025-05-25 16:20:34.002643	BW	country	t	29	\N	Country
2025-05-25 16:20:34.00859	2025-05-25 16:20:34.00859	BV	country	t	30	\N	Country
2025-05-25 16:20:34.014616	2025-05-25 16:20:34.014616	BR	country	t	31	\N	Country
2025-05-25 16:20:34.020497	2025-05-25 16:20:34.020497	IO	country	t	32	\N	Country
2025-05-25 16:20:34.026634	2025-05-25 16:20:34.026634	BN	country	t	33	\N	Country
2025-05-25 16:20:34.034539	2025-05-25 16:20:34.034539	BG	country	t	34	\N	Country
2025-05-25 16:20:34.04055	2025-05-25 16:20:34.04055	BF	country	t	35	\N	Country
2025-05-25 16:20:34.04649	2025-05-25 16:20:34.04649	BI	country	t	36	\N	Country
2025-05-25 16:20:34.052581	2025-05-25 16:20:34.052581	CV	country	t	37	\N	Country
2025-05-25 16:20:34.05859	2025-05-25 16:20:34.05859	KH	country	t	38	\N	Country
2025-05-25 16:20:34.064567	2025-05-25 16:20:34.064567	CM	country	t	39	\N	Country
2025-05-25 16:20:34.070524	2025-05-25 16:20:34.070524	CA	country	t	40	\N	Country
2025-05-25 16:20:34.076808	2025-05-25 16:20:34.076808	KY	country	t	41	\N	Country
2025-05-25 16:20:34.084532	2025-05-25 16:20:34.084532	CF	country	t	42	\N	Country
2025-05-25 16:20:34.090548	2025-05-25 16:20:34.090548	TD	country	t	43	\N	Country
2025-05-25 16:20:34.096603	2025-05-25 16:20:34.096603	CL	country	t	44	\N	Country
2025-05-25 16:20:34.102549	2025-05-25 16:20:34.102549	CN	country	t	45	\N	Country
2025-05-25 16:20:34.108579	2025-05-25 16:20:34.108579	CX	country	t	46	\N	Country
2025-05-25 16:20:34.11459	2025-05-25 16:20:34.11459	CC	country	t	47	\N	Country
2025-05-25 16:20:34.120552	2025-05-25 16:20:34.120552	CO	country	t	48	\N	Country
2025-05-25 16:20:34.126562	2025-05-25 16:20:34.126562	KM	country	t	49	\N	Country
2025-05-25 16:20:34.132541	2025-05-25 16:20:34.132541	CG	country	t	50	\N	Country
2025-05-25 16:20:34.138923	2025-05-25 16:20:34.138923	CD	country	t	51	\N	Country
2025-05-25 16:20:34.146512	2025-05-25 16:20:34.146512	CK	country	t	52	\N	Country
2025-05-25 16:20:34.152507	2025-05-25 16:20:34.152507	CR	country	t	53	\N	Country
2025-05-25 16:20:34.160535	2025-05-25 16:20:34.160535	CI	country	t	54	\N	Country
2025-05-25 16:20:34.166593	2025-05-25 16:20:34.166593	HR	country	t	55	\N	Country
2025-05-25 16:20:34.172563	2025-05-25 16:20:34.172563	CU	country	t	56	\N	Country
2025-05-25 16:20:34.178468	2025-05-25 16:20:34.178468	CW	country	t	57	\N	Country
2025-05-25 16:20:34.1846	2025-05-25 16:20:34.1846	CY	country	t	58	\N	Country
2025-05-25 16:20:34.19056	2025-05-25 16:20:34.19056	CZ	country	t	59	\N	Country
2025-05-25 16:20:34.196537	2025-05-25 16:20:34.196537	DK	country	t	60	\N	Country
2025-05-25 16:20:34.202523	2025-05-25 16:20:34.202523	DJ	country	t	61	\N	Country
2025-05-25 16:20:34.208529	2025-05-25 16:20:34.208529	DM	country	t	62	\N	Country
2025-05-25 16:20:34.214532	2025-05-25 16:20:34.214532	DO	country	t	63	\N	Country
2025-05-25 16:20:34.22049	2025-05-25 16:20:34.22049	EC	country	t	64	\N	Country
2025-05-25 16:20:34.226675	2025-05-25 16:20:34.226675	EG	country	t	65	\N	Country
2025-05-25 16:20:34.232515	2025-05-25 16:20:34.232515	SV	country	t	66	\N	Country
2025-05-25 16:20:34.238507	2025-05-25 16:20:34.238507	GQ	country	t	67	\N	Country
2025-05-25 16:20:34.24461	2025-05-25 16:20:34.24461	ER	country	t	68	\N	Country
2025-05-25 16:20:34.250559	2025-05-25 16:20:34.250559	EE	country	t	69	\N	Country
2025-05-25 16:20:34.256548	2025-05-25 16:20:34.256548	SZ	country	t	70	\N	Country
2025-05-25 16:20:34.262494	2025-05-25 16:20:34.262494	ET	country	t	71	\N	Country
2025-05-25 16:20:34.270595	2025-05-25 16:20:34.270595	FK	country	t	72	\N	Country
2025-05-25 16:20:34.278728	2025-05-25 16:20:34.278728	FO	country	t	73	\N	Country
2025-05-25 16:20:34.284826	2025-05-25 16:20:34.284826	FJ	country	t	74	\N	Country
2025-05-25 16:20:34.292625	2025-05-25 16:20:34.292625	FI	country	t	75	\N	Country
2025-05-25 16:20:34.298616	2025-05-25 16:20:34.298616	FR	country	t	76	\N	Country
2025-05-25 16:20:34.304725	2025-05-25 16:20:34.304725	GF	country	t	77	\N	Country
2025-05-25 16:20:34.312629	2025-05-25 16:20:34.312629	PF	country	t	78	\N	Country
2025-05-25 16:20:34.318486	2025-05-25 16:20:34.318486	TF	country	t	79	\N	Country
2025-05-25 16:20:34.326638	2025-05-25 16:20:34.326638	GA	country	t	80	\N	Country
2025-05-25 16:20:34.334564	2025-05-25 16:20:34.334564	GM	country	t	81	\N	Country
2025-05-25 16:20:34.34066	2025-05-25 16:20:34.34066	GE	country	t	82	\N	Country
2025-05-25 16:20:34.348631	2025-05-25 16:20:34.348631	DE	country	t	83	\N	Country
2025-05-25 16:20:34.358903	2025-05-25 16:20:34.358903	GH	country	t	84	\N	Country
2025-05-25 16:20:34.366673	2025-05-25 16:20:34.366673	GI	country	t	85	\N	Country
2025-05-25 16:20:34.374772	2025-05-25 16:20:34.374772	GR	country	t	86	\N	Country
2025-05-25 16:20:34.380477	2025-05-25 16:20:34.380477	GL	country	t	87	\N	Country
2025-05-25 16:20:34.386494	2025-05-25 16:20:34.386494	GD	country	t	88	\N	Country
2025-05-25 16:20:34.392627	2025-05-25 16:20:34.392627	GP	country	t	89	\N	Country
2025-05-25 16:20:34.398562	2025-05-25 16:20:34.398562	GU	country	t	90	\N	Country
2025-05-25 16:20:34.404531	2025-05-25 16:20:34.404531	GT	country	t	91	\N	Country
2025-05-25 16:20:34.4105	2025-05-25 16:20:34.4105	GG	country	t	92	\N	Country
2025-05-25 16:20:34.416512	2025-05-25 16:20:34.416512	GN	country	t	93	\N	Country
2025-05-25 16:20:34.422538	2025-05-25 16:20:34.422538	GW	country	t	94	\N	Country
2025-05-25 16:20:34.428537	2025-05-25 16:20:34.428537	GY	country	t	95	\N	Country
2025-05-25 16:20:34.434552	2025-05-25 16:20:34.434552	HT	country	t	96	\N	Country
2025-05-25 16:20:34.440628	2025-05-25 16:20:34.440628	HM	country	t	97	\N	Country
2025-05-25 16:20:34.446571	2025-05-25 16:20:34.446571	VA	country	t	98	\N	Country
2025-05-25 16:20:34.452543	2025-05-25 16:20:34.452543	HN	country	t	99	\N	Country
2025-05-25 16:20:34.45852	2025-05-25 16:20:34.45852	HK	country	t	100	\N	Country
2025-05-25 16:20:34.464575	2025-05-25 16:20:34.464575	HU	country	t	101	\N	Country
2025-05-25 16:20:34.470642	2025-05-25 16:20:34.470642	IS	country	t	102	\N	Country
2025-05-25 16:20:34.476618	2025-05-25 16:20:34.476618	IN	country	t	103	\N	Country
2025-05-25 16:20:34.4826	2025-05-25 16:20:34.4826	ID	country	t	104	\N	Country
2025-05-25 16:20:34.488665	2025-05-25 16:20:34.488665	IR	country	t	105	\N	Country
2025-05-25 16:20:34.494507	2025-05-25 16:20:34.494507	IQ	country	t	106	\N	Country
2025-05-25 16:20:34.500517	2025-05-25 16:20:34.500517	IE	country	t	107	\N	Country
2025-05-25 16:20:34.50651	2025-05-25 16:20:34.50651	IM	country	t	108	\N	Country
2025-05-25 16:20:34.512625	2025-05-25 16:20:34.512625	IL	country	t	109	\N	Country
2025-05-25 16:20:34.518514	2025-05-25 16:20:34.518514	IT	country	t	110	\N	Country
2025-05-25 16:20:34.524551	2025-05-25 16:20:34.524551	JM	country	t	111	\N	Country
2025-05-25 16:20:34.53053	2025-05-25 16:20:34.53053	JP	country	t	112	\N	Country
2025-05-25 16:20:34.536535	2025-05-25 16:20:34.536535	JE	country	t	113	\N	Country
2025-05-25 16:20:34.542521	2025-05-25 16:20:34.542521	JO	country	t	114	\N	Country
2025-05-25 16:20:34.548558	2025-05-25 16:20:34.548558	KZ	country	t	115	\N	Country
2025-05-25 16:20:34.554673	2025-05-25 16:20:34.554673	KE	country	t	116	\N	Country
2025-05-25 16:20:34.560506	2025-05-25 16:20:34.560506	KI	country	t	117	\N	Country
2025-05-25 16:20:34.566496	2025-05-25 16:20:34.566496	KP	country	t	118	\N	Country
2025-05-25 16:20:34.572572	2025-05-25 16:20:34.572572	KR	country	t	119	\N	Country
2025-05-25 16:20:34.578481	2025-05-25 16:20:34.578481	KW	country	t	120	\N	Country
2025-05-25 16:20:34.584696	2025-05-25 16:20:34.584696	KG	country	t	121	\N	Country
2025-05-25 16:20:34.59254	2025-05-25 16:20:34.59254	LA	country	t	122	\N	Country
2025-05-25 16:20:34.598506	2025-05-25 16:20:34.598506	LV	country	t	123	\N	Country
2025-05-25 16:20:34.604551	2025-05-25 16:20:34.604551	LB	country	t	124	\N	Country
2025-05-25 16:20:34.610531	2025-05-25 16:20:34.610531	LS	country	t	125	\N	Country
2025-05-25 16:20:34.616515	2025-05-25 16:20:34.616515	LR	country	t	126	\N	Country
2025-05-25 16:20:34.62257	2025-05-25 16:20:34.62257	LY	country	t	127	\N	Country
2025-05-25 16:20:34.628529	2025-05-25 16:20:34.628529	LI	country	t	128	\N	Country
2025-05-25 16:20:34.634605	2025-05-25 16:20:34.634605	LT	country	t	129	\N	Country
2025-05-25 16:20:34.640509	2025-05-25 16:20:34.640509	LU	country	t	130	\N	Country
2025-05-25 16:20:34.646595	2025-05-25 16:20:34.646595	MO	country	t	131	\N	Country
2025-05-25 16:20:34.652575	2025-05-25 16:20:34.652575	MK	country	t	132	\N	Country
2025-05-25 16:20:34.658522	2025-05-25 16:20:34.658522	MG	country	t	133	\N	Country
2025-05-25 16:20:34.664491	2025-05-25 16:20:34.664491	MW	country	t	134	\N	Country
2025-05-25 16:20:34.670556	2025-05-25 16:20:34.670556	MY	country	t	135	\N	Country
2025-05-25 16:20:34.676563	2025-05-25 16:20:34.676563	MV	country	t	136	\N	Country
2025-05-25 16:20:34.682512	2025-05-25 16:20:34.682512	ML	country	t	137	\N	Country
2025-05-25 16:20:34.688522	2025-05-25 16:20:34.688522	MT	country	t	138	\N	Country
2025-05-25 16:20:34.694515	2025-05-25 16:20:34.694515	MH	country	t	139	\N	Country
2025-05-25 16:20:34.700734	2025-05-25 16:20:34.700734	MQ	country	t	140	\N	Country
2025-05-25 16:20:34.708544	2025-05-25 16:20:34.708544	MR	country	t	141	\N	Country
2025-05-25 16:20:34.714543	2025-05-25 16:20:34.714543	MU	country	t	142	\N	Country
2025-05-25 16:20:34.72049	2025-05-25 16:20:34.72049	YT	country	t	143	\N	Country
2025-05-25 16:20:34.726564	2025-05-25 16:20:34.726564	MX	country	t	144	\N	Country
2025-05-25 16:20:34.732565	2025-05-25 16:20:34.732565	FM	country	t	145	\N	Country
2025-05-25 16:20:34.738664	2025-05-25 16:20:34.738664	MD	country	t	146	\N	Country
2025-05-25 16:20:34.74453	2025-05-25 16:20:34.74453	MC	country	t	147	\N	Country
2025-05-25 16:20:34.750541	2025-05-25 16:20:34.750541	MN	country	t	148	\N	Country
2025-05-25 16:20:34.756611	2025-05-25 16:20:34.756611	ME	country	t	149	\N	Country
2025-05-25 16:20:34.762547	2025-05-25 16:20:34.762547	MS	country	t	150	\N	Country
2025-05-25 16:20:34.768542	2025-05-25 16:20:34.768542	MA	country	t	151	\N	Country
2025-05-25 16:20:34.774483	2025-05-25 16:20:34.774483	MZ	country	t	152	\N	Country
2025-05-25 16:20:34.780515	2025-05-25 16:20:34.780515	MM	country	t	153	\N	Country
2025-05-25 16:20:34.786636	2025-05-25 16:20:34.786636	NA	country	t	154	\N	Country
2025-05-25 16:20:34.792627	2025-05-25 16:20:34.792627	NR	country	t	155	\N	Country
2025-05-25 16:20:34.798569	2025-05-25 16:20:34.798569	NP	country	t	156	\N	Country
2025-05-25 16:20:34.804475	2025-05-25 16:20:34.804475	NL	country	t	157	\N	Country
2025-05-25 16:20:34.810512	2025-05-25 16:20:34.810512	NC	country	t	158	\N	Country
2025-05-25 16:20:34.816589	2025-05-25 16:20:34.816589	NZ	country	t	159	\N	Country
2025-05-25 16:20:34.822682	2025-05-25 16:20:34.822682	NI	country	t	160	\N	Country
2025-05-25 16:20:34.830492	2025-05-25 16:20:34.830492	NE	country	t	161	\N	Country
2025-05-25 16:20:34.836606	2025-05-25 16:20:34.836606	NG	country	t	162	\N	Country
2025-05-25 16:20:34.84254	2025-05-25 16:20:34.84254	NU	country	t	163	\N	Country
2025-05-25 16:20:34.848513	2025-05-25 16:20:34.848513	NF	country	t	164	\N	Country
2025-05-25 16:20:34.854589	2025-05-25 16:20:34.854589	MP	country	t	165	\N	Country
2025-05-25 16:20:34.860574	2025-05-25 16:20:34.860574	NO	country	t	166	\N	Country
2025-05-25 16:20:34.866732	2025-05-25 16:20:34.866732	OM	country	t	167	\N	Country
2025-05-25 16:20:34.874723	2025-05-25 16:20:34.874723	PK	country	t	168	\N	Country
2025-05-25 16:20:34.880709	2025-05-25 16:20:34.880709	PW	country	t	169	\N	Country
2025-05-25 16:20:34.886519	2025-05-25 16:20:34.886519	PS	country	t	170	\N	Country
2025-05-25 16:20:34.892569	2025-05-25 16:20:34.892569	PA	country	t	171	\N	Country
2025-05-25 16:20:34.900462	2025-05-25 16:20:34.900462	PG	country	t	172	\N	Country
2025-05-25 16:20:34.90653	2025-05-25 16:20:34.90653	PY	country	t	173	\N	Country
2025-05-25 16:20:34.912508	2025-05-25 16:20:34.912508	PE	country	t	174	\N	Country
2025-05-25 16:20:34.918474	2025-05-25 16:20:34.918474	PH	country	t	175	\N	Country
2025-05-25 16:20:34.924734	2025-05-25 16:20:34.924734	PN	country	t	176	\N	Country
2025-05-25 16:20:34.930512	2025-05-25 16:20:34.930512	PL	country	t	177	\N	Country
2025-05-25 16:20:34.936595	2025-05-25 16:20:34.936595	PT	country	t	178	\N	Country
2025-05-25 16:20:34.944656	2025-05-25 16:20:34.944656	PR	country	t	179	\N	Country
2025-05-25 16:20:34.95254	2025-05-25 16:20:34.95254	QA	country	t	180	\N	Country
2025-05-25 16:20:34.958698	2025-05-25 16:20:34.958698	RE	country	t	181	\N	Country
2025-05-25 16:20:34.964612	2025-05-25 16:20:34.964612	RO	country	t	182	\N	Country
2025-05-25 16:20:34.970655	2025-05-25 16:20:34.970655	RU	country	t	183	\N	Country
2025-05-25 16:20:34.976654	2025-05-25 16:20:34.976654	RW	country	t	184	\N	Country
2025-05-25 16:20:34.982577	2025-05-25 16:20:34.982577	BL	country	t	185	\N	Country
2025-05-25 16:20:34.988525	2025-05-25 16:20:34.988525	SH	country	t	186	\N	Country
2025-05-25 16:20:34.994579	2025-05-25 16:20:34.994579	KN	country	t	187	\N	Country
2025-05-25 16:20:35.000546	2025-05-25 16:20:35.000546	LC	country	t	188	\N	Country
2025-05-25 16:20:35.006503	2025-05-25 16:20:35.006503	MF	country	t	189	\N	Country
2025-05-25 16:20:35.012476	2025-05-25 16:20:35.012476	PM	country	t	190	\N	Country
2025-05-25 16:20:35.016585	2025-05-25 16:20:35.016585	VC	country	t	191	\N	Country
2025-05-25 16:20:35.022612	2025-05-25 16:20:35.022612	WS	country	t	192	\N	Country
2025-05-25 16:20:35.028521	2025-05-25 16:20:35.028521	SM	country	t	193	\N	Country
2025-05-25 16:20:35.034621	2025-05-25 16:20:35.034621	ST	country	t	194	\N	Country
2025-05-25 16:20:35.040517	2025-05-25 16:20:35.040517	SA	country	t	195	\N	Country
2025-05-25 16:20:35.046522	2025-05-25 16:20:35.046522	SN	country	t	196	\N	Country
2025-05-25 16:20:35.052557	2025-05-25 16:20:35.052557	RS	country	t	197	\N	Country
2025-05-25 16:20:35.058604	2025-05-25 16:20:35.058604	SC	country	t	198	\N	Country
2025-05-25 16:20:35.062654	2025-05-25 16:20:35.062654	SL	country	t	199	\N	Country
2025-05-25 16:20:35.068492	2025-05-25 16:20:35.068492	SG	country	t	200	\N	Country
2025-05-25 16:20:35.074614	2025-05-25 16:20:35.074614	SX	country	t	201	\N	Country
2025-05-25 16:20:35.078566	2025-05-25 16:20:35.078566	SK	country	t	202	\N	Country
2025-05-25 16:20:35.084601	2025-05-25 16:20:35.084601	SI	country	t	203	\N	Country
2025-05-25 16:20:35.088635	2025-05-25 16:20:35.088635	SB	country	t	204	\N	Country
2025-05-25 16:20:35.092632	2025-05-25 16:20:35.092632	SO	country	t	205	\N	Country
2025-05-25 16:20:35.09661	2025-05-25 16:20:35.09661	ZA	country	t	206	\N	Country
2025-05-25 16:20:35.102483	2025-05-25 16:20:35.102483	GS	country	t	207	\N	Country
2025-05-25 16:20:35.108581	2025-05-25 16:20:35.108581	SS	country	t	208	\N	Country
2025-05-25 16:20:35.114577	2025-05-25 16:20:35.114577	ES	country	t	209	\N	Country
2025-05-25 16:20:35.120535	2025-05-25 16:20:35.120535	LK	country	t	210	\N	Country
2025-05-25 16:20:35.126546	2025-05-25 16:20:35.126546	SD	country	t	211	\N	Country
2025-05-25 16:20:35.13249	2025-05-25 16:20:35.13249	SR	country	t	212	\N	Country
2025-05-25 16:20:35.140529	2025-05-25 16:20:35.140529	SJ	country	t	213	\N	Country
2025-05-25 16:20:35.146539	2025-05-25 16:20:35.146539	SE	country	t	214	\N	Country
2025-05-25 16:20:35.152505	2025-05-25 16:20:35.152505	CH	country	t	215	\N	Country
2025-05-25 16:20:35.156576	2025-05-25 16:20:35.156576	SY	country	t	216	\N	Country
2025-05-25 16:20:35.162462	2025-05-25 16:20:35.162462	TW	country	t	217	\N	Country
2025-05-25 16:20:35.168519	2025-05-25 16:20:35.168519	TJ	country	t	218	\N	Country
2025-05-25 16:20:35.174485	2025-05-25 16:20:35.174485	TZ	country	t	219	\N	Country
2025-05-25 16:20:35.180505	2025-05-25 16:20:35.180505	TH	country	t	220	\N	Country
2025-05-25 16:20:35.186547	2025-05-25 16:20:35.186547	TL	country	t	221	\N	Country
2025-05-25 16:20:35.192558	2025-05-25 16:20:35.192558	TG	country	t	222	\N	Country
2025-05-25 16:20:35.19857	2025-05-25 16:20:35.19857	TK	country	t	223	\N	Country
2025-05-25 16:20:35.204623	2025-05-25 16:20:35.204623	TO	country	t	224	\N	Country
2025-05-25 16:20:35.210542	2025-05-25 16:20:35.210542	TT	country	t	225	\N	Country
2025-05-25 16:20:35.216528	2025-05-25 16:20:35.216528	TN	country	t	226	\N	Country
2025-05-25 16:20:35.222733	2025-05-25 16:20:35.222733	TR	country	t	227	\N	Country
2025-05-25 16:20:35.228531	2025-05-25 16:20:35.228531	TM	country	t	228	\N	Country
2025-05-25 16:20:35.234714	2025-05-25 16:20:35.234714	TC	country	t	229	\N	Country
2025-05-25 16:20:35.242655	2025-05-25 16:20:35.242655	TV	country	t	230	\N	Country
2025-05-25 16:20:35.248533	2025-05-25 16:20:35.248533	UG	country	t	231	\N	Country
2025-05-25 16:20:35.254587	2025-05-25 16:20:35.254587	UA	country	t	232	\N	Country
2025-05-25 16:20:35.260568	2025-05-25 16:20:35.260568	AE	country	t	233	\N	Country
2025-05-25 16:20:35.266547	2025-05-25 16:20:35.266547	GB	country	t	234	\N	Country
2025-05-25 16:20:35.272553	2025-05-25 16:20:35.272553	US	country	t	235	\N	Country
2025-05-25 16:20:35.278715	2025-05-25 16:20:35.278715	UM	country	t	236	\N	Country
2025-05-25 16:20:35.284544	2025-05-25 16:20:35.284544	UY	country	t	237	\N	Country
2025-05-25 16:20:35.290749	2025-05-25 16:20:35.290749	UZ	country	t	238	\N	Country
2025-05-25 16:20:35.298541	2025-05-25 16:20:35.298541	VU	country	t	239	\N	Country
2025-05-25 16:20:35.304686	2025-05-25 16:20:35.304686	VE	country	t	240	\N	Country
2025-05-25 16:20:35.310579	2025-05-25 16:20:35.310579	VN	country	t	241	\N	Country
2025-05-25 16:20:35.316513	2025-05-25 16:20:35.316513	VG	country	t	242	\N	Country
2025-05-25 16:20:35.322539	2025-05-25 16:20:35.322539	VI	country	t	243	\N	Country
2025-05-25 16:20:35.328547	2025-05-25 16:20:35.328547	WF	country	t	244	\N	Country
2025-05-25 16:20:35.336533	2025-05-25 16:20:35.336533	EH	country	t	245	\N	Country
2025-05-25 16:20:35.344534	2025-05-25 16:20:35.344534	YE	country	t	246	\N	Country
2025-05-25 16:20:35.350566	2025-05-25 16:20:35.350566	ZM	country	t	247	\N	Country
2025-05-25 16:20:35.356756	2025-05-25 16:20:35.356756	ZW	country	t	248	\N	Country
\.


--
-- Data for Name: region_translation; Type: TABLE DATA; Schema: public; Owner: postgres
--

COPY public.region_translation ("createdAt", "updatedAt", "languageCode", name, id, "baseId") FROM stdin;
2025-05-25 16:20:33.776197	2025-05-25 16:20:33.787146	en	Afghanistan	1	1
2025-05-25 16:20:33.8033	2025-05-25 16:20:33.806682	en	Åland Islands	2	2
2025-05-25 16:20:33.817117	2025-05-25 16:20:33.82075	en	Albania	3	3
2025-05-25 16:20:33.825964	2025-05-25 16:20:33.829136	en	Algeria	4	4
2025-05-25 16:20:33.839488	2025-05-25 16:20:33.842611	en	American Samoa	5	5
2025-05-25 16:20:33.850858	2025-05-25 16:20:33.852685	en	Andorra	6	6
2025-05-25 16:20:33.857628	2025-05-25 16:20:33.860617	en	Angola	7	7
2025-05-25 16:20:33.863776	2025-05-25 16:20:33.866628	en	Anguilla	8	8
2025-05-25 16:20:33.877088	2025-05-25 16:20:33.878642	en	Antigua and Barbuda	9	9
2025-05-25 16:20:33.88379	2025-05-25 16:20:33.886575	en	Argentina	10	10
2025-05-25 16:20:33.88962	2025-05-25 16:20:33.89255	en	Armenia	11	11
2025-05-25 16:20:33.89551	2025-05-25 16:20:33.898525	en	Aruba	12	12
2025-05-25 16:20:33.901548	2025-05-25 16:20:33.904583	en	Australia	13	13
2025-05-25 16:20:33.907442	2025-05-25 16:20:33.910624	en	Austria	14	14
2025-05-25 16:20:33.913742	2025-05-25 16:20:33.916606	en	Azerbaijan	15	15
2025-05-25 16:20:33.919612	2025-05-25 16:20:33.922519	en	Bahamas	16	16
2025-05-25 16:20:33.925764	2025-05-25 16:20:33.928495	en	Bahrain	17	17
2025-05-25 16:20:33.931507	2025-05-25 16:20:33.934443	en	Bangladesh	18	18
2025-05-25 16:20:33.937442	2025-05-25 16:20:33.940463	en	Barbados	19	19
2025-05-25 16:20:33.943335	2025-05-25 16:20:33.946595	en	Belarus	20	20
2025-05-25 16:20:33.949638	2025-05-25 16:20:33.952545	en	Belgium	21	21
2025-05-25 16:20:33.955408	2025-05-25 16:20:33.958503	en	Belize	22	22
2025-05-25 16:20:33.962955	2025-05-25 16:20:33.964569	en	Benin	23	23
2025-05-25 16:20:33.967401	2025-05-25 16:20:33.9704	en	Bermuda	24	24
2025-05-25 16:20:33.973633	2025-05-25 16:20:33.976525	en	Bhutan	25	25
2025-05-25 16:20:33.981953	2025-05-25 16:20:33.984623	en	Bolivia (Plurinational State of)	26	26
2025-05-25 16:20:33.987551	2025-05-25 16:20:33.99065	en	Bonaire, Sint Eustatius and Saba	27	27
2025-05-25 16:20:33.993502	2025-05-25 16:20:33.996604	en	Bosnia and Herzegovina	28	28
2025-05-25 16:20:33.999352	2025-05-25 16:20:34.002643	en	Botswana	29	29
2025-05-25 16:20:34.00572	2025-05-25 16:20:34.00859	en	Bouvet Island	30	30
2025-05-25 16:20:34.011747	2025-05-25 16:20:34.014616	en	Brazil	31	31
2025-05-25 16:20:34.017763	2025-05-25 16:20:34.020497	en	British Indian Ocean Territory	32	32
2025-05-25 16:20:34.023639	2025-05-25 16:20:34.026634	en	Brunei Darussalam	33	33
2025-05-25 16:20:34.031783	2025-05-25 16:20:34.034539	en	Bulgaria	34	34
2025-05-25 16:20:34.037984	2025-05-25 16:20:34.04055	en	Burkina Faso	35	35
2025-05-25 16:20:34.043619	2025-05-25 16:20:34.04649	en	Burundi	36	36
2025-05-25 16:20:34.049614	2025-05-25 16:20:34.052581	en	Cabo Verde	37	37
2025-05-25 16:20:34.055278	2025-05-25 16:20:34.05859	en	Cambodia	38	38
2025-05-25 16:20:34.06142	2025-05-25 16:20:34.064567	en	Cameroon	39	39
2025-05-25 16:20:34.067507	2025-05-25 16:20:34.070524	en	Canada	40	40
2025-05-25 16:20:34.073495	2025-05-25 16:20:34.076808	en	Cayman Islands	41	41
2025-05-25 16:20:34.081735	2025-05-25 16:20:34.084532	en	Central African Republic	42	42
2025-05-25 16:20:34.087686	2025-05-25 16:20:34.090548	en	Chad	43	43
2025-05-25 16:20:34.093454	2025-05-25 16:20:34.096603	en	Chile	44	44
2025-05-25 16:20:34.099484	2025-05-25 16:20:34.102549	en	China	45	45
2025-05-25 16:20:34.105505	2025-05-25 16:20:34.108579	en	Christmas Island	46	46
2025-05-25 16:20:34.111429	2025-05-25 16:20:34.11459	en	Cocos (Keeling) Islands	47	47
2025-05-25 16:20:34.117375	2025-05-25 16:20:34.120552	en	Colombia	48	48
2025-05-25 16:20:34.123609	2025-05-25 16:20:34.126562	en	Comoros	49	49
2025-05-25 16:20:34.129332	2025-05-25 16:20:34.132541	en	Congo	50	50
2025-05-25 16:20:34.135295	2025-05-25 16:20:34.138923	en	Congo (Democratic Republic of the)	51	51
2025-05-25 16:20:34.143651	2025-05-25 16:20:34.146512	en	Cook Islands	52	52
2025-05-25 16:20:34.14932	2025-05-25 16:20:34.152507	en	Costa Rica	53	53
2025-05-25 16:20:34.157387	2025-05-25 16:20:34.160535	en	Côte d'Ivoire	54	54
2025-05-25 16:20:34.163473	2025-05-25 16:20:34.166593	en	Croatia	55	55
2025-05-25 16:20:34.169301	2025-05-25 16:20:34.172563	en	Cuba	56	56
2025-05-25 16:20:34.175381	2025-05-25 16:20:34.178468	en	Curaçao	57	57
2025-05-25 16:20:34.181417	2025-05-25 16:20:34.1846	en	Cyprus	58	58
2025-05-25 16:20:34.187391	2025-05-25 16:20:34.19056	en	Czechia	59	59
2025-05-25 16:20:34.19339	2025-05-25 16:20:34.196537	en	Denmark	60	60
2025-05-25 16:20:34.199408	2025-05-25 16:20:34.202523	en	Djibouti	61	61
2025-05-25 16:20:34.205376	2025-05-25 16:20:34.208529	en	Dominica	62	62
2025-05-25 16:20:34.211332	2025-05-25 16:20:34.214532	en	Dominican Republic	63	63
2025-05-25 16:20:34.217452	2025-05-25 16:20:34.22049	en	Ecuador	64	64
2025-05-25 16:20:34.223414	2025-05-25 16:20:34.226675	en	Egypt	65	65
2025-05-25 16:20:34.229601	2025-05-25 16:20:34.232515	en	El Salvador	66	66
2025-05-25 16:20:34.235637	2025-05-25 16:20:34.238507	en	Equatorial Guinea	67	67
2025-05-25 16:20:34.241577	2025-05-25 16:20:34.24461	en	Eritrea	68	68
2025-05-25 16:20:34.247413	2025-05-25 16:20:34.250559	en	Estonia	69	69
2025-05-25 16:20:34.254004	2025-05-25 16:20:34.256548	en	Eswatini	70	70
2025-05-25 16:20:34.259465	2025-05-25 16:20:34.262494	en	Ethiopia	71	71
2025-05-25 16:20:34.26839	2025-05-25 16:20:34.270595	en	Falkland Islands (Malvinas)	72	72
2025-05-25 16:20:34.275727	2025-05-25 16:20:34.278728	en	Faroe Islands	73	73
2025-05-25 16:20:34.281618	2025-05-25 16:20:34.284826	en	Fiji	74	74
2025-05-25 16:20:34.289857	2025-05-25 16:20:34.292625	en	Finland	75	75
2025-05-25 16:20:34.295885	2025-05-25 16:20:34.298616	en	France	76	76
2025-05-25 16:20:34.302076	2025-05-25 16:20:34.304725	en	French Guiana	77	77
2025-05-25 16:20:34.309433	2025-05-25 16:20:34.312629	en	French Polynesia	78	78
2025-05-25 16:20:34.315343	2025-05-25 16:20:34.318486	en	French Southern Territories	79	79
2025-05-25 16:20:34.324104	2025-05-25 16:20:34.326638	en	Gabon	80	80
2025-05-25 16:20:34.331965	2025-05-25 16:20:34.334564	en	Gambia	81	81
2025-05-25 16:20:34.337911	2025-05-25 16:20:34.34066	en	Georgia	82	82
2025-05-25 16:20:34.345988	2025-05-25 16:20:34.348631	en	Germany	83	83
2025-05-25 16:20:34.353964	2025-05-25 16:20:34.358903	en	Ghana	84	84
2025-05-25 16:20:34.364188	2025-05-25 16:20:34.366673	en	Gibraltar	85	85
2025-05-25 16:20:34.371815	2025-05-25 16:20:34.374772	en	Greece	86	86
2025-05-25 16:20:34.377731	2025-05-25 16:20:34.380477	en	Greenland	87	87
2025-05-25 16:20:34.383442	2025-05-25 16:20:34.386494	en	Grenada	88	88
2025-05-25 16:20:34.389651	2025-05-25 16:20:34.392627	en	Guadeloupe	89	89
2025-05-25 16:20:34.395365	2025-05-25 16:20:34.398562	en	Guam	90	90
2025-05-25 16:20:34.401465	2025-05-25 16:20:34.404531	en	Guatemala	91	91
2025-05-25 16:20:34.407362	2025-05-25 16:20:34.4105	en	Guernsey	92	92
2025-05-25 16:20:34.413389	2025-05-25 16:20:34.416512	en	Guinea	93	93
2025-05-25 16:20:34.4194	2025-05-25 16:20:34.422538	en	Guinea-Bissau	94	94
2025-05-25 16:20:34.42548	2025-05-25 16:20:34.428537	en	Guyana	95	95
2025-05-25 16:20:34.431403	2025-05-25 16:20:34.434552	en	Haiti	96	96
2025-05-25 16:20:34.43749	2025-05-25 16:20:34.440628	en	Heard Island and McDonald Islands	97	97
2025-05-25 16:20:34.443281	2025-05-25 16:20:34.446571	en	Holy See	98	98
2025-05-25 16:20:34.449248	2025-05-25 16:20:34.452543	en	Honduras	99	99
2025-05-25 16:20:34.455339	2025-05-25 16:20:34.45852	en	Hong Kong	100	100
2025-05-25 16:20:34.462094	2025-05-25 16:20:34.464575	en	Hungary	101	101
2025-05-25 16:20:34.467824	2025-05-25 16:20:34.470642	en	Iceland	102	102
2025-05-25 16:20:34.47337	2025-05-25 16:20:34.476618	en	India	103	103
2025-05-25 16:20:34.479364	2025-05-25 16:20:34.4826	en	Indonesia	104	104
2025-05-25 16:20:34.485378	2025-05-25 16:20:34.488665	en	Iran (Islamic Republic of)	105	105
2025-05-25 16:20:34.491501	2025-05-25 16:20:34.494507	en	Iraq	106	106
2025-05-25 16:20:34.497441	2025-05-25 16:20:34.500517	en	Ireland	107	107
2025-05-25 16:20:34.503387	2025-05-25 16:20:34.50651	en	Isle of Man	108	108
2025-05-25 16:20:34.509264	2025-05-25 16:20:34.512625	en	Israel	109	109
2025-05-25 16:20:34.515595	2025-05-25 16:20:34.518514	en	Italy	110	110
2025-05-25 16:20:34.521297	2025-05-25 16:20:34.524551	en	Jamaica	111	111
2025-05-25 16:20:34.527293	2025-05-25 16:20:34.53053	en	Japan	112	112
2025-05-25 16:20:34.533406	2025-05-25 16:20:34.536535	en	Jersey	113	113
2025-05-25 16:20:34.539559	2025-05-25 16:20:34.542521	en	Jordan	114	114
2025-05-25 16:20:34.54549	2025-05-25 16:20:34.548558	en	Kazakhstan	115	115
2025-05-25 16:20:34.552996	2025-05-25 16:20:34.554673	en	Kenya	116	116
2025-05-25 16:20:34.557436	2025-05-25 16:20:34.560506	en	Kiribati	117	117
2025-05-25 16:20:34.563387	2025-05-25 16:20:34.566496	en	Korea (Democratic People's Republic of)	118	118
2025-05-25 16:20:34.569346	2025-05-25 16:20:34.572572	en	Korea (Republic of)	119	119
2025-05-25 16:20:34.57533	2025-05-25 16:20:34.578481	en	Kuwait	120	120
2025-05-25 16:20:34.58157	2025-05-25 16:20:34.584696	en	Kyrgyzstan	121	121
2025-05-25 16:20:34.589408	2025-05-25 16:20:34.59254	en	Lao People's Democratic Republic	122	122
2025-05-25 16:20:34.595397	2025-05-25 16:20:34.598506	en	Latvia	123	123
2025-05-25 16:20:34.601303	2025-05-25 16:20:34.604551	en	Lebanon	124	124
2025-05-25 16:20:34.607289	2025-05-25 16:20:34.610531	en	Lesotho	125	125
2025-05-25 16:20:34.613535	2025-05-25 16:20:34.616515	en	Liberia	126	126
2025-05-25 16:20:34.619413	2025-05-25 16:20:34.62257	en	Libya	127	127
2025-05-25 16:20:34.625382	2025-05-25 16:20:34.628529	en	Liechtenstein	128	128
2025-05-25 16:20:34.63161	2025-05-25 16:20:34.634605	en	Lithuania	129	129
2025-05-25 16:20:34.637458	2025-05-25 16:20:34.640509	en	Luxembourg	130	130
2025-05-25 16:20:34.643355	2025-05-25 16:20:34.646595	en	Macao	131	131
2025-05-25 16:20:34.649298	2025-05-25 16:20:34.652575	en	Macedonia (the former Yugoslav Republic of)	132	132
2025-05-25 16:20:34.655363	2025-05-25 16:20:34.658522	en	Madagascar	133	133
2025-05-25 16:20:34.661333	2025-05-25 16:20:34.664491	en	Malawi	134	134
2025-05-25 16:20:34.667278	2025-05-25 16:20:34.670556	en	Malaysia	135	135
2025-05-25 16:20:34.673315	2025-05-25 16:20:34.676563	en	Maldives	136	136
2025-05-25 16:20:34.67927	2025-05-25 16:20:34.682512	en	Mali	137	137
2025-05-25 16:20:34.685318	2025-05-25 16:20:34.688522	en	Malta	138	138
2025-05-25 16:20:34.691322	2025-05-25 16:20:34.694515	en	Marshall Islands	139	139
2025-05-25 16:20:34.697377	2025-05-25 16:20:34.700734	en	Martinique	140	140
2025-05-25 16:20:34.705471	2025-05-25 16:20:34.708544	en	Mauritania	141	141
2025-05-25 16:20:34.711342	2025-05-25 16:20:34.714543	en	Mauritius	142	142
2025-05-25 16:20:34.717334	2025-05-25 16:20:34.72049	en	Mayotte	143	143
2025-05-25 16:20:34.723439	2025-05-25 16:20:34.726564	en	Mexico	144	144
2025-05-25 16:20:34.729537	2025-05-25 16:20:34.732565	en	Micronesia (Federated States of)	145	145
2025-05-25 16:20:34.735607	2025-05-25 16:20:34.738664	en	Moldova (Republic of)	146	146
2025-05-25 16:20:34.741545	2025-05-25 16:20:34.74453	en	Monaco	147	147
2025-05-25 16:20:34.748929	2025-05-25 16:20:34.750541	en	Mongolia	148	148
2025-05-25 16:20:34.753437	2025-05-25 16:20:34.756611	en	Montenegro	149	149
2025-05-25 16:20:34.759403	2025-05-25 16:20:34.762547	en	Montserrat	150	150
2025-05-25 16:20:34.765356	2025-05-25 16:20:34.768542	en	Morocco	151	151
2025-05-25 16:20:34.771447	2025-05-25 16:20:34.774483	en	Mozambique	152	152
2025-05-25 16:20:34.777712	2025-05-25 16:20:34.780515	en	Myanmar	153	153
2025-05-25 16:20:34.783865	2025-05-25 16:20:34.786636	en	Namibia	154	154
2025-05-25 16:20:34.789757	2025-05-25 16:20:34.792627	en	Nauru	155	155
2025-05-25 16:20:34.795542	2025-05-25 16:20:34.798569	en	Nepal	156	156
2025-05-25 16:20:34.801445	2025-05-25 16:20:34.804475	en	Netherlands	157	157
2025-05-25 16:20:34.807413	2025-05-25 16:20:34.810512	en	New Caledonia	158	158
2025-05-25 16:20:34.813418	2025-05-25 16:20:34.816589	en	New Zealand	159	159
2025-05-25 16:20:34.819717	2025-05-25 16:20:34.822682	en	Nicaragua	160	160
2025-05-25 16:20:34.828059	2025-05-25 16:20:34.830492	en	Niger	161	161
2025-05-25 16:20:34.833606	2025-05-25 16:20:34.836606	en	Nigeria	162	162
2025-05-25 16:20:34.839816	2025-05-25 16:20:34.84254	en	Niue	163	163
2025-05-25 16:20:34.845381	2025-05-25 16:20:34.848513	en	Norfolk Island	164	164
2025-05-25 16:20:34.851509	2025-05-25 16:20:34.854589	en	Northern Mariana Islands	165	165
2025-05-25 16:20:34.857444	2025-05-25 16:20:34.860574	en	Norway	166	166
2025-05-25 16:20:34.863573	2025-05-25 16:20:34.866732	en	Oman	167	167
2025-05-25 16:20:34.871742	2025-05-25 16:20:34.874723	en	Pakistan	168	168
2025-05-25 16:20:34.87792	2025-05-25 16:20:34.880709	en	Palau	169	169
2025-05-25 16:20:34.883925	2025-05-25 16:20:34.886519	en	Palestine, State of	170	170
2025-05-25 16:20:34.889438	2025-05-25 16:20:34.892569	en	Panama	171	171
2025-05-25 16:20:34.897494	2025-05-25 16:20:34.900462	en	Papua New Guinea	172	172
2025-05-25 16:20:34.903473	2025-05-25 16:20:34.90653	en	Paraguay	173	173
2025-05-25 16:20:34.909366	2025-05-25 16:20:34.912508	en	Peru	174	174
2025-05-25 16:20:34.915319	2025-05-25 16:20:34.918474	en	Philippines	175	175
2025-05-25 16:20:34.921548	2025-05-25 16:20:34.924734	en	Pitcairn	176	176
2025-05-25 16:20:34.927665	2025-05-25 16:20:34.930512	en	Poland	177	177
2025-05-25 16:20:34.93385	2025-05-25 16:20:34.936595	en	Portugal	178	178
2025-05-25 16:20:34.941864	2025-05-25 16:20:34.944656	en	Puerto Rico	179	179
2025-05-25 16:20:34.950786	2025-05-25 16:20:34.95254	en	Qatar	180	180
2025-05-25 16:20:34.955418	2025-05-25 16:20:34.958698	en	Réunion	181	181
2025-05-25 16:20:34.961645	2025-05-25 16:20:34.964612	en	Romania	182	182
2025-05-25 16:20:34.967708	2025-05-25 16:20:34.970655	en	Russian Federation	183	183
2025-05-25 16:20:34.973747	2025-05-25 16:20:34.976654	en	Rwanda	184	184
2025-05-25 16:20:34.979703	2025-05-25 16:20:34.982577	en	Saint Barthélemy	185	185
2025-05-25 16:20:34.985315	2025-05-25 16:20:34.988525	en	Saint Helena, Ascension and Tristan da Cunha	186	186
2025-05-25 16:20:34.991291	2025-05-25 16:20:34.994579	en	Saint Kitts and Nevis	187	187
2025-05-25 16:20:34.997267	2025-05-25 16:20:35.000546	en	Saint Lucia	188	188
2025-05-25 16:20:35.003357	2025-05-25 16:20:35.006503	en	Saint Martin (French part)	189	189
2025-05-25 16:20:35.0093	2025-05-25 16:20:35.012476	en	Saint Pierre and Miquelon	190	190
2025-05-25 16:20:35.015221	2025-05-25 16:20:35.016585	en	Saint Vincent and the Grenadines	191	191
2025-05-25 16:20:35.019394	2025-05-25 16:20:35.022612	en	Samoa	192	192
2025-05-25 16:20:35.025525	2025-05-25 16:20:35.028521	en	San Marino	193	193
2025-05-25 16:20:35.0316	2025-05-25 16:20:35.034621	en	Sao Tome and Principe	194	194
2025-05-25 16:20:35.037332	2025-05-25 16:20:35.040517	en	Saudi Arabia	195	195
2025-05-25 16:20:35.043377	2025-05-25 16:20:35.046522	en	Senegal	196	196
2025-05-25 16:20:35.049299	2025-05-25 16:20:35.052557	en	Serbia	197	197
2025-05-25 16:20:35.055333	2025-05-25 16:20:35.058604	en	Seychelles	198	198
2025-05-25 16:20:35.061315	2025-05-25 16:20:35.062654	en	Sierra Leone	199	199
2025-05-25 16:20:35.065342	2025-05-25 16:20:35.068492	en	Singapore	200	200
2025-05-25 16:20:35.071422	2025-05-25 16:20:35.074614	en	Sint Maarten (Dutch part)	201	201
2025-05-25 16:20:35.077261	2025-05-25 16:20:35.078566	en	Slovakia	202	202
2025-05-25 16:20:35.081209	2025-05-25 16:20:35.084601	en	Slovenia	203	203
2025-05-25 16:20:35.087348	2025-05-25 16:20:35.088635	en	Solomon Islands	204	204
2025-05-25 16:20:35.091266	2025-05-25 16:20:35.092632	en	Somalia	205	205
2025-05-25 16:20:35.09523	2025-05-25 16:20:35.09661	en	South Africa	206	206
2025-05-25 16:20:35.099271	2025-05-25 16:20:35.102483	en	South Georgia and the South Sandwich Islands	207	207
2025-05-25 16:20:35.105272	2025-05-25 16:20:35.108581	en	South Sudan	208	208
2025-05-25 16:20:35.111312	2025-05-25 16:20:35.114577	en	Spain	209	209
2025-05-25 16:20:35.117355	2025-05-25 16:20:35.120535	en	Sri Lanka	210	210
2025-05-25 16:20:35.123299	2025-05-25 16:20:35.126546	en	Sudan	211	211
2025-05-25 16:20:35.129369	2025-05-25 16:20:35.13249	en	Suriname	212	212
2025-05-25 16:20:35.137305	2025-05-25 16:20:35.140529	en	Svalbard and Jan Mayen	213	213
2025-05-25 16:20:35.143492	2025-05-25 16:20:35.146539	en	Sweden	214	214
2025-05-25 16:20:35.149333	2025-05-25 16:20:35.152505	en	Switzerland	215	215
2025-05-25 16:20:35.155265	2025-05-25 16:20:35.156576	en	Syrian Arab Republic	216	216
2025-05-25 16:20:35.159321	2025-05-25 16:20:35.162462	en	Taiwan, Province of China	217	217
2025-05-25 16:20:35.165308	2025-05-25 16:20:35.168519	en	Tajikistan	218	218
2025-05-25 16:20:35.171319	2025-05-25 16:20:35.174485	en	Tanzania, United Republic of	219	219
2025-05-25 16:20:35.177517	2025-05-25 16:20:35.180505	en	Thailand	220	220
2025-05-25 16:20:35.183347	2025-05-25 16:20:35.186547	en	Timor-Leste	221	221
2025-05-25 16:20:35.189354	2025-05-25 16:20:35.192558	en	Togo	222	222
2025-05-25 16:20:35.195457	2025-05-25 16:20:35.19857	en	Tokelau	223	223
2025-05-25 16:20:35.201517	2025-05-25 16:20:35.204623	en	Tonga	224	224
2025-05-25 16:20:35.207435	2025-05-25 16:20:35.210542	en	Trinidad and Tobago	225	225
2025-05-25 16:20:35.213525	2025-05-25 16:20:35.216528	en	Tunisia	226	226
2025-05-25 16:20:35.219469	2025-05-25 16:20:35.222733	en	Turkey	227	227
2025-05-25 16:20:35.225716	2025-05-25 16:20:35.228531	en	Turkmenistan	228	228
2025-05-25 16:20:35.231427	2025-05-25 16:20:35.234714	en	Turks and Caicos Islands	229	229
2025-05-25 16:20:35.239542	2025-05-25 16:20:35.242655	en	Tuvalu	230	230
2025-05-25 16:20:35.245324	2025-05-25 16:20:35.248533	en	Uganda	231	231
2025-05-25 16:20:35.251928	2025-05-25 16:20:35.254587	en	Ukraine	232	232
2025-05-25 16:20:35.257517	2025-05-25 16:20:35.260568	en	United Arab Emirates	233	233
2025-05-25 16:20:35.263483	2025-05-25 16:20:35.266547	en	United Kingdom	234	234
2025-05-25 16:20:35.269565	2025-05-25 16:20:35.272553	en	United States of America	235	235
2025-05-25 16:20:35.275663	2025-05-25 16:20:35.278715	en	United States Minor Outlying Islands	236	236
2025-05-25 16:20:35.281627	2025-05-25 16:20:35.284544	en	Uruguay	237	237
2025-05-25 16:20:35.287914	2025-05-25 16:20:35.290749	en	Uzbekistan	238	238
2025-05-25 16:20:35.295713	2025-05-25 16:20:35.298541	en	Vanuatu	239	239
2025-05-25 16:20:35.301532	2025-05-25 16:20:35.304686	en	Venezuela (Bolivarian Republic of)	240	240
2025-05-25 16:20:35.307355	2025-05-25 16:20:35.310579	en	Viet Nam	241	241
2025-05-25 16:20:35.313274	2025-05-25 16:20:35.316513	en	Virgin Islands (British)	242	242
2025-05-25 16:20:35.319407	2025-05-25 16:20:35.322539	en	Virgin Islands (U.S.)	243	243
2025-05-25 16:20:35.325366	2025-05-25 16:20:35.328547	en	Wallis and Futuna	244	244
2025-05-25 16:20:35.333772	2025-05-25 16:20:35.336533	en	Western Sahara	245	245
2025-05-25 16:20:35.341494	2025-05-25 16:20:35.344534	en	Yemen	246	246
2025-05-25 16:20:35.347494	2025-05-25 16:20:35.350566	en	Zambia	247	247
2025-05-25 16:20:35.35349	2025-05-25 16:20:35.356756	en	Zimbabwe	248	248
\.


--
-- Data for Name: role; Type: TABLE DATA; Schema: public; Owner: postgres
--

COPY public.role ("createdAt", "updatedAt", code, description, permissions, id) FROM stdin;
2025-05-25 16:20:33.345809	2025-05-25 16:20:33.345809	__super_admin_role__	SuperAdmin	Authenticated,SuperAdmin,UpdateGlobalSettings,CreateCatalog,ReadCatalog,UpdateCatalog,DeleteCatalog,CreateSettings,ReadSettings,UpdateSettings,DeleteSettings,CreateAdministrator,ReadAdministrator,UpdateAdministrator,DeleteAdministrator,CreateAsset,ReadAsset,UpdateAsset,DeleteAsset,CreateChannel,ReadChannel,UpdateChannel,DeleteChannel,CreateCollection,ReadCollection,UpdateCollection,DeleteCollection,CreateCountry,ReadCountry,UpdateCountry,DeleteCountry,CreateCustomer,ReadCustomer,UpdateCustomer,DeleteCustomer,CreateCustomerGroup,ReadCustomerGroup,UpdateCustomerGroup,DeleteCustomerGroup,CreateFacet,ReadFacet,UpdateFacet,DeleteFacet,CreateOrder,ReadOrder,UpdateOrder,DeleteOrder,CreatePaymentMethod,ReadPaymentMethod,UpdatePaymentMethod,DeletePaymentMethod,CreateProduct,ReadProduct,UpdateProduct,DeleteProduct,CreatePromotion,ReadPromotion,UpdatePromotion,DeletePromotion,CreateShippingMethod,ReadShippingMethod,UpdateShippingMethod,DeleteShippingMethod,CreateTag,ReadTag,UpdateTag,DeleteTag,CreateTaxCategory,ReadTaxCategory,UpdateTaxCategory,DeleteTaxCategory,CreateTaxRate,ReadTaxRate,UpdateTaxRate,DeleteTaxRate,CreateSeller,ReadSeller,UpdateSeller,DeleteSeller,CreateStockLocation,ReadStockLocation,UpdateStockLocation,DeleteStockLocation,CreateSystem,ReadSystem,UpdateSystem,DeleteSystem,CreateZone,ReadZone,UpdateZone,DeleteZone	1
2025-05-25 16:20:33.350752	2025-05-25 16:20:33.350752	__customer_role__	Customer	Authenticated	2
2025-05-25 16:20:35.577081	2025-05-25 16:20:35.577081	administrator	Administrator	Authenticated,CreateCatalog,ReadCatalog,UpdateCatalog,DeleteCatalog,CreateSettings,ReadSettings,UpdateSettings,DeleteSettings,CreateCustomer,ReadCustomer,UpdateCustomer,DeleteCustomer,CreateCustomerGroup,ReadCustomerGroup,UpdateCustomerGroup,DeleteCustomerGroup,CreateOrder,ReadOrder,UpdateOrder,DeleteOrder,CreateSystem,ReadSystem,UpdateSystem,DeleteSystem	3
2025-05-25 16:20:35.581067	2025-05-25 16:20:35.581067	order-manager	Order manager	Authenticated,CreateOrder,ReadOrder,UpdateOrder,DeleteOrder,ReadCustomer,ReadPaymentMethod,ReadShippingMethod,ReadPromotion,ReadCountry,ReadZone	4
2025-05-25 16:20:35.584597	2025-05-25 16:20:35.584597	inventory-manager	Inventory manager	Authenticated,CreateCatalog,ReadCatalog,UpdateCatalog,DeleteCatalog,CreateTag,ReadTag,UpdateTag,DeleteTag,ReadCustomer	5
\.


--
-- Data for Name: role_channels_channel; Type: TABLE DATA; Schema: public; Owner: postgres
--

COPY public.role_channels_channel ("roleId", "channelId") FROM stdin;
1	1
2	1
3	1
4	1
5	1
\.


--
-- Data for Name: scheduled_task_record; Type: TABLE DATA; Schema: public; Owner: postgres
--

COPY public.scheduled_task_record ("createdAt", "updatedAt", "taskId", enabled, "lockedAt", "lastExecutedAt", "manuallyTriggeredAt", "lastResult", id) FROM stdin;
2025-05-25 16:32:43.191982	2025-06-04 20:08:42.904097	clean-jobs	t	\N	2025-06-04 22:08:42.905	\N	{"jobRecordsDeleted":0}	2
2025-05-25 16:32:43.179493	2025-06-04 20:08:46.508116	clean-sessions	t	\N	2025-06-04 22:08:46.509	\N	{"result":"Triggered clean sessions job"}	1
\.


--
-- Data for Name: search_index_item; Type: TABLE DATA; Schema: public; Owner: postgres
--

COPY public.search_index_item ("languageCode", enabled, "productName", "productVariantName", description, slug, sku, "facetIds", "facetValueIds", "collectionIds", "collectionSlugs", "channelIds", "productPreview", "productPreviewFocalPoint", "productVariantPreview", "productVariantPreviewFocalPoint", "inStock", "productInStock", "productVariantId", "channelId", "productId", "productAssetId", "productVariantAssetId", price, "priceWithTax") FROM stdin;
en	t	Laptop	Laptop 13 inch 8GB	Now equipped with seventh-generation Intel Core processors, Laptop is snappier than ever. From daily tasks like launching apps and opening files to more advanced computing, you can power through your day thanks to faster SSDs and Turbo Boost processing up to 3.6GHz.	laptop	L2201308	1,2	1,2,3	2,3	electronics,computers	1	preview/71/derick-david-409858-unsplash__preview.jpg	\N		\N	t	t	1	1	1	1	\N	129900	155880
en	t	Laptop	Laptop 15 inch 8GB	Now equipped with seventh-generation Intel Core processors, Laptop is snappier than ever. From daily tasks like launching apps and opening files to more advanced computing, you can power through your day thanks to faster SSDs and Turbo Boost processing up to 3.6GHz.	laptop	L2201508	1,2	1,2,3	2,3	electronics,computers	1	preview/71/derick-david-409858-unsplash__preview.jpg	\N		\N	t	t	2	1	1	1	\N	139900	167880
en	t	Laptop	Laptop 13 inch 16GB	Now equipped with seventh-generation Intel Core processors, Laptop is snappier than ever. From daily tasks like launching apps and opening files to more advanced computing, you can power through your day thanks to faster SSDs and Turbo Boost processing up to 3.6GHz.	laptop	L2201316	1,2	1,2,3	2,3	electronics,computers	1	preview/71/derick-david-409858-unsplash__preview.jpg	\N		\N	t	t	3	1	1	1	\N	219900	263880
en	t	Laptop	Laptop 15 inch 16GB	Now equipped with seventh-generation Intel Core processors, Laptop is snappier than ever. From daily tasks like launching apps and opening files to more advanced computing, you can power through your day thanks to faster SSDs and Turbo Boost processing up to 3.6GHz.	laptop	L2201516	1,2	1,2,3	2,3	electronics,computers	1	preview/71/derick-david-409858-unsplash__preview.jpg	\N		\N	t	t	4	1	1	1	\N	229900	275880
en	t	Tablet	Tablet 32GB	If the computer were invented today, what would it look like? It would be powerful enough for any task. So mobile you could take it everywhere. And so intuitive you could use it any way you wanted — with touch, a keyboard, or even a pencil. In other words, it wouldn’t really be a "computer." It would be Tablet.	tablet	TBL200032	1,2	1,2,3	2,3	electronics,computers	1	preview/b8/kelly-sikkema-685291-unsplash__preview.jpg	\N		\N	t	t	5	1	2	2	\N	32900	39480
en	t	Tablet	Tablet 128GB	If the computer were invented today, what would it look like? It would be powerful enough for any task. So mobile you could take it everywhere. And so intuitive you could use it any way you wanted — with touch, a keyboard, or even a pencil. In other words, it wouldn’t really be a "computer." It would be Tablet.	tablet	TBL200128	1,2	1,2,3	2,3	electronics,computers	1	preview/b8/kelly-sikkema-685291-unsplash__preview.jpg	\N		\N	t	t	6	1	2	2	\N	44500	53400
en	t	Wireless Optical Mouse	Wireless Optical Mouse	The Logitech M185 Wireless Optical Mouse is a great device for any computer user, and as Logitech are the global market leaders for these devices, you are also guaranteed absolute reliability. A mouse to be reckoned with!	cordless-mouse	834444	1,2	1,2,4	2,3	electronics,computers	1	preview/a1/oscar-ivan-esquivel-arteaga-687447-unsplash__preview.jpg	\N		\N	t	t	7	1	3	3	\N	1899	2279
en	t	Camera Lens	Camera Lens	This lens is a Di type lens using an optical system with improved multi-coating designed to function with digital SLR cameras as well as film cameras.	camera-lens	B0012UUP02	1,2	1,9,11	2,4	electronics,camera-photo	1	preview/9b/brandi-redd-104140-unsplash__preview.jpg	\N		\N	t	t	27	1	13	13	\N	10400	12480
en	t	32-Inch Monitor	32-Inch Monitor	The UJ59 with Ultra HD resolution has 4x the pixels of Full HD, delivering more screen space and amazingly life-like images. That means you can view documents and webpages with less scrolling, work more comfortably with multiple windows and toolbars, and enjoy photos, videos and games in stunning 4K quality. Note: beverage not included.	32-inch-monitor	LU32J590UQUXEN	1,2	1,2,5	2,3	electronics,computers	1	preview/d2/daniel-korpai-1302051-unsplash__preview.jpg	\N		\N	t	t	8	1	4	4	\N	31000	37200
en	t	Curvy Monitor	Curvy Monitor 24 inch	Discover a truly immersive viewing experience with this monitor curved more deeply than any other. Wrapping around your field of vision the 1,800 R screencreates a wider field of view, enhances depth perception, and minimises peripheral distractions to draw you deeper in to your content.	curvy-monitor	C24F390	1,2	1,2,5	2,3	electronics,computers	1	preview/9c/alexandru-acea-686569-unsplash__preview.jpg	\N		\N	t	t	9	1	5	5	\N	14374	17249
en	t	Curvy Monitor	Curvy Monitor 27 inch	Discover a truly immersive viewing experience with this monitor curved more deeply than any other. Wrapping around your field of vision the 1,800 R screencreates a wider field of view, enhances depth perception, and minimises peripheral distractions to draw you deeper in to your content.	curvy-monitor	C27F390	1,2	1,2,5	2,3	electronics,computers	1	preview/9c/alexandru-acea-686569-unsplash__preview.jpg	\N		\N	t	t	10	1	5	5	\N	16994	20393
en	t	High Performance RAM	High Performance RAM 4GB	Each RAM module is built with a pure aluminium heat spreader for faster heat dissipation and cooler operation. Enhanced to XMP 2.0 profiles for better overclocking; Compatibility: Intel 100 Series, Intel 200 Series, Intel 300 Series, Intel X299, AMD 300 Series, AMD 400 Series.	high-performance-ram	CMK32GX4M2AC04	1,2	1,2,6	2,3	electronics,computers	1	preview/58/liam-briese-1128307-unsplash__preview.jpg	\N		\N	t	t	11	1	6	6	\N	13785	16542
en	t	High Performance RAM	High Performance RAM 8GB	Each RAM module is built with a pure aluminium heat spreader for faster heat dissipation and cooler operation. Enhanced to XMP 2.0 profiles for better overclocking; Compatibility: Intel 100 Series, Intel 200 Series, Intel 300 Series, Intel X299, AMD 300 Series, AMD 400 Series.	high-performance-ram	CMK32GX4M2AC08	1,2	1,2,6	2,3	electronics,computers	1	preview/58/liam-briese-1128307-unsplash__preview.jpg	\N		\N	t	t	12	1	6	6	\N	14639	17567
en	t	High Performance RAM	High Performance RAM 16GB	Each RAM module is built with a pure aluminium heat spreader for faster heat dissipation and cooler operation. Enhanced to XMP 2.0 profiles for better overclocking; Compatibility: Intel 100 Series, Intel 200 Series, Intel 300 Series, Intel X299, AMD 300 Series, AMD 400 Series.	high-performance-ram	CMK32GX4M2AC16	1,2	1,2,6	2,3	electronics,computers	1	preview/58/liam-briese-1128307-unsplash__preview.jpg	\N		\N	t	t	13	1	6	6	\N	28181	33817
en	t	Gaming PC	Gaming PC i7-8700 240GB SSD	This pc is optimised for gaming, and is also VR ready. The Intel Core-i7 CPU and High Performance GPU give the computer the raw power it needs to function at a high level.	gaming-pc	CGS480VR1063	1,2	1,2,7	2,3	electronics,computers	1	preview/5a/florian-olivo-1166419-unsplash__preview.jpg	\N		\N	t	t	14	1	7	7	\N	108720	130464
en	t	Gaming PC	Gaming PC R7-2700 240GB SSD	This pc is optimised for gaming, and is also VR ready. The Intel Core-i7 CPU and High Performance GPU give the computer the raw power it needs to function at a high level.	gaming-pc	CGS480VR1064	1,2	1,2,7	2,3	electronics,computers	1	preview/5a/florian-olivo-1166419-unsplash__preview.jpg	\N		\N	t	t	15	1	7	7	\N	109995	131994
en	t	Gaming PC	Gaming PC i7-8700 120GB SSD	This pc is optimised for gaming, and is also VR ready. The Intel Core-i7 CPU and High Performance GPU give the computer the raw power it needs to function at a high level.	gaming-pc	CGS480VR1065	1,2	1,2,7	2,3	electronics,computers	1	preview/5a/florian-olivo-1166419-unsplash__preview.jpg	\N		\N	t	t	16	1	7	7	\N	93120	111744
en	t	Gaming PC	Gaming PC R7-2700 120GB SSD	This pc is optimised for gaming, and is also VR ready. The Intel Core-i7 CPU and High Performance GPU give the computer the raw power it needs to function at a high level.	gaming-pc	CGS480VR1066	1,2	1,2,7	2,3	electronics,computers	1	preview/5a/florian-olivo-1166419-unsplash__preview.jpg	\N		\N	t	t	17	1	7	7	\N	94920	113904
en	t	Hard Drive	Hard Drive 1TB	Boost your PC storage with this internal hard drive, designed just for desktop and all-in-one PCs.	hard-drive	IHD455T1	1,2	1,2,8	2,3	electronics,computers	1	preview/96/vincent-botta-736919-unsplash__preview.jpg	\N		\N	t	t	18	1	8	8	\N	3799	4559
en	t	Hard Drive	Hard Drive 2TB	Boost your PC storage with this internal hard drive, designed just for desktop and all-in-one PCs.	hard-drive	IHD455T2	1,2	1,2,8	2,3	electronics,computers	1	preview/96/vincent-botta-736919-unsplash__preview.jpg	\N		\N	t	t	19	1	8	8	\N	5374	6449
en	t	Hard Drive	Hard Drive 3TB	Boost your PC storage with this internal hard drive, designed just for desktop and all-in-one PCs.	hard-drive	IHD455T3	1,2	1,2,8	2,3	electronics,computers	1	preview/96/vincent-botta-736919-unsplash__preview.jpg	\N		\N	t	t	20	1	8	8	\N	7896	9475
en	t	Hard Drive	Hard Drive 4TB	Boost your PC storage with this internal hard drive, designed just for desktop and all-in-one PCs.	hard-drive	IHD455T4	1,2	1,2,8	2,3	electronics,computers	1	preview/96/vincent-botta-736919-unsplash__preview.jpg	\N		\N	t	t	21	1	8	8	\N	9299	11159
en	t	Hard Drive	Hard Drive 6TB	Boost your PC storage with this internal hard drive, designed just for desktop and all-in-one PCs.	hard-drive	IHD455T6	1,2	1,2,8	2,3	electronics,computers	1	preview/96/vincent-botta-736919-unsplash__preview.jpg	\N		\N	t	t	22	1	8	8	\N	13435	16122
en	t	Clacky Keyboard	Clacky Keyboard	Let all your colleagues know that you are typing on this exclusive, colorful klicky-klacky keyboard. Huge travel on each keypress ensures maximum klack on each and every keystroke.	clacky-keyboard	A4TKLA45535	1,2	1,2,6	2,3	electronics,computers	1	preview/09/juan-gomez-674574-unsplash__preview.jpg	\N		\N	t	t	23	1	9	9	\N	7489	8987
en	t	Ethernet Cable	Ethernet Cable	5m (metres) Cat.6 network cable (upwards/downwards compatible) | Patch cable | 2 RJ-45 plug | plug with bend protection mantle. High transmission speeds due to operating frequency with up to 250 MHz (in comparison to Cat.5/Cat.5e cable bandwidth of 100 MHz).	ethernet-cable	A23334x30	1	1,2	2,3	electronics,computers	1	preview/7b/thomas-q-1229169-unsplash__preview.jpg	\N		\N	t	t	24	1	10	10	\N	597	716
en	t	USB Cable	USB Cable	Solid conductors eliminate strand-interaction distortion and reduce jitter. As the surface is made of high-purity silver, the performance is very close to that of a solid silver cable, but priced much closer to solid copper cable.	usb-cable	USBCIN01.5MI	1	1,2	2,3	electronics,computers	1	preview/64/adam-birkett-239153-unsplash__preview.jpg	\N		\N	t	t	25	1	11	11	\N	6900	8280
en	t	Instant Camera	Instant Camera	With its nostalgic design and simple point-and-shoot functionality, the Instant Camera is the perfect pick to get started with instant photography.	instant-camera	IC22MWDD	1,2	1,9,10	2,4	electronics,camera-photo	1	preview/b5/eniko-kis-663725-unsplash__preview.jpg	\N		\N	t	t	26	1	12	12	\N	17499	20999
en	t	Vintage Folding Camera	Vintage Folding Camera	This vintage folding camera is so antiquated that you cannot possibly hope to produce actual photographs with it. However, it makes a wonderful decorative piece for the home or office.	vintage-folding-camera	B00AFC9099	1,2	1,9,12	2,4	electronics,camera-photo	1	preview/3c/jonathan-talbert-697262-unsplash__preview.jpg	\N		\N	t	t	28	1	14	14	\N	535000	642000
en	t	Tripod	Tripod	Capture vivid, professional-style photographs with help from this lightweight tripod. The adjustable-height tripod makes it easy to achieve reliable stability and score just the right angle when going after that award-winning shot.	tripod	B00XI87KV8	1,2	1,9,13	2,4	electronics,camera-photo	1	preview/21/zoltan-tasi-423051-unsplash__preview.jpg	\N		\N	t	t	29	1	15	15	\N	1498	1798
en	t	Instamatic Camera	Instamatic Camera	This inexpensive point-and-shoot camera uses easy-to-load 126 film cartridges. A built-in flash unit ensure great results, no matter the lighting conditions.	instamatic-camera	B07K1330LL	1,2	1,9,14	2,4	electronics,camera-photo	1	preview/5b/jakob-owens-274337-unsplash__preview.jpg	\N		\N	t	t	30	1	16	16	\N	2000	2400
en	t	Compact Digital Camera	Compact Digital Camera	Unleash your creative potential with high-level performance and advanced features such as AI-powered Real-time Eye AF; new, high-precision Real-time Tracking; high-speed continuous shooting and 4K HDR movie-shooting. The camera's innovative AF quickly and reliably detects the position of the subject and then tracks the subject's motion, keeping it in sharp focus.	compact-digital-camera	B07D990021	1,2	1,9,15	2,4	electronics,camera-photo	1	preview/bc/patrick-brinksma-663044-unsplash__preview.jpg	\N		\N	t	t	31	1	17	17	\N	89999	107999
en	t	Nikkormat SLR Camera	Nikkormat SLR Camera	The Nikkormat FS was brought to market by Nikon in 1965. The lens is a 50mm f1.4 Nikkor. Nice glass, smooth focus and a working diaphragm. A UV filter and a Nikon front lens cap are included with the lens.	nikkormat-slr-camera	B07D33B334	1,2	1,9,11	2,4	electronics,camera-photo	1	preview/95/chuttersnap-324234-unsplash__preview.jpg	\N		\N	t	t	32	1	18	18	\N	61500	73800
en	t	Compact SLR Camera	Compact SLR Camera	Retro styled, portable in size and built around a powerful 24-megapixel APS-C CMOS sensor, this digital camera is the ideal companion for creative everyday photography. Packed full of high spec features such as an advanced hybrid autofocus system able to keep pace with even the most active subjects, a speedy 6fps continuous-shooting mode, high-resolution electronic viewfinder and intuitive swivelling touchscreen, it brings professional image making into everyone’s grasp.	compact-slr-camera	B07D75V44S	1	1,9	2,4	electronics,camera-photo	1	preview/9d/robert-shunev-528016-unsplash__preview.jpg	\N		\N	t	t	33	1	19	19	\N	52100	62520
en	t	Twin Lens Camera	Twin Lens Camera	What makes a Rolleiflex TLR so special? Many things. To start, TLR stands for twin lens reflex. “Twin” because there are two lenses. And reflex means that the photographer looks through the lens to view the reflected image of an object or scene on the focusing screen. 	twin-lens-camera	B07D78JTLR	1,2	1,9,16	2,4	electronics,camera-photo	1	preview/ef/alexander-andrews-260988-unsplash__preview.jpg	\N		\N	t	t	34	1	20	20	\N	79900	95880
en	t	Road Bike	Road Bike	Featuring a full carbon chassis - complete with cyclocross-specific carbon fork - and a component setup geared for hard use on the race circuit, it's got the low weight, exceptional efficiency and brilliant handling you'll need to stay at the front of the pack.	road-bike	RB000844334	1,2	17,18,19	8,9	sports-outdoor,equipment	1	preview/2f/mikkel-bech-748940-unsplash__preview.jpg	\N		\N	t	t	35	1	21	21	\N	249900	299880
en	t	Skipping Rope	Skipping Rope	When you're working out you need a quality rope that doesn't tangle at every couple of jumps and with this skipping rope you won't have this problem. The fact that it looks like a pair of tasty frankfurters is merely a bonus.	skipping-rope	B07CNGXVXT	1,2	17,18,20	8,9	sports-outdoor,equipment	1	preview/34/stoica-ionela-530966-unsplash__preview.jpg	\N		\N	t	t	36	1	22	22	\N	799	959
en	t	Boxing Gloves	Boxing Gloves	Training gloves designed for optimum training. Our gloves promote proper punching technique because they are conformed to the natural shape of your fist. Dense, innovative two-layer foam provides better shock absorbency and full padding on the front, back and wrist to promote proper punching technique.	boxing-gloves	B000ZYLPPU	1,2	17,18,20	8,9	sports-outdoor,equipment	1	preview/4f/neonbrand-428982-unsplash__preview.jpg	\N		\N	t	t	37	1	23	23	\N	3304	3965
en	t	Tent	Tent	With tons of space inside (for max. 4 persons), full head height throughout the entire tent and an unusual and striking shape, this tent offers you everything you need.	tent	2000023510	1	17,18	8,9	sports-outdoor,equipment	1	preview/96/michael-guite-571169-unsplash__preview.jpg	\N		\N	t	t	38	1	24	24	\N	21493	25792
en	t	Cruiser Skateboard	Cruiser Skateboard	Based on the 1970s iconic shape, but made to a larger 69cm size, with updated, quality component, these skateboards are great for beginners to learn the foot spacing required, and are perfect for all-day cruising.	cruiser-skateboard	799872520	1	17,18	8,9	sports-outdoor,equipment	1	preview/35/max-tarkhov-737999-unsplash__preview.jpg	\N		\N	t	t	39	1	25	25	\N	2499	2999
en	t	Football	Football	This football features high-contrast graphics for high-visibility during play, while its machine-stitched tpu casing offers consistent performance.	football	SC3137-056	1,2	17,18,21	8,9	sports-outdoor,equipment	1	preview/d6/nik-shuliahin-619349-unsplash__preview.jpg	\N		\N	t	t	40	1	26	26	\N	5707	6848
en	t	Tennis Ball	Tennis Ball	Our dog loves these tennis balls and they last for some time before they eventually either get lost in some field or bush or the covering comes off due to it being used most of the day every day.	tennis-ball	WRT11752P	1,2	17,18,22	8,9	sports-outdoor,equipment	1	preview/30/ben-hershey-574483-unsplash__preview.jpg	\N		\N	t	t	41	1	27	27	\N	1273	1528
en	t	Basketball	Basketball	The Wilson MVP ball is perfect for playing basketball, and improving your skill for hours on end. Designed for new players, it is created with a high-quality rubber suitable for courts, allowing you to get full use during your practices.	basketball	WTB1418XB06	1,2	17,18,22	8,9	sports-outdoor,equipment	1	preview/0f/tommy-bebo-600358-unsplash__preview.jpg	\N		\N	t	t	42	1	28	28	\N	3562	4274
en	t	Ultraboost Running Shoe	Ultraboost Running Shoe Size 40	With its ultra-light, uber-responsive magic foam and a carbon fiber plate that feels like it’s propelling you forward, the Running Shoe is ready to push you to victories both large and small	ultraboost-running-shoe	RS0040	1,2,3	17,23,24,25,26	8,10	sports-outdoor,footwear	1	preview/ed/chuttersnap-584518-unsplash__preview.jpg	\N		\N	t	t	43	1	29	29	\N	9999	11999
en	t	Ultraboost Running Shoe	Ultraboost Running Shoe Size 42	With its ultra-light, uber-responsive magic foam and a carbon fiber plate that feels like it’s propelling you forward, the Running Shoe is ready to push you to victories both large and small	ultraboost-running-shoe	RS0042	1,2,3	17,23,24,25,26	8,10	sports-outdoor,footwear	1	preview/ed/chuttersnap-584518-unsplash__preview.jpg	\N		\N	t	t	44	1	29	29	\N	9999	11999
en	t	Ultraboost Running Shoe	Ultraboost Running Shoe Size 44	With its ultra-light, uber-responsive magic foam and a carbon fiber plate that feels like it’s propelling you forward, the Running Shoe is ready to push you to victories both large and small	ultraboost-running-shoe	RS0044	1,2,3	17,23,24,25,26	8,10	sports-outdoor,footwear	1	preview/ed/chuttersnap-584518-unsplash__preview.jpg	\N		\N	t	t	45	1	29	29	\N	9999	11999
en	t	Ultraboost Running Shoe	Ultraboost Running Shoe Size 46	With its ultra-light, uber-responsive magic foam and a carbon fiber plate that feels like it’s propelling you forward, the Running Shoe is ready to push you to victories both large and small	ultraboost-running-shoe	RS0046	1,2,3	17,23,24,25,26	8,10	sports-outdoor,footwear	1	preview/ed/chuttersnap-584518-unsplash__preview.jpg	\N		\N	t	t	46	1	29	29	\N	9999	11999
en	t	Freerun Running Shoe	Freerun Running Shoe Size 40	The Freerun Men's Running Shoe is built for record-breaking speed. The Flyknit upper delivers ultra-lightweight support that fits like a glove.	freerun-running-shoe	AR4561-40	1,2,3	17,21,23,27	8,10	sports-outdoor,footwear	1	preview/0f/imani-clovis-234736-unsplash__preview.jpg	\N		\N	t	t	47	1	30	30	\N	16000	19200
en	t	Freerun Running Shoe	Freerun Running Shoe Size 42	The Freerun Men's Running Shoe is built for record-breaking speed. The Flyknit upper delivers ultra-lightweight support that fits like a glove.	freerun-running-shoe	AR4561-42	1,2,3	17,21,23,27	8,10	sports-outdoor,footwear	1	preview/0f/imani-clovis-234736-unsplash__preview.jpg	\N		\N	t	t	48	1	30	30	\N	16000	19200
en	t	Freerun Running Shoe	Freerun Running Shoe Size 44	The Freerun Men's Running Shoe is built for record-breaking speed. The Flyknit upper delivers ultra-lightweight support that fits like a glove.	freerun-running-shoe	AR4561-44	1,2,3	17,21,23,27	8,10	sports-outdoor,footwear	1	preview/0f/imani-clovis-234736-unsplash__preview.jpg	\N		\N	t	t	49	1	30	30	\N	16000	19200
en	t	Freerun Running Shoe	Freerun Running Shoe Size 46	The Freerun Men's Running Shoe is built for record-breaking speed. The Flyknit upper delivers ultra-lightweight support that fits like a glove.	freerun-running-shoe	AR4561-46	1,2,3	17,21,23,27	8,10	sports-outdoor,footwear	1	preview/0f/imani-clovis-234736-unsplash__preview.jpg	\N		\N	t	t	50	1	30	30	\N	16000	19200
en	t	Hi-Top Basketball Shoe	Hi-Top Basketball Shoe Size 40	Boasting legendary performance since 2008, the Hyperdunkz Basketball Shoe needs no gimmicks to stand out. Air units deliver best-in-class cushioning, while a dynamic lacing system keeps your foot snug and secure, so you can focus on your game and nothing else.	hi-top-basketball-shoe	AO7893-40	1,2,3	17,21,23,28	8,10	sports-outdoor,footwear	1	preview/3c/xavier-teo-469050-unsplash__preview.jpg	\N		\N	t	t	51	1	31	31	\N	14000	16800
en	t	Hi-Top Basketball Shoe	Hi-Top Basketball Shoe Size 42	Boasting legendary performance since 2008, the Hyperdunkz Basketball Shoe needs no gimmicks to stand out. Air units deliver best-in-class cushioning, while a dynamic lacing system keeps your foot snug and secure, so you can focus on your game and nothing else.	hi-top-basketball-shoe	AO7893-42	1,2,3	17,21,23,28	8,10	sports-outdoor,footwear	1	preview/3c/xavier-teo-469050-unsplash__preview.jpg	\N		\N	t	t	52	1	31	31	\N	14000	16800
en	t	Hi-Top Basketball Shoe	Hi-Top Basketball Shoe Size 44	Boasting legendary performance since 2008, the Hyperdunkz Basketball Shoe needs no gimmicks to stand out. Air units deliver best-in-class cushioning, while a dynamic lacing system keeps your foot snug and secure, so you can focus on your game and nothing else.	hi-top-basketball-shoe	AO7893-44	1,2,3	17,21,23,28	8,10	sports-outdoor,footwear	1	preview/3c/xavier-teo-469050-unsplash__preview.jpg	\N		\N	t	t	53	1	31	31	\N	14000	16800
en	t	Hi-Top Basketball Shoe	Hi-Top Basketball Shoe Size 46	Boasting legendary performance since 2008, the Hyperdunkz Basketball Shoe needs no gimmicks to stand out. Air units deliver best-in-class cushioning, while a dynamic lacing system keeps your foot snug and secure, so you can focus on your game and nothing else.	hi-top-basketball-shoe	AO7893-46	1,2,3	17,21,23,28	8,10	sports-outdoor,footwear	1	preview/3c/xavier-teo-469050-unsplash__preview.jpg	\N		\N	t	t	54	1	31	31	\N	14000	16800
en	t	Pureboost Running Shoe	Pureboost Running Shoe Size 40	Built to handle curbs, corners and uneven sidewalks, these natural running shoes have an expanded landing zone and a heel plate for added stability. A lightweight and stretchy knit upper supports your native stride.	pureboost-running-shoe	F3578640	1,2,3	17,23,24,27,28	8,10	sports-outdoor,footwear	1	preview/a2/thomas-serer-420833-unsplash__preview.jpg	\N		\N	t	t	55	1	32	32	\N	9995	11994
en	t	Pureboost Running Shoe	Pureboost Running Shoe Size 42	Built to handle curbs, corners and uneven sidewalks, these natural running shoes have an expanded landing zone and a heel plate for added stability. A lightweight and stretchy knit upper supports your native stride.	pureboost-running-shoe	F3578642	1,2,3	17,23,24,27,28	8,10	sports-outdoor,footwear	1	preview/a2/thomas-serer-420833-unsplash__preview.jpg	\N		\N	t	t	56	1	32	32	\N	9995	11994
en	t	Pureboost Running Shoe	Pureboost Running Shoe Size 44	Built to handle curbs, corners and uneven sidewalks, these natural running shoes have an expanded landing zone and a heel plate for added stability. A lightweight and stretchy knit upper supports your native stride.	pureboost-running-shoe	F3578644	1,2,3	17,23,24,27,28	8,10	sports-outdoor,footwear	1	preview/a2/thomas-serer-420833-unsplash__preview.jpg	\N		\N	t	t	57	1	32	32	\N	9995	11994
en	t	Pureboost Running Shoe	Pureboost Running Shoe Size 46	Built to handle curbs, corners and uneven sidewalks, these natural running shoes have an expanded landing zone and a heel plate for added stability. A lightweight and stretchy knit upper supports your native stride.	pureboost-running-shoe	F3578646	1,2,3	17,23,24,27,28	8,10	sports-outdoor,footwear	1	preview/a2/thomas-serer-420833-unsplash__preview.jpg	\N		\N	t	t	58	1	32	32	\N	9995	11994
en	t	RunX Running Shoe	RunX Running Shoe Size 40	These running shoes are made with an airy, lightweight mesh upper. The durable rubber outsole grips the pavement for added stability. A cushioned midsole brings comfort to each step.	runx-running-shoe	F3633340	1,2,3	17,23,24,27	8,10	sports-outdoor,footwear	1	preview/00/nikolai-chernichenko-1299748-unsplash__preview.jpg	\N		\N	t	t	59	1	33	33	\N	4495	5394
en	t	RunX Running Shoe	RunX Running Shoe Size 42	These running shoes are made with an airy, lightweight mesh upper. The durable rubber outsole grips the pavement for added stability. A cushioned midsole brings comfort to each step.	runx-running-shoe	F3633342	1,2,3	17,23,24,27	8,10	sports-outdoor,footwear	1	preview/00/nikolai-chernichenko-1299748-unsplash__preview.jpg	\N		\N	t	t	60	1	33	33	\N	4495	5394
en	t	RunX Running Shoe	RunX Running Shoe Size 44	These running shoes are made with an airy, lightweight mesh upper. The durable rubber outsole grips the pavement for added stability. A cushioned midsole brings comfort to each step.	runx-running-shoe	F3633344	1,2,3	17,23,24,27	8,10	sports-outdoor,footwear	1	preview/00/nikolai-chernichenko-1299748-unsplash__preview.jpg	\N		\N	t	t	61	1	33	33	\N	4495	5394
en	t	RunX Running Shoe	RunX Running Shoe Size 46	These running shoes are made with an airy, lightweight mesh upper. The durable rubber outsole grips the pavement for added stability. A cushioned midsole brings comfort to each step.	runx-running-shoe	F3633346	1,2,3	17,23,24,27	8,10	sports-outdoor,footwear	1	preview/00/nikolai-chernichenko-1299748-unsplash__preview.jpg	\N		\N	t	t	62	1	33	33	\N	4495	5394
en	t	Allstar Sneakers	Allstar Sneakers Size 40	All Star is the most iconic sneaker in the world, recognised for its unmistakable silhouette, star-centred ankle patch and cultural authenticity. And like the best paradigms, it only gets better with time.	allstar-sneakers	CAS23340	1,3,2	17,23,27,29	8,10	sports-outdoor,footwear	1	preview/aa/mitch-lensink-256007-unsplash__preview.jpg	\N		\N	t	t	63	1	34	34	\N	6500	7800
en	t	Allstar Sneakers	Allstar Sneakers Size 42	All Star is the most iconic sneaker in the world, recognised for its unmistakable silhouette, star-centred ankle patch and cultural authenticity. And like the best paradigms, it only gets better with time.	allstar-sneakers	CAS23342	1,3,2	17,23,27,29	8,10	sports-outdoor,footwear	1	preview/aa/mitch-lensink-256007-unsplash__preview.jpg	\N		\N	t	t	64	1	34	34	\N	6500	7800
en	t	Allstar Sneakers	Allstar Sneakers Size 44	All Star is the most iconic sneaker in the world, recognised for its unmistakable silhouette, star-centred ankle patch and cultural authenticity. And like the best paradigms, it only gets better with time.	allstar-sneakers	CAS23344	1,3,2	17,23,27,29	8,10	sports-outdoor,footwear	1	preview/aa/mitch-lensink-256007-unsplash__preview.jpg	\N		\N	t	t	65	1	34	34	\N	6500	7800
en	t	Allstar Sneakers	Allstar Sneakers Size 46	All Star is the most iconic sneaker in the world, recognised for its unmistakable silhouette, star-centred ankle patch and cultural authenticity. And like the best paradigms, it only gets better with time.	allstar-sneakers	CAS23346	1,3,2	17,23,27,29	8,10	sports-outdoor,footwear	1	preview/aa/mitch-lensink-256007-unsplash__preview.jpg	\N		\N	t	t	66	1	34	34	\N	6500	7800
en	t	Spiky Cactus	Spiky Cactus	A spiky yet elegant house cactus - perfect for the home or office. Origin and habitat: Probably native only to the Andes of Peru	spiky-cactus	SC011001	1,4	30,31,32	5,7	home-garden,plants	1	preview/78/charles-deluvio-695736-unsplash__preview.jpg	\N		\N	t	t	67	1	35	35	\N	1550	1860
en	t	Tulip Pot	Tulip Pot	Bright crimson red species tulip with black centers, the poppy-like flowers will open up in full sun. Ideal for rock gardens, pots and border edging.	tulip-pot	A58477	1,4	30,31,32,33	5,7	home-garden,plants	1	preview/14/natalia-y-345738-unsplash__preview.jpg	\N		\N	t	t	68	1	36	36	\N	675	810
en	t	Hanging Plant	Hanging Plant	Can be found in tropical and sub-tropical America where it grows on the branches of trees, but also on telephone wires and electricity cables and poles that sometimes topple with the weight of these plants. This plant loves a moist and warm air.	hanging-plant	A44223	1,4	30,31,33	5,7	home-garden,plants	1	preview/5b/alex-rodriguez-santibanez-200278-unsplash__preview.jpg	\N		\N	t	t	69	1	37	37	\N	1995	2394
en	t	Aloe Vera	Aloe Vera	Decorative Aloe vera makes a lovely house plant. A really trendy plant, Aloe vera is just so easy to care for. Aloe vera sap has been renowned for its remarkable medicinal and cosmetic properties for many centuries and has been used to treat grazes, insect bites and sunburn - it really works.	aloe-vera	A44352	1,4	30,31,32	5,7	home-garden,plants	1	preview/29/silvia-agrasar-227575-unsplash__preview.jpg	\N		\N	t	t	70	1	38	38	\N	699	839
en	t	Fern Blechnum Gibbum	Fern Blechnum Gibbum	Create a tropical feel in your home with this lush green tree fern, it has decorative leaves and will develop a short slender trunk in time.	fern-blechnum-gibbum	A04851	1,4	30,31,33	5,7	home-garden,plants	1	preview/6d/caleb-george-536388-unsplash__preview.jpg	\N		\N	t	t	71	1	39	39	\N	895	1074
en	t	Assorted Indoor Succulents	Assorted Indoor Succulents	These assorted succulents come in a variety of different shapes and colours - each with their own unique personality. Succulents grow best in plenty of light: a sunny windowsill would be the ideal spot for them to thrive!	assorted-succulents	A08593	1,4	30,31,32	5,7	home-garden,plants	1	preview/81/annie-spratt-78044-unsplash__preview.jpg	\N		\N	t	t	72	1	40	40	\N	3250	3900
en	t	Orchid	Orchid	Gloriously elegant. It can go along with any interior as it is a neutral color and the most popular Phalaenopsis overall. 2 to 3 foot stems host large white flowers that can last for over 2 months.	orchid	ROR00221	1	30,31	5,7	home-garden,plants	1	preview/88/zoltan-kovacs-642412-unsplash__preview.jpg	\N		\N	t	t	73	1	41	41	\N	6500	7800
en	t	Bonsai Tree	Bonsai Tree	Excellent semi-evergreen bonsai. Indoors or out but needs some winter protection. All trees sent will leave the nursery in excellent condition and will be of equal quality or better than the photograph shown.	bonsai-tree	B01MXFLUSV	1	30,31	5,7	home-garden,plants	1	preview/f3/mark-tegethoff-667351-unsplash__preview.jpg	\N		\N	t	t	74	1	42	42	\N	1999	2399
en	t	Guardian Lion Statue	Guardian Lion Statue	Placing it at home or office can bring you fortune and prosperity, guard your house and ward off ill fortune.	guardian-lion-statue	GL34LLW11	1,3	30,34,35	5,6	home-garden,furniture	1	preview/44/vincent-liu-525429-unsplash__preview.jpg	\N		\N	t	t	75	1	43	43	\N	18853	22624
en	t	Hand Trowel	Hand Trowel	Hand trowel for garden cultivating hammer finish epoxy-coated head for improved resistance to rust, scratches, humidity and alkalines in the soil.	hand-trowel	4058NB/09	1	30,31	5,7	home-garden,plants	1	preview/7d/neslihan-gunaydin-3493-unsplash__preview.jpg	\N		\N	t	t	76	1	44	44	\N	499	599
en	t	Balloon Chair	Balloon Chair	A charming vintage white wooden chair featuring an extremely spherical pink balloon. The balloon may be detached and used for other purposes, for example as a party decoration.	balloon-chair	34-BC82444	1	30,34	5,6	home-garden,furniture	1	preview/ef/florian-klauer-14840-unsplash__preview.jpg	\N		\N	t	t	77	1	45	45	\N	6500	7800
en	t	Grey Fabric Sofa	Grey Fabric Sofa	Seat cushions filled with high resilience foam and polyester fibre wadding give comfortable support for your body, and easily regain their shape when you get up. The cover is easy to keep clean as it is removable and can be machine washed.	grey-fabric-sofa	CH00001-12	1,3	30,34,35	5,6	home-garden,furniture	1	preview/69/nathan-fertig-249917-unsplash__preview.jpg	\N		\N	t	t	78	1	46	46	\N	29500	35400
en	t	Leather Sofa	Leather Sofa	This premium, tan-brown bonded leather seat is part of the 'chill' sofa range. The lever activated recline feature makes it easy to adjust to any position. This smart, bustle back design with rounded tight padded arms has been designed with your comfort in mind. This well-padded chair has foam pocket sprung seat cushions and fibre-filled back cushions.	leather-sofa	CH00001-02	1,3	30,34,36	5,6	home-garden,furniture	1	preview/3e/paul-weaver-1120584-unsplash__preview.jpg	\N		\N	t	t	79	1	47	47	\N	124500	149400
en	t	Light Shade	Light Shade	Modern tapered white polycotton pendant shade with a metallic silver chrome interior finish for maximum light reflection. Reversible gimble so it can be used as a ceiling shade or as a lamp shade.	light-shade	B45809LSW	1	30,34	5,6	home-garden,furniture	1	preview/5f/pierre-chatel-innocenti-483198-unsplash__preview.jpg	\N		\N	t	t	80	1	48	48	\N	2845	3414
en	t	Wooden Side Desk	Wooden Side Desk	Drawer stops prevent the drawers from being pulled out too far. Built-in cable management for collecting cables and cords; out of sight but close at hand.	wooden-side-desk	304.096.29	1,3	30,34,37	5,6	home-garden,furniture	1	preview/40/abel-y-costa-716024-unsplash__preview.jpg	\N		\N	t	t	81	1	49	49	\N	12500	15000
en	t	Comfy Padded Chair	Comfy Padded Chair	You sit comfortably thanks to the shaped back. The chair frame is made of solid wood, which is a durable natural material.	comfy-padded-chair	404.068.14	1,3	30,34,35	5,6	home-garden,furniture	1	preview/3b/kari-shea-398668-unsplash__preview.jpg	\N		\N	t	t	82	1	50	50	\N	13000	15600
en	t	Black Eaves Chair	Black Eaves Chair	Comfortable to sit on thanks to the bowl-shaped seat and rounded shape of the backrest. No tools are required to assemble the chair, you just click it together with a simple mechanism under the seat.	black-eaves-chair	003.600.02	1,3	30,34,27	5,6	home-garden,furniture	1	preview/09/andres-jasso-220776-unsplash__preview.jpg	\N		\N	t	t	83	1	51	51	\N	7000	8400
en	t	Wooden Stool	Wooden Stool	Solid wood is a hardwearing natural material, which can be sanded and surface treated as required.	wooden-stool	202.493.30	1,3	30,34,37	5,6	home-garden,furniture	1	preview/d0/ruslan-bardash-351288-unsplash__preview.jpg	\N		\N	t	t	84	1	52	52	\N	1400	1680
en	t	Bedside Table	Bedside Table	Every table is unique, with varying grain pattern and natural colour shifts that are part of the charm of wood.	bedside-table	404.290.14	1,3	30,34,28	5,6	home-garden,furniture	1	preview/72/benjamin-voros-310026-unsplash__preview.jpg	\N		\N	t	t	85	1	53	53	\N	13000	15600
en	t	Modern Cafe Chair	Modern Cafe Chair mustard	You sit comfortably thanks to the restful flexibility of the seat. Lightweight and easy to move around, yet stable enough even for the liveliest, young family members.	modern-cafe-chair	404.038.96	3,1	38,30,34	5,6	home-garden,furniture	1	preview/b1/jean-philippe-delberghe-1400011-unsplash__preview.jpg	\N		\N	t	t	86	1	54	54	\N	10000	12000
en	t	Modern Cafe Chair	Modern Cafe Chair mint	You sit comfortably thanks to the restful flexibility of the seat. Lightweight and easy to move around, yet stable enough even for the liveliest, young family members.	modern-cafe-chair	404.038.96	3,1	39,30,34	5,6	home-garden,furniture	1	preview/b1/jean-philippe-delberghe-1400011-unsplash__preview.jpg	\N		\N	t	t	87	1	54	54	\N	10000	12000
en	t	Modern Cafe Chair	Modern Cafe Chair pearl	You sit comfortably thanks to the restful flexibility of the seat. Lightweight and easy to move around, yet stable enough even for the liveliest, young family members.	modern-cafe-chair	404.038.96	3,1	28,30,34	5,6	home-garden,furniture	1	preview/b1/jean-philippe-delberghe-1400011-unsplash__preview.jpg	\N		\N	t	t	88	1	54	54	\N	10000	12000
\.


--
-- Data for Name: seller; Type: TABLE DATA; Schema: public; Owner: postgres
--

COPY public.seller ("createdAt", "updatedAt", "deletedAt", name, id) FROM stdin;
2025-05-25 16:20:33.326756	2025-05-25 16:20:33.326756	\N	Default Seller	1
\.


--
-- Data for Name: session; Type: TABLE DATA; Schema: public; Owner: postgres
--

COPY public.session ("createdAt", "updatedAt", token, expires, invalidated, "authenticationStrategy", id, "activeOrderId", "activeChannelId", type, "userId") FROM stdin;
2025-05-25 16:27:46.802577	2025-05-25 16:27:47.026069	ddf605817e2f455ad6e998facba60427efb0086e98d98919e3bf5dfdb1cdb56b	2026-05-26 00:27:46.992	f	native	2	\N	1	AuthenticatedSession	1
2025-05-25 19:40:39.627976	2025-05-25 19:41:43.410267	d404216fb9072529f74b61e98b00ee9836d553c40f8070e0ced52bbc10ec474f	2026-05-26 03:40:39.605	f	\N	5	1	1	AnonymousSession	\N
2025-06-03 16:35:43.720987	2025-06-03 16:35:43.748696	ff2bbf074aae5b0c2296194612d730961dc0d863973dd0a0bddbea5172e5189e	2026-06-04 00:35:43.721	f	\N	6	\N	1	AnonymousSession	\N
2025-06-03 16:35:43.754748	2025-06-03 16:35:43.771728	21cdb8f79671ab2848ab92d2e9a44d8aa9f7a0829348e5980cb345c1fb272b7c	2026-06-04 00:35:43.754	f	\N	7	\N	1	AnonymousSession	\N
2025-06-03 16:35:43.755153	2025-06-03 16:35:43.770702	c9dc1bdab3413f0a6839531ea542edf89e6571b2815f4414230f2e695ed9330f	2026-06-04 00:35:43.755	f	\N	8	\N	1	AnonymousSession	\N
\.


--
-- Data for Name: shipping_line; Type: TABLE DATA; Schema: public; Owner: postgres
--

COPY public.shipping_line ("createdAt", "updatedAt", "listPriceIncludesTax", adjustments, "taxLines", id, "shippingMethodId", "listPrice", "orderId") FROM stdin;
\.


--
-- Data for Name: shipping_method; Type: TABLE DATA; Schema: public; Owner: postgres
--

COPY public.shipping_method ("createdAt", "updatedAt", "deletedAt", code, checker, calculator, "fulfillmentHandlerCode", id) FROM stdin;
2025-05-25 16:20:35.534981	2025-05-25 16:20:35.534981	\N	standard-shipping	{"code":"default-shipping-eligibility-checker","args":[{"name":"orderMinimum","value":"0"}]}	{"code":"default-shipping-calculator","args":[{"name":"rate","value":"500"},{"name":"includesTax","value":"auto"},{"name":"taxRate","value":"0"}]}	manual-fulfillment	1
2025-05-25 16:20:35.548591	2025-05-25 16:20:35.548591	\N	express-shipping	{"code":"default-shipping-eligibility-checker","args":[{"name":"orderMinimum","value":"0"}]}	{"code":"default-shipping-calculator","args":[{"name":"rate","value":"1000"},{"name":"includesTax","value":"auto"},{"name":"taxRate","value":"0"}]}	manual-fulfillment	2
\.


--
-- Data for Name: shipping_method_channels_channel; Type: TABLE DATA; Schema: public; Owner: postgres
--

COPY public.shipping_method_channels_channel ("shippingMethodId", "channelId") FROM stdin;
1	1
2	1
\.


--
-- Data for Name: shipping_method_translation; Type: TABLE DATA; Schema: public; Owner: postgres
--

COPY public.shipping_method_translation ("createdAt", "updatedAt", "languageCode", name, description, id, "baseId") FROM stdin;
2025-05-25 16:20:35.531064	2025-05-25 16:20:35.534981	en	Standard Shipping		1	1
2025-05-25 16:20:35.545983	2025-05-25 16:20:35.548591	en	Express Shipping		2	2
\.


--
-- Data for Name: stock_level; Type: TABLE DATA; Schema: public; Owner: postgres
--

COPY public.stock_level ("createdAt", "updatedAt", "stockOnHand", "stockAllocated", id, "productVariantId", "stockLocationId") FROM stdin;
2025-05-25 16:20:35.733943	2025-05-25 16:20:35.7412	100	0	1	1	1
2025-05-25 16:20:35.757523	2025-05-25 16:20:35.762924	100	0	2	2	1
2025-05-25 16:20:35.775035	2025-05-25 16:20:35.778901	100	0	3	3	1
2025-05-25 16:20:35.797725	2025-05-25 16:20:35.803784	100	0	4	4	1
2025-05-25 16:20:35.863554	2025-05-25 16:20:35.868919	100	0	5	5	1
2025-05-25 16:20:35.881508	2025-05-25 16:20:35.886997	100	0	6	6	1
2025-05-25 16:20:35.928543	2025-05-25 16:20:35.932989	100	0	7	7	1
2025-05-25 16:20:35.983238	2025-05-25 16:20:35.988981	100	0	8	8	1
2025-05-25 16:20:36.0454	2025-05-25 16:20:36.051139	100	0	9	9	1
2025-05-25 16:20:36.063235	2025-05-25 16:20:36.069262	100	0	10	10	1
2025-05-25 16:20:36.139611	2025-05-25 16:20:36.145221	100	0	11	11	1
2025-05-25 16:20:36.159461	2025-05-25 16:20:36.165136	100	0	12	12	1
2025-05-25 16:20:36.177352	2025-05-25 16:20:36.183069	100	0	13	13	1
2025-05-25 16:20:36.265193	2025-05-25 16:20:36.268944	100	0	14	14	1
2025-05-25 16:20:36.281219	2025-05-25 16:20:36.286855	100	0	15	15	1
2025-05-25 16:20:36.299135	2025-05-25 16:20:36.30297	100	0	16	16	1
2025-05-25 16:20:36.315151	2025-05-25 16:20:36.318903	100	0	17	17	1
2025-05-25 16:20:36.387193	2025-05-25 16:20:36.390887	100	0	18	18	1
2025-05-25 16:20:36.403174	2025-05-25 16:20:36.406912	100	0	19	19	1
2025-05-25 16:20:36.423372	2025-05-25 16:20:36.428783	100	0	20	20	1
2025-05-25 16:20:36.44515	2025-05-25 16:20:36.450886	100	0	21	21	1
2025-05-25 16:20:36.463307	2025-05-25 16:20:36.468875	100	0	22	22	1
2025-05-25 16:20:36.501078	2025-05-25 16:20:36.504918	100	0	23	23	1
2025-05-25 16:20:36.541248	2025-05-25 16:20:36.545139	100	0	24	24	1
2025-05-25 16:20:36.577722	2025-05-25 16:20:36.582762	100	0	25	25	1
2025-05-25 16:20:36.633277	2025-05-25 16:20:36.641293	100	0	26	26	1
2025-05-25 16:20:36.679196	2025-05-25 16:20:36.682869	100	0	27	27	1
2025-05-25 16:20:36.721078	2025-05-25 16:20:36.724839	100	0	28	28	1
2025-05-25 16:20:36.763088	2025-05-25 16:20:36.766908	100	0	29	29	1
2025-05-25 16:20:36.807168	2025-05-25 16:20:36.810868	100	0	30	30	1
2025-05-25 16:20:36.863231	2025-05-25 16:20:36.867314	100	0	31	31	1
2025-05-25 16:20:36.90319	2025-05-25 16:20:36.906937	100	0	32	32	1
2025-05-25 16:20:36.94338	2025-05-25 16:20:36.949259	100	0	33	33	1
2025-05-25 16:20:36.991337	2025-05-25 16:20:36.996877	100	0	34	34	1
2025-05-25 16:20:37.053546	2025-05-25 16:20:37.059113	100	0	35	35	1
2025-05-25 16:20:37.105378	2025-05-25 16:20:37.111027	100	0	36	36	1
2025-05-25 16:20:37.147328	2025-05-25 16:20:37.153	100	0	37	37	1
2025-05-25 16:20:37.195339	2025-05-25 16:20:37.203333	100	0	38	38	1
2025-05-25 16:20:37.239467	2025-05-25 16:20:37.247065	100	0	39	39	1
2025-05-25 16:20:37.295433	2025-05-25 16:20:37.301017	100	0	40	40	1
2025-05-25 16:20:37.343246	2025-05-25 16:20:37.346933	100	0	41	41	1
2025-05-25 16:20:37.38315	2025-05-25 16:20:37.386936	100	0	42	42	1
2025-05-25 16:20:37.513425	2025-05-25 16:20:37.51916	100	0	43	43	1
2025-05-25 16:20:37.53109	2025-05-25 16:20:37.534878	100	0	44	44	1
2025-05-25 16:20:37.547365	2025-05-25 16:20:37.555116	100	0	45	45	1
2025-05-25 16:20:37.567318	2025-05-25 16:20:37.573073	100	0	46	46	1
2025-05-25 16:20:37.64115	2025-05-25 16:20:37.644913	100	0	47	47	1
2025-05-25 16:20:37.657242	2025-05-25 16:20:37.665065	100	0	48	48	1
2025-05-25 16:20:37.681658	2025-05-25 16:20:37.687063	100	0	49	49	1
2025-05-25 16:20:37.701149	2025-05-25 16:20:37.704919	100	0	50	50	1
2025-05-25 16:20:37.773292	2025-05-25 16:20:37.778901	100	0	51	51	1
2025-05-25 16:20:37.791276	2025-05-25 16:20:37.797045	100	0	52	52	1
2025-05-25 16:20:37.81316	2025-05-25 16:20:37.816917	100	0	53	53	1
2025-05-25 16:20:37.829355	2025-05-25 16:20:37.834885	100	0	54	54	1
2025-05-25 16:20:37.899146	2025-05-25 16:20:37.903035	100	0	55	55	1
2025-05-25 16:20:37.915083	2025-05-25 16:20:37.918931	100	0	56	56	1
2025-05-25 16:20:37.931239	2025-05-25 16:20:37.93698	100	0	57	57	1
2025-05-25 16:20:37.95124	2025-05-25 16:20:37.954943	100	0	58	58	1
2025-05-25 16:20:38.011224	2025-05-25 16:20:38.014837	100	0	59	59	1
2025-05-25 16:20:38.027207	2025-05-25 16:20:38.030874	100	0	60	60	1
2025-05-25 16:20:38.041151	2025-05-25 16:20:38.044846	100	0	61	61	1
2025-05-25 16:20:38.057145	2025-05-25 16:20:38.06083	100	0	62	62	1
2025-05-25 16:20:38.133268	2025-05-25 16:20:38.140028	100	0	63	63	1
2025-05-25 16:20:38.153273	2025-05-25 16:20:38.159036	100	0	64	64	1
2025-05-25 16:20:38.171045	2025-05-25 16:20:38.174987	100	0	65	65	1
2025-05-25 16:20:38.187367	2025-05-25 16:20:38.192979	100	0	66	66	1
2025-05-25 16:20:38.25746	2025-05-25 16:20:38.262963	100	0	67	67	1
2025-05-25 16:20:38.303099	2025-05-25 16:20:38.308827	100	0	68	68	1
2025-05-25 16:20:38.345119	2025-05-25 16:20:38.349088	100	0	69	69	1
2025-05-25 16:20:38.381353	2025-05-25 16:20:38.386965	100	0	70	70	1
2025-05-25 16:20:38.423185	2025-05-25 16:20:38.426905	100	0	71	71	1
2025-05-25 16:20:38.46137	2025-05-25 16:20:38.467038	100	0	72	72	1
2025-05-25 16:20:38.499066	2025-05-25 16:20:38.507022	100	0	73	73	1
2025-05-25 16:20:38.545514	2025-05-25 16:20:38.55098	100	0	74	74	1
2025-05-25 16:20:38.597147	2025-05-25 16:20:38.600916	100	0	75	75	1
2025-05-25 16:20:38.635374	2025-05-25 16:20:38.640952	100	0	76	76	1
2025-05-25 16:20:38.669123	2025-05-25 16:20:38.673015	100	0	77	77	1
2025-05-25 16:20:38.70725	2025-05-25 16:20:38.715295	100	0	78	78	1
2025-05-25 16:20:38.753301	2025-05-25 16:20:38.758965	100	0	79	79	1
2025-05-25 16:20:38.792526	2025-05-25 16:20:38.796986	100	0	80	80	1
2025-05-25 16:20:38.839496	2025-05-25 16:20:38.844987	100	0	81	81	1
2025-05-25 16:20:38.881492	2025-05-25 16:20:38.886947	100	0	82	82	1
2025-05-25 16:20:38.925263	2025-05-25 16:20:38.930968	100	0	83	83	1
2025-05-25 16:20:38.965169	2025-05-25 16:20:38.968859	100	0	84	84	1
2025-05-25 16:20:39.007482	2025-05-25 16:20:39.013291	100	0	85	85	1
2025-05-25 16:20:39.07522	2025-05-25 16:20:39.081006	100	0	86	86	1
2025-05-25 16:20:39.101182	2025-05-25 16:20:39.106896	100	0	87	87	1
2025-05-25 16:20:39.119829	2025-05-25 16:20:39.127205	100	0	88	88	1
\.


--
-- Data for Name: stock_location; Type: TABLE DATA; Schema: public; Owner: postgres
--

COPY public.stock_location ("createdAt", "updatedAt", name, description, id) FROM stdin;
2025-05-25 16:20:33.55651	2025-05-25 16:20:33.55651	Default Stock Location	The default stock location	1
\.


--
-- Data for Name: stock_location_channels_channel; Type: TABLE DATA; Schema: public; Owner: postgres
--

COPY public.stock_location_channels_channel ("stockLocationId", "channelId") FROM stdin;
1	1
\.


--
-- Data for Name: stock_movement; Type: TABLE DATA; Schema: public; Owner: postgres
--

COPY public.stock_movement ("createdAt", "updatedAt", type, quantity, id, "stockLocationId", discriminator, "productVariantId", "orderLineId") FROM stdin;
2025-05-25 16:20:35.736576	2025-05-25 16:20:35.736576	ADJUSTMENT	100	1	1	StockAdjustment	1	\N
2025-05-25 16:20:35.76069	2025-05-25 16:20:35.76069	ADJUSTMENT	100	2	1	StockAdjustment	2	\N
2025-05-25 16:20:35.77656	2025-05-25 16:20:35.77656	ADJUSTMENT	100	3	1	StockAdjustment	3	\N
2025-05-25 16:20:35.800651	2025-05-25 16:20:35.800651	ADJUSTMENT	100	4	1	StockAdjustment	4	\N
2025-05-25 16:20:35.866494	2025-05-25 16:20:35.866494	ADJUSTMENT	100	5	1	StockAdjustment	5	\N
2025-05-25 16:20:35.884538	2025-05-25 16:20:35.884538	ADJUSTMENT	100	6	1	StockAdjustment	6	\N
2025-05-25 16:20:35.930578	2025-05-25 16:20:35.930578	ADJUSTMENT	100	7	1	StockAdjustment	7	\N
2025-05-25 16:20:35.986553	2025-05-25 16:20:35.986553	ADJUSTMENT	100	8	1	StockAdjustment	8	\N
2025-05-25 16:20:36.048529	2025-05-25 16:20:36.048529	ADJUSTMENT	100	9	1	StockAdjustment	9	\N
2025-05-25 16:20:36.066652	2025-05-25 16:20:36.066652	ADJUSTMENT	100	10	1	StockAdjustment	10	\N
2025-05-25 16:20:36.142639	2025-05-25 16:20:36.142639	ADJUSTMENT	100	11	1	StockAdjustment	11	\N
2025-05-25 16:20:36.162523	2025-05-25 16:20:36.162523	ADJUSTMENT	100	12	1	StockAdjustment	12	\N
2025-05-25 16:20:36.180508	2025-05-25 16:20:36.180508	ADJUSTMENT	100	13	1	StockAdjustment	13	\N
2025-05-25 16:20:36.266633	2025-05-25 16:20:36.266633	ADJUSTMENT	100	14	1	StockAdjustment	14	\N
2025-05-25 16:20:36.284502	2025-05-25 16:20:36.284502	ADJUSTMENT	100	15	1	StockAdjustment	15	\N
2025-05-25 16:20:36.300631	2025-05-25 16:20:36.300631	ADJUSTMENT	100	16	1	StockAdjustment	16	\N
2025-05-25 16:20:36.316704	2025-05-25 16:20:36.316704	ADJUSTMENT	100	17	1	StockAdjustment	17	\N
2025-05-25 16:20:36.388696	2025-05-25 16:20:36.388696	ADJUSTMENT	100	18	1	StockAdjustment	18	\N
2025-05-25 16:20:36.404659	2025-05-25 16:20:36.404659	ADJUSTMENT	100	19	1	StockAdjustment	19	\N
2025-05-25 16:20:36.42696	2025-05-25 16:20:36.42696	ADJUSTMENT	100	20	1	StockAdjustment	20	\N
2025-05-25 16:20:36.448535	2025-05-25 16:20:36.448535	ADJUSTMENT	100	21	1	StockAdjustment	21	\N
2025-05-25 16:20:36.466624	2025-05-25 16:20:36.466624	ADJUSTMENT	100	22	1	StockAdjustment	22	\N
2025-05-25 16:20:36.502474	2025-05-25 16:20:36.502474	ADJUSTMENT	100	23	1	StockAdjustment	23	\N
2025-05-25 16:20:36.54268	2025-05-25 16:20:36.54268	ADJUSTMENT	100	24	1	StockAdjustment	24	\N
2025-05-25 16:20:36.58051	2025-05-25 16:20:36.58051	ADJUSTMENT	100	25	1	StockAdjustment	25	\N
2025-05-25 16:20:36.638163	2025-05-25 16:20:36.638163	ADJUSTMENT	100	26	1	StockAdjustment	26	\N
2025-05-25 16:20:36.680578	2025-05-25 16:20:36.680578	ADJUSTMENT	100	27	1	StockAdjustment	27	\N
2025-05-25 16:20:36.72252	2025-05-25 16:20:36.72252	ADJUSTMENT	100	28	1	StockAdjustment	28	\N
2025-05-25 16:20:36.764551	2025-05-25 16:20:36.764551	ADJUSTMENT	100	29	1	StockAdjustment	29	\N
2025-05-25 16:20:36.808515	2025-05-25 16:20:36.808515	ADJUSTMENT	100	30	1	StockAdjustment	30	\N
2025-05-25 16:20:36.864667	2025-05-25 16:20:36.864667	ADJUSTMENT	100	31	1	StockAdjustment	31	\N
2025-05-25 16:20:36.90462	2025-05-25 16:20:36.90462	ADJUSTMENT	100	32	1	StockAdjustment	32	\N
2025-05-25 16:20:36.946559	2025-05-25 16:20:36.946559	ADJUSTMENT	100	33	1	StockAdjustment	33	\N
2025-05-25 16:20:36.994512	2025-05-25 16:20:36.994512	ADJUSTMENT	100	34	1	StockAdjustment	34	\N
2025-05-25 16:20:37.056607	2025-05-25 16:20:37.056607	ADJUSTMENT	100	35	1	StockAdjustment	35	\N
2025-05-25 16:20:37.108592	2025-05-25 16:20:37.108592	ADJUSTMENT	100	36	1	StockAdjustment	36	\N
2025-05-25 16:20:37.150595	2025-05-25 16:20:37.150595	ADJUSTMENT	100	37	1	StockAdjustment	37	\N
2025-05-25 16:20:37.19894	2025-05-25 16:20:37.19894	ADJUSTMENT	100	38	1	StockAdjustment	38	\N
2025-05-25 16:20:37.242597	2025-05-25 16:20:37.242597	ADJUSTMENT	100	39	1	StockAdjustment	39	\N
2025-05-25 16:20:37.298566	2025-05-25 16:20:37.298566	ADJUSTMENT	100	40	1	StockAdjustment	40	\N
2025-05-25 16:20:37.344668	2025-05-25 16:20:37.344668	ADJUSTMENT	100	41	1	StockAdjustment	41	\N
2025-05-25 16:20:37.384575	2025-05-25 16:20:37.384575	ADJUSTMENT	100	42	1	StockAdjustment	42	\N
2025-05-25 16:20:37.516626	2025-05-25 16:20:37.516626	ADJUSTMENT	100	43	1	StockAdjustment	43	\N
2025-05-25 16:20:37.532584	2025-05-25 16:20:37.532584	ADJUSTMENT	100	44	1	StockAdjustment	44	\N
2025-05-25 16:20:37.550848	2025-05-25 16:20:37.550848	ADJUSTMENT	100	45	1	StockAdjustment	45	\N
2025-05-25 16:20:37.570604	2025-05-25 16:20:37.570604	ADJUSTMENT	100	46	1	StockAdjustment	46	\N
2025-05-25 16:20:37.642585	2025-05-25 16:20:37.642585	ADJUSTMENT	100	47	1	StockAdjustment	47	\N
2025-05-25 16:20:37.660521	2025-05-25 16:20:37.660521	ADJUSTMENT	100	48	1	StockAdjustment	48	\N
2025-05-25 16:20:37.684599	2025-05-25 16:20:37.684599	ADJUSTMENT	100	49	1	StockAdjustment	49	\N
2025-05-25 16:20:37.702656	2025-05-25 16:20:37.702656	ADJUSTMENT	100	50	1	StockAdjustment	50	\N
2025-05-25 16:20:37.776523	2025-05-25 16:20:37.776523	ADJUSTMENT	100	51	1	StockAdjustment	51	\N
2025-05-25 16:20:37.794599	2025-05-25 16:20:37.794599	ADJUSTMENT	100	52	1	StockAdjustment	52	\N
2025-05-25 16:20:37.81449	2025-05-25 16:20:37.81449	ADJUSTMENT	100	53	1	StockAdjustment	53	\N
2025-05-25 16:20:37.832583	2025-05-25 16:20:37.832583	ADJUSTMENT	100	54	1	StockAdjustment	54	\N
2025-05-25 16:20:37.900708	2025-05-25 16:20:37.900708	ADJUSTMENT	100	55	1	StockAdjustment	55	\N
2025-05-25 16:20:37.916562	2025-05-25 16:20:37.916562	ADJUSTMENT	100	56	1	StockAdjustment	56	\N
2025-05-25 16:20:37.93463	2025-05-25 16:20:37.93463	ADJUSTMENT	100	57	1	StockAdjustment	57	\N
2025-05-25 16:20:37.952661	2025-05-25 16:20:37.952661	ADJUSTMENT	100	58	1	StockAdjustment	58	\N
2025-05-25 16:20:38.012612	2025-05-25 16:20:38.012612	ADJUSTMENT	100	59	1	StockAdjustment	59	\N
2025-05-25 16:20:38.028665	2025-05-25 16:20:38.028665	ADJUSTMENT	100	60	1	StockAdjustment	60	\N
2025-05-25 16:20:38.042504	2025-05-25 16:20:38.042504	ADJUSTMENT	100	61	1	StockAdjustment	61	\N
2025-05-25 16:20:38.05859	2025-05-25 16:20:38.05859	ADJUSTMENT	100	62	1	StockAdjustment	62	\N
2025-05-25 16:20:38.136584	2025-05-25 16:20:38.136584	ADJUSTMENT	100	63	1	StockAdjustment	63	\N
2025-05-25 16:20:38.156502	2025-05-25 16:20:38.156502	ADJUSTMENT	100	64	1	StockAdjustment	64	\N
2025-05-25 16:20:38.172632	2025-05-25 16:20:38.172632	ADJUSTMENT	100	65	1	StockAdjustment	65	\N
2025-05-25 16:20:38.190515	2025-05-25 16:20:38.190515	ADJUSTMENT	100	66	1	StockAdjustment	66	\N
2025-05-25 16:20:38.26075	2025-05-25 16:20:38.26075	ADJUSTMENT	100	67	1	StockAdjustment	67	\N
2025-05-25 16:20:38.306728	2025-05-25 16:20:38.306728	ADJUSTMENT	100	68	1	StockAdjustment	68	\N
2025-05-25 16:20:38.346583	2025-05-25 16:20:38.346583	ADJUSTMENT	100	69	1	StockAdjustment	69	\N
2025-05-25 16:20:38.384464	2025-05-25 16:20:38.384464	ADJUSTMENT	100	70	1	StockAdjustment	70	\N
2025-05-25 16:20:38.424806	2025-05-25 16:20:38.424806	ADJUSTMENT	100	71	1	StockAdjustment	71	\N
2025-05-25 16:20:38.464611	2025-05-25 16:20:38.464611	ADJUSTMENT	100	72	1	StockAdjustment	72	\N
2025-05-25 16:20:38.503062	2025-05-25 16:20:38.503062	ADJUSTMENT	100	73	1	StockAdjustment	73	\N
2025-05-25 16:20:38.548627	2025-05-25 16:20:38.548627	ADJUSTMENT	100	74	1	StockAdjustment	74	\N
2025-05-25 16:20:38.598543	2025-05-25 16:20:38.598543	ADJUSTMENT	100	75	1	StockAdjustment	75	\N
2025-05-25 16:20:38.638765	2025-05-25 16:20:38.638765	ADJUSTMENT	100	76	1	StockAdjustment	76	\N
2025-05-25 16:20:38.670434	2025-05-25 16:20:38.670434	ADJUSTMENT	100	77	1	StockAdjustment	77	\N
2025-05-25 16:20:38.710485	2025-05-25 16:20:38.710485	ADJUSTMENT	100	78	1	StockAdjustment	78	\N
2025-05-25 16:20:38.756632	2025-05-25 16:20:38.756632	ADJUSTMENT	100	79	1	StockAdjustment	79	\N
2025-05-25 16:20:38.794617	2025-05-25 16:20:38.794617	ADJUSTMENT	100	80	1	StockAdjustment	80	\N
2025-05-25 16:20:38.842772	2025-05-25 16:20:38.842772	ADJUSTMENT	100	81	1	StockAdjustment	81	\N
2025-05-25 16:20:38.884634	2025-05-25 16:20:38.884634	ADJUSTMENT	100	82	1	StockAdjustment	82	\N
2025-05-25 16:20:39.010734	2025-05-25 16:20:39.010734	ADJUSTMENT	100	85	1	StockAdjustment	85	\N
2025-05-25 16:20:39.104547	2025-05-25 16:20:39.104547	ADJUSTMENT	100	87	1	StockAdjustment	87	\N
2025-05-25 16:20:38.928602	2025-05-25 16:20:38.928602	ADJUSTMENT	100	83	1	StockAdjustment	83	\N
2025-05-25 16:20:38.966621	2025-05-25 16:20:38.966621	ADJUSTMENT	100	84	1	StockAdjustment	84	\N
2025-05-25 16:20:39.078616	2025-05-25 16:20:39.078616	ADJUSTMENT	100	86	1	StockAdjustment	86	\N
2025-05-25 16:20:39.122633	2025-05-25 16:20:39.122633	ADJUSTMENT	100	88	1	StockAdjustment	88	\N
\.


--
-- Data for Name: surcharge; Type: TABLE DATA; Schema: public; Owner: postgres
--

COPY public.surcharge ("createdAt", "updatedAt", description, "listPriceIncludesTax", sku, "taxLines", id, "listPrice", "orderId", "orderModificationId") FROM stdin;
\.


--
-- Data for Name: tag; Type: TABLE DATA; Schema: public; Owner: postgres
--

COPY public.tag ("createdAt", "updatedAt", value, id) FROM stdin;
\.


--
-- Data for Name: tax_category; Type: TABLE DATA; Schema: public; Owner: postgres
--

COPY public.tax_category ("createdAt", "updatedAt", name, "isDefault", id) FROM stdin;
2025-05-25 16:20:35.434205	2025-05-25 16:20:35.434205	Standard Tax	f	1
2025-05-25 16:20:35.470593	2025-05-25 16:20:35.470593	Reduced Tax	f	2
2025-05-25 16:20:35.498707	2025-05-25 16:20:35.498707	Zero Tax	f	3
\.


--
-- Data for Name: tax_rate; Type: TABLE DATA; Schema: public; Owner: postgres
--

COPY public.tax_rate ("createdAt", "updatedAt", name, enabled, value, id, "categoryId", "zoneId", "customerGroupId") FROM stdin;
2025-05-25 16:20:35.439965	2025-05-25 16:20:35.439965	Standard Tax Asia	t	20.00	1	1	1	\N
2025-05-25 16:20:35.44746	2025-05-25 16:20:35.44746	Standard Tax Europe	t	20.00	2	1	2	\N
2025-05-25 16:20:35.45383	2025-05-25 16:20:35.45383	Standard Tax Africa	t	20.00	3	1	3	\N
2025-05-25 16:20:35.459436	2025-05-25 16:20:35.459436	Standard Tax Oceania	t	20.00	4	1	4	\N
2025-05-25 16:20:35.465216	2025-05-25 16:20:35.465216	Standard Tax Americas	t	20.00	5	1	5	\N
2025-05-25 16:20:35.473394	2025-05-25 16:20:35.473394	Reduced Tax Asia	t	10.00	6	2	1	\N
2025-05-25 16:20:35.478924	2025-05-25 16:20:35.478924	Reduced Tax Europe	t	10.00	7	2	2	\N
2025-05-25 16:20:35.48308	2025-05-25 16:20:35.48308	Reduced Tax Africa	t	10.00	8	2	3	\N
2025-05-25 16:20:35.487192	2025-05-25 16:20:35.487192	Reduced Tax Oceania	t	10.00	9	2	4	\N
2025-05-25 16:20:35.49349	2025-05-25 16:20:35.49349	Reduced Tax Americas	t	10.00	10	2	5	\N
2025-05-25 16:20:35.501481	2025-05-25 16:20:35.501481	Zero Tax Asia	t	0.00	11	3	1	\N
2025-05-25 16:20:35.507208	2025-05-25 16:20:35.507208	Zero Tax Europe	t	0.00	12	3	2	\N
2025-05-25 16:20:35.513231	2025-05-25 16:20:35.513231	Zero Tax Africa	t	0.00	13	3	3	\N
2025-05-25 16:20:35.51943	2025-05-25 16:20:35.51943	Zero Tax Oceania	t	0.00	14	3	4	\N
2025-05-25 16:20:35.525955	2025-05-25 16:20:35.525955	Zero Tax Americas	t	0.00	15	3	5	\N
\.


--
-- Data for Name: user; Type: TABLE DATA; Schema: public; Owner: postgres
--

COPY public."user" ("createdAt", "updatedAt", "deletedAt", identifier, verified, "lastLogin", id) FROM stdin;
2025-05-25 16:20:33.53293	2025-05-25 16:27:46.802577	\N	superadmin	t	2025-05-25 18:27:46.985	1
\.


--
-- Data for Name: user_roles_role; Type: TABLE DATA; Schema: public; Owner: postgres
--

COPY public.user_roles_role ("userId", "roleId") FROM stdin;
1	1
\.


--
-- Data for Name: zone; Type: TABLE DATA; Schema: public; Owner: postgres
--

COPY public.zone ("createdAt", "updatedAt", name, id) FROM stdin;
2025-05-25 16:20:33.795497	2025-05-25 16:20:33.795497	Asia	1
2025-05-25 16:20:33.811825	2025-05-25 16:20:33.811825	Europe	2
2025-05-25 16:20:33.833809	2025-05-25 16:20:33.833809	Africa	3
2025-05-25 16:20:33.845604	2025-05-25 16:20:33.845604	Oceania	4
2025-05-25 16:20:33.871563	2025-05-25 16:20:33.871563	Americas	5
\.


--
-- Data for Name: zone_members_region; Type: TABLE DATA; Schema: public; Owner: postgres
--

COPY public.zone_members_region ("zoneId", "regionId") FROM stdin;
1	1
1	11
1	15
1	17
1	18
1	25
1	33
1	38
1	45
1	58
1	82
1	100
1	103
1	104
1	105
1	106
1	109
1	112
1	114
1	115
1	118
1	119
1	120
1	121
1	122
1	124
1	131
1	135
1	136
1	148
1	153
1	156
1	167
1	168
1	170
1	175
1	180
1	195
1	200
1	210
1	216
1	217
1	218
1	220
1	221
1	227
1	228
1	233
1	238
1	241
1	246
2	2
2	3
2	6
2	14
2	20
2	21
2	28
2	34
2	55
2	59
2	60
2	69
2	73
2	75
2	76
2	83
2	85
2	86
2	92
2	98
2	101
2	102
2	107
2	108
2	110
2	113
2	123
2	128
2	129
2	130
2	132
2	138
2	146
2	147
2	149
2	157
2	166
2	177
2	178
2	182
2	183
2	193
2	197
2	202
2	203
2	209
2	213
2	214
2	215
2	232
2	234
3	4
3	7
3	23
3	29
3	32
3	35
3	36
3	37
3	39
3	42
3	43
3	49
3	50
3	51
3	54
3	61
3	65
3	67
3	68
3	70
3	71
3	79
3	80
3	81
3	84
3	93
3	94
3	116
3	125
3	126
3	127
3	133
3	134
3	137
3	141
3	142
3	143
3	151
3	152
3	154
3	161
3	162
3	181
3	184
3	186
3	194
3	196
3	198
3	199
3	205
3	206
3	208
3	211
3	219
3	222
3	226
3	231
3	245
3	247
3	248
4	5
4	13
4	46
4	47
4	52
4	74
4	78
4	90
4	97
4	117
4	139
4	145
4	155
4	158
4	159
4	163
4	164
4	165
4	169
4	172
4	176
4	192
4	204
4	223
4	224
4	230
4	236
4	239
4	244
5	8
5	9
5	10
5	12
5	16
5	19
5	22
5	24
5	26
5	27
5	30
5	31
5	40
5	41
5	44
5	48
5	53
5	56
5	57
5	62
5	63
5	64
5	66
5	72
5	77
5	87
5	88
5	89
5	91
5	95
5	96
5	99
5	111
5	140
5	144
5	150
5	160
5	171
5	173
5	174
5	179
5	185
5	187
5	188
5	189
5	190
5	191
5	201
5	207
5	212
5	225
5	229
5	235
5	237
5	240
5	242
5	243
\.


--
-- Name: address_id_seq; Type: SEQUENCE SET; Schema: public; Owner: postgres
--

SELECT pg_catalog.setval('public.address_id_seq', 1, false);


--
-- Name: administrator_id_seq; Type: SEQUENCE SET; Schema: public; Owner: postgres
--

SELECT pg_catalog.setval('public.administrator_id_seq', 1, true);


--
-- Name: asset_id_seq; Type: SEQUENCE SET; Schema: public; Owner: postgres
--

SELECT pg_catalog.setval('public.asset_id_seq', 54, true);


--
-- Name: authentication_method_id_seq; Type: SEQUENCE SET; Schema: public; Owner: postgres
--

SELECT pg_catalog.setval('public.authentication_method_id_seq', 1, true);


--
-- Name: channel_id_seq; Type: SEQUENCE SET; Schema: public; Owner: postgres
--

SELECT pg_catalog.setval('public.channel_id_seq', 1, true);


--
-- Name: collection_asset_id_seq; Type: SEQUENCE SET; Schema: public; Owner: postgres
--

SELECT pg_catalog.setval('public.collection_asset_id_seq', 9, true);


--
-- Name: collection_id_seq; Type: SEQUENCE SET; Schema: public; Owner: postgres
--

SELECT pg_catalog.setval('public.collection_id_seq', 10, true);


--
-- Name: collection_translation_id_seq; Type: SEQUENCE SET; Schema: public; Owner: postgres
--

SELECT pg_catalog.setval('public.collection_translation_id_seq', 10, true);


--
-- Name: customer_group_id_seq; Type: SEQUENCE SET; Schema: public; Owner: postgres
--

SELECT pg_catalog.setval('public.customer_group_id_seq', 1, false);


--
-- Name: customer_id_seq; Type: SEQUENCE SET; Schema: public; Owner: postgres
--

SELECT pg_catalog.setval('public.customer_id_seq', 1, false);


--
-- Name: facet_id_seq; Type: SEQUENCE SET; Schema: public; Owner: postgres
--

SELECT pg_catalog.setval('public.facet_id_seq', 4, true);


--
-- Name: facet_translation_id_seq; Type: SEQUENCE SET; Schema: public; Owner: postgres
--

SELECT pg_catalog.setval('public.facet_translation_id_seq', 4, true);


--
-- Name: facet_value_id_seq; Type: SEQUENCE SET; Schema: public; Owner: postgres
--

SELECT pg_catalog.setval('public.facet_value_id_seq', 39, true);


--
-- Name: facet_value_translation_id_seq; Type: SEQUENCE SET; Schema: public; Owner: postgres
--

SELECT pg_catalog.setval('public.facet_value_translation_id_seq', 39, true);


--
-- Name: fulfillment_id_seq; Type: SEQUENCE SET; Schema: public; Owner: postgres
--

SELECT pg_catalog.setval('public.fulfillment_id_seq', 1, false);


--
-- Name: global_settings_id_seq; Type: SEQUENCE SET; Schema: public; Owner: postgres
--

SELECT pg_catalog.setval('public.global_settings_id_seq', 1, true);


--
-- Name: history_entry_id_seq; Type: SEQUENCE SET; Schema: public; Owner: postgres
--

SELECT pg_catalog.setval('public.history_entry_id_seq', 1, true);


--
-- Name: job_record_buffer_id_seq; Type: SEQUENCE SET; Schema: public; Owner: postgres
--

SELECT pg_catalog.setval('public.job_record_buffer_id_seq', 1, false);


--
-- Name: job_record_id_seq; Type: SEQUENCE SET; Schema: public; Owner: postgres
--

SELECT pg_catalog.setval('public.job_record_id_seq', 115, true);


--
-- Name: migrations_id_seq; Type: SEQUENCE SET; Schema: public; Owner: postgres
--

SELECT pg_catalog.setval('public.migrations_id_seq', 1, false);


--
-- Name: order_id_seq; Type: SEQUENCE SET; Schema: public; Owner: postgres
--

SELECT pg_catalog.setval('public.order_id_seq', 1, true);


--
-- Name: order_line_id_seq; Type: SEQUENCE SET; Schema: public; Owner: postgres
--

SELECT pg_catalog.setval('public.order_line_id_seq', 2, true);


--
-- Name: order_line_reference_id_seq; Type: SEQUENCE SET; Schema: public; Owner: postgres
--

SELECT pg_catalog.setval('public.order_line_reference_id_seq', 1, false);


--
-- Name: order_modification_id_seq; Type: SEQUENCE SET; Schema: public; Owner: postgres
--

SELECT pg_catalog.setval('public.order_modification_id_seq', 1, false);


--
-- Name: payment_id_seq; Type: SEQUENCE SET; Schema: public; Owner: postgres
--

SELECT pg_catalog.setval('public.payment_id_seq', 1, false);


--
-- Name: payment_method_id_seq; Type: SEQUENCE SET; Schema: public; Owner: postgres
--

SELECT pg_catalog.setval('public.payment_method_id_seq', 1, true);


--
-- Name: payment_method_translation_id_seq; Type: SEQUENCE SET; Schema: public; Owner: postgres
--

SELECT pg_catalog.setval('public.payment_method_translation_id_seq', 1, true);


--
-- Name: product_asset_id_seq; Type: SEQUENCE SET; Schema: public; Owner: postgres
--

SELECT pg_catalog.setval('public.product_asset_id_seq', 54, true);


--
-- Name: product_id_seq; Type: SEQUENCE SET; Schema: public; Owner: postgres
--

SELECT pg_catalog.setval('public.product_id_seq', 54, true);


--
-- Name: product_option_group_id_seq; Type: SEQUENCE SET; Schema: public; Owner: postgres
--

SELECT pg_catalog.setval('public.product_option_group_id_seq', 15, true);


--
-- Name: product_option_group_translation_id_seq; Type: SEQUENCE SET; Schema: public; Owner: postgres
--

SELECT pg_catalog.setval('public.product_option_group_translation_id_seq', 15, true);


--
-- Name: product_option_id_seq; Type: SEQUENCE SET; Schema: public; Owner: postgres
--

SELECT pg_catalog.setval('public.product_option_id_seq', 47, true);


--
-- Name: product_option_translation_id_seq; Type: SEQUENCE SET; Schema: public; Owner: postgres
--

SELECT pg_catalog.setval('public.product_option_translation_id_seq', 47, true);


--
-- Name: product_translation_id_seq; Type: SEQUENCE SET; Schema: public; Owner: postgres
--

SELECT pg_catalog.setval('public.product_translation_id_seq', 54, true);


--
-- Name: product_variant_asset_id_seq; Type: SEQUENCE SET; Schema: public; Owner: postgres
--

SELECT pg_catalog.setval('public.product_variant_asset_id_seq', 1, false);


--
-- Name: product_variant_id_seq; Type: SEQUENCE SET; Schema: public; Owner: postgres
--

SELECT pg_catalog.setval('public.product_variant_id_seq', 88, true);


--
-- Name: product_variant_price_id_seq; Type: SEQUENCE SET; Schema: public; Owner: postgres
--

SELECT pg_catalog.setval('public.product_variant_price_id_seq', 88, true);


--
-- Name: product_variant_translation_id_seq; Type: SEQUENCE SET; Schema: public; Owner: postgres
--

SELECT pg_catalog.setval('public.product_variant_translation_id_seq', 88, true);


--
-- Name: promotion_id_seq; Type: SEQUENCE SET; Schema: public; Owner: postgres
--

SELECT pg_catalog.setval('public.promotion_id_seq', 1, false);


--
-- Name: promotion_translation_id_seq; Type: SEQUENCE SET; Schema: public; Owner: postgres
--

SELECT pg_catalog.setval('public.promotion_translation_id_seq', 1, false);


--
-- Name: refund_id_seq; Type: SEQUENCE SET; Schema: public; Owner: postgres
--

SELECT pg_catalog.setval('public.refund_id_seq', 1, false);


--
-- Name: region_id_seq; Type: SEQUENCE SET; Schema: public; Owner: postgres
--

SELECT pg_catalog.setval('public.region_id_seq', 248, true);


--
-- Name: region_translation_id_seq; Type: SEQUENCE SET; Schema: public; Owner: postgres
--

SELECT pg_catalog.setval('public.region_translation_id_seq', 248, true);


--
-- Name: role_id_seq; Type: SEQUENCE SET; Schema: public; Owner: postgres
--

SELECT pg_catalog.setval('public.role_id_seq', 5, true);


--
-- Name: scheduled_task_record_id_seq; Type: SEQUENCE SET; Schema: public; Owner: postgres
--

SELECT pg_catalog.setval('public.scheduled_task_record_id_seq', 6, true);


--
-- Name: seller_id_seq; Type: SEQUENCE SET; Schema: public; Owner: postgres
--

SELECT pg_catalog.setval('public.seller_id_seq', 1, true);


--
-- Name: session_id_seq; Type: SEQUENCE SET; Schema: public; Owner: postgres
--

SELECT pg_catalog.setval('public.session_id_seq', 8, true);


--
-- Name: shipping_line_id_seq; Type: SEQUENCE SET; Schema: public; Owner: postgres
--

SELECT pg_catalog.setval('public.shipping_line_id_seq', 1, false);


--
-- Name: shipping_method_id_seq; Type: SEQUENCE SET; Schema: public; Owner: postgres
--

SELECT pg_catalog.setval('public.shipping_method_id_seq', 2, true);


--
-- Name: shipping_method_translation_id_seq; Type: SEQUENCE SET; Schema: public; Owner: postgres
--

SELECT pg_catalog.setval('public.shipping_method_translation_id_seq', 2, true);


--
-- Name: stock_level_id_seq; Type: SEQUENCE SET; Schema: public; Owner: postgres
--

SELECT pg_catalog.setval('public.stock_level_id_seq', 88, true);


--
-- Name: stock_location_id_seq; Type: SEQUENCE SET; Schema: public; Owner: postgres
--

SELECT pg_catalog.setval('public.stock_location_id_seq', 1, true);


--
-- Name: stock_movement_id_seq; Type: SEQUENCE SET; Schema: public; Owner: postgres
--

SELECT pg_catalog.setval('public.stock_movement_id_seq', 88, true);


--
-- Name: surcharge_id_seq; Type: SEQUENCE SET; Schema: public; Owner: postgres
--

SELECT pg_catalog.setval('public.surcharge_id_seq', 1, false);


--
-- Name: tag_id_seq; Type: SEQUENCE SET; Schema: public; Owner: postgres
--

SELECT pg_catalog.setval('public.tag_id_seq', 1, false);


--
-- Name: tax_category_id_seq; Type: SEQUENCE SET; Schema: public; Owner: postgres
--

SELECT pg_catalog.setval('public.tax_category_id_seq', 3, true);


--
-- Name: tax_rate_id_seq; Type: SEQUENCE SET; Schema: public; Owner: postgres
--

SELECT pg_catalog.setval('public.tax_rate_id_seq', 15, true);


--
-- Name: user_id_seq; Type: SEQUENCE SET; Schema: public; Owner: postgres
--

SELECT pg_catalog.setval('public.user_id_seq', 1, true);


--
-- Name: zone_id_seq; Type: SEQUENCE SET; Schema: public; Owner: postgres
--

SELECT pg_catalog.setval('public.zone_id_seq', 5, true);


--
-- Name: order_promotions_promotion PK_001dfe7435f3946fbc2d66a4e92; Type: CONSTRAINT; Schema: public; Owner: postgres
--

ALTER TABLE ONLY public.order_promotions_promotion
    ADD CONSTRAINT "PK_001dfe7435f3946fbc2d66a4e92" PRIMARY KEY ("orderId", "promotionId");


--
-- Name: order_line PK_01a7c973d9f30479647e44f9892; Type: CONSTRAINT; Schema: public; Owner: postgres
--

ALTER TABLE ONLY public.order_line
    ADD CONSTRAINT "PK_01a7c973d9f30479647e44f9892" PRIMARY KEY (id);


--
-- Name: promotion_translation PK_0b4fd34d2fc7abc06189494a178; Type: CONSTRAINT; Schema: public; Owner: postgres
--

ALTER TABLE ONLY public.promotion_translation
    ADD CONSTRAINT "PK_0b4fd34d2fc7abc06189494a178" PRIMARY KEY (id);


--
-- Name: collection_channels_channel PK_0e292d80228c9b4a114d2b09476; Type: CONSTRAINT; Schema: public; Owner: postgres
--

ALTER TABLE ONLY public.collection_channels_channel
    ADD CONSTRAINT "PK_0e292d80228c9b4a114d2b09476" PRIMARY KEY ("collectionId", "channelId");


--
-- Name: customer_groups_customer_group PK_0f902789cba691ce7ebbc9fcaa6; Type: CONSTRAINT; Schema: public; Owner: postgres
--

ALTER TABLE ONLY public.customer_groups_customer_group
    ADD CONSTRAINT "PK_0f902789cba691ce7ebbc9fcaa6" PRIMARY KEY ("customerId", "customerGroupId");


--
-- Name: order PK_1031171c13130102495201e3e20; Type: CONSTRAINT; Schema: public; Owner: postgres
--

ALTER TABLE ONLY public."order"
    ADD CONSTRAINT "PK_1031171c13130102495201e3e20" PRIMARY KEY (id);


--
-- Name: asset PK_1209d107fe21482beaea51b745e; Type: CONSTRAINT; Schema: public; Owner: postgres
--

ALTER TABLE ONLY public.asset
    ADD CONSTRAINT "PK_1209d107fe21482beaea51b745e" PRIMARY KEY (id);


--
-- Name: product_variant_channels_channel PK_1a10ca648c3d73c0f2b455ae191; Type: CONSTRAINT; Schema: public; Owner: postgres
--

ALTER TABLE ONLY public.product_variant_channels_channel
    ADD CONSTRAINT "PK_1a10ca648c3d73c0f2b455ae191" PRIMARY KEY ("productVariantId", "channelId");


--
-- Name: product_variant PK_1ab69c9935c61f7c70791ae0a9f; Type: CONSTRAINT; Schema: public; Owner: postgres
--

ALTER TABLE ONLY public.product_variant
    ADD CONSTRAINT "PK_1ab69c9935c61f7c70791ae0a9f" PRIMARY KEY (id);


--
-- Name: order_line_reference PK_21891d07accb8fa87e11165bca2; Type: CONSTRAINT; Schema: public; Owner: postgres
--

ALTER TABLE ONLY public.order_line_reference
    ADD CONSTRAINT "PK_21891d07accb8fa87e11165bca2" PRIMARY KEY (id);


--
-- Name: tax_rate PK_23b71b53f650c0b39e99ccef4fd; Type: CONSTRAINT; Schema: public; Owner: postgres
--

ALTER TABLE ONLY public.tax_rate
    ADD CONSTRAINT "PK_23b71b53f650c0b39e99ccef4fd" PRIMARY KEY (id);


--
-- Name: tax_category PK_2432988f825c336d5584a96cded; Type: CONSTRAINT; Schema: public; Owner: postgres
--

ALTER TABLE ONLY public.tax_category
    ADD CONSTRAINT "PK_2432988f825c336d5584a96cded" PRIMARY KEY (id);


--
-- Name: customer_channels_channel PK_27e2fa538c020889d32a0a784e8; Type: CONSTRAINT; Schema: public; Owner: postgres
--

ALTER TABLE ONLY public.customer_channels_channel
    ADD CONSTRAINT "PK_27e2fa538c020889d32a0a784e8" PRIMARY KEY ("customerId", "channelId");


--
-- Name: seller PK_36445a9c6e794945a4a4a8d3c9d; Type: CONSTRAINT; Schema: public; Owner: postgres
--

ALTER TABLE ONLY public.seller
    ADD CONSTRAINT "PK_36445a9c6e794945a4a4a8d3c9d" PRIMARY KEY (id);


--
-- Name: order_channels_channel PK_39853134b20afe9dfb25de18292; Type: CONSTRAINT; Schema: public; Owner: postgres
--

ALTER TABLE ONLY public.order_channels_channel
    ADD CONSTRAINT "PK_39853134b20afe9dfb25de18292" PRIMARY KEY ("orderId", "channelId");


--
-- Name: region_translation PK_3e0c9619cafbe579eeecfd88abc; Type: CONSTRAINT; Schema: public; Owner: postgres
--

ALTER TABLE ONLY public.region_translation
    ADD CONSTRAINT "PK_3e0c9619cafbe579eeecfd88abc" PRIMARY KEY (id);


--
-- Name: order_fulfillments_fulfillment PK_414600087d71aee1583bc517590; Type: CONSTRAINT; Schema: public; Owner: postgres
--

ALTER TABLE ONLY public.order_fulfillments_fulfillment
    ADD CONSTRAINT "PK_414600087d71aee1583bc517590" PRIMARY KEY ("orderId", "fulfillmentId");


--
-- Name: product_option_group_translation PK_44ab19f118175288dff147c4a00; Type: CONSTRAINT; Schema: public; Owner: postgres
--

ALTER TABLE ONLY public.product_option_group_translation
    ADD CONSTRAINT "PK_44ab19f118175288dff147c4a00" PRIMARY KEY (id);


--
-- Name: promotion_channels_channel PK_4b34f9b7bf95a8d3dc7f7f6dd23; Type: CONSTRAINT; Schema: public; Owner: postgres
--

ALTER TABLE ONLY public.promotion_channels_channel
    ADD CONSTRAINT "PK_4b34f9b7bf95a8d3dc7f7f6dd23" PRIMARY KEY ("promotionId", "channelId");


--
-- Name: product_variant_translation PK_4b7f882e2b669800bed7ed065f0; Type: CONSTRAINT; Schema: public; Owner: postgres
--

ALTER TABLE ONLY public.product_variant_translation
    ADD CONSTRAINT "PK_4b7f882e2b669800bed7ed065f0" PRIMARY KEY (id);


--
-- Name: product_option PK_4cf3c467e9bc764bdd32c4cd938; Type: CONSTRAINT; Schema: public; Owner: postgres
--

ALTER TABLE ONLY public.product_option
    ADD CONSTRAINT "PK_4cf3c467e9bc764bdd32c4cd938" PRIMARY KEY (id);


--
-- Name: fulfillment PK_50c102da132afffae660585981f; Type: CONSTRAINT; Schema: public; Owner: postgres
--

ALTER TABLE ONLY public.fulfillment
    ADD CONSTRAINT "PK_50c102da132afffae660585981f" PRIMARY KEY (id);


--
-- Name: collection_product_variants_product_variant PK_50c5ed0504ded53967be811f633; Type: CONSTRAINT; Schema: public; Owner: postgres
--

ALTER TABLE ONLY public.collection_product_variants_product_variant
    ADD CONSTRAINT "PK_50c5ed0504ded53967be811f633" PRIMARY KEY ("collectionId", "productVariantId");


--
-- Name: channel PK_590f33ee6ee7d76437acf362e39; Type: CONSTRAINT; Schema: public; Owner: postgres
--

ALTER TABLE ONLY public.channel
    ADD CONSTRAINT "PK_590f33ee6ee7d76437acf362e39" PRIMARY KEY (id);


--
-- Name: region PK_5f48ffc3af96bc486f5f3f3a6da; Type: CONSTRAINT; Schema: public; Owner: postgres
--

ALTER TABLE ONLY public.region
    ADD CONSTRAINT "PK_5f48ffc3af96bc486f5f3f3a6da" PRIMARY KEY (id);


--
-- Name: product_translation PK_62d00fbc92e7a495701d6fee9d5; Type: CONSTRAINT; Schema: public; Owner: postgres
--

ALTER TABLE ONLY public.product_translation
    ADD CONSTRAINT "PK_62d00fbc92e7a495701d6fee9d5" PRIMARY KEY (id);


--
-- Name: search_index_item PK_6470dd173311562c89e5f80b30e; Type: CONSTRAINT; Schema: public; Owner: postgres
--

ALTER TABLE ONLY public.search_index_item
    ADD CONSTRAINT "PK_6470dd173311562c89e5f80b30e" PRIMARY KEY ("languageCode", "productVariantId", "channelId");


--
-- Name: facet_value_channels_channel PK_653fb72a256f100f52c573e419f; Type: CONSTRAINT; Schema: public; Owner: postgres
--

ALTER TABLE ONLY public.facet_value_channels_channel
    ADD CONSTRAINT "PK_653fb72a256f100f52c573e419f" PRIMARY KEY ("facetValueId", "channelId");


--
-- Name: product_option_translation PK_69c79a84baabcad3c7328576ac0; Type: CONSTRAINT; Schema: public; Owner: postgres
--

ALTER TABLE ONLY public.product_option_translation
    ADD CONSTRAINT "PK_69c79a84baabcad3c7328576ac0" PRIMARY KEY (id);


--
-- Name: role_channels_channel PK_6fb9277e9f11bb8a63445c36242; Type: CONSTRAINT; Schema: public; Owner: postgres
--

ALTER TABLE ONLY public.role_channels_channel
    ADD CONSTRAINT "PK_6fb9277e9f11bb8a63445c36242" PRIMARY KEY ("roleId", "channelId");


--
-- Name: product_channels_channel PK_722acbcc06403e693b518d2c345; Type: CONSTRAINT; Schema: public; Owner: postgres
--

ALTER TABLE ONLY public.product_channels_channel
    ADD CONSTRAINT "PK_722acbcc06403e693b518d2c345" PRIMARY KEY ("productId", "channelId");


--
-- Name: payment_method PK_7744c2b2dd932c9cf42f2b9bc3a; Type: CONSTRAINT; Schema: public; Owner: postgres
--

ALTER TABLE ONLY public.payment_method
    ADD CONSTRAINT "PK_7744c2b2dd932c9cf42f2b9bc3a" PRIMARY KEY (id);


--
-- Name: job_record PK_88ce3ea0c9dca8b571450b457a7; Type: CONSTRAINT; Schema: public; Owner: postgres
--

ALTER TABLE ONLY public.job_record
    ADD CONSTRAINT "PK_88ce3ea0c9dca8b571450b457a7" PRIMARY KEY (id);


--
-- Name: customer_group PK_88e7da3ff7262d9e0a35aa3664e; Type: CONSTRAINT; Schema: public; Owner: postgres
--

ALTER TABLE ONLY public.customer_group
    ADD CONSTRAINT "PK_88e7da3ff7262d9e0a35aa3664e" PRIMARY KEY (id);


--
-- Name: stock_level PK_88ff7d9dfb57dc9d435e365eb69; Type: CONSTRAINT; Schema: public; Owner: postgres
--

ALTER TABLE ONLY public.stock_level
    ADD CONSTRAINT "PK_88ff7d9dfb57dc9d435e365eb69" PRIMARY KEY (id);


--
-- Name: shipping_line PK_890522bfc44a4b6eb7cb1e52609; Type: CONSTRAINT; Schema: public; Owner: postgres
--

ALTER TABLE ONLY public.shipping_line
    ADD CONSTRAINT "PK_890522bfc44a4b6eb7cb1e52609" PRIMARY KEY (id);


--
-- Name: migrations PK_8c82d7f526340ab734260ea46be; Type: CONSTRAINT; Schema: public; Owner: postgres
--

ALTER TABLE ONLY public.migrations
    ADD CONSTRAINT "PK_8c82d7f526340ab734260ea46be" PRIMARY KEY (id);


--
-- Name: tag PK_8e4052373c579afc1471f526760; Type: CONSTRAINT; Schema: public; Owner: postgres
--

ALTER TABLE ONLY public.tag
    ADD CONSTRAINT "PK_8e4052373c579afc1471f526760" PRIMARY KEY (id);


--
-- Name: job_record_buffer PK_9a1cfa02511065b32053efceeff; Type: CONSTRAINT; Schema: public; Owner: postgres
--

ALTER TABLE ONLY public.job_record_buffer
    ADD CONSTRAINT "PK_9a1cfa02511065b32053efceeff" PRIMARY KEY (id);


--
-- Name: collection_closure PK_9dda38e2273a7744b8f655782a5; Type: CONSTRAINT; Schema: public; Owner: postgres
--

ALTER TABLE ONLY public.collection_closure
    ADD CONSTRAINT "PK_9dda38e2273a7744b8f655782a5" PRIMARY KEY (id_ancestor, id_descendant);


--
-- Name: stock_movement PK_9fe1232f916686ae8cf00294749; Type: CONSTRAINT; Schema: public; Owner: postgres
--

ALTER TABLE ONLY public.stock_movement
    ADD CONSTRAINT "PK_9fe1232f916686ae8cf00294749" PRIMARY KEY (id);


--
-- Name: facet_value_translation PK_a09fdeb788deff7a9ed827a6160; Type: CONSTRAINT; Schema: public; Owner: postgres
--

ALTER TABLE ONLY public.facet_value_translation
    ADD CONSTRAINT "PK_a09fdeb788deff7a9ed827a6160" PRIMARY KEY (id);


--
-- Name: facet PK_a0ebfe3c68076820c6886aa9ff3; Type: CONSTRAINT; Schema: public; Owner: postgres
--

ALTER TABLE ONLY public.facet
    ADD CONSTRAINT "PK_a0ebfe3c68076820c6886aa9ff3" PRIMARY KEY (id);


--
-- Name: product_variant_facet_values_facet_value PK_a28474836b2feeffcef98c806e1; Type: CONSTRAINT; Schema: public; Owner: postgres
--

ALTER TABLE ONLY public.product_variant_facet_values_facet_value
    ADD CONSTRAINT "PK_a28474836b2feeffcef98c806e1" PRIMARY KEY ("productVariantId", "facetValueId");


--
-- Name: collection_asset PK_a2adab6fd086adfb7858f1f110c; Type: CONSTRAINT; Schema: public; Owner: postgres
--

ALTER TABLE ONLY public.collection_asset
    ADD CONSTRAINT "PK_a2adab6fd086adfb7858f1f110c" PRIMARY KEY (id);


--
-- Name: surcharge PK_a62b89257bcc802b5d77346f432; Type: CONSTRAINT; Schema: public; Owner: postgres
--

ALTER TABLE ONLY public.surcharge
    ADD CONSTRAINT "PK_a62b89257bcc802b5d77346f432" PRIMARY KEY (id);


--
-- Name: facet_translation PK_a6902cc1dcbb5e52a980f0189ad; Type: CONSTRAINT; Schema: public; Owner: postgres
--

ALTER TABLE ONLY public.facet_translation
    ADD CONSTRAINT "PK_a6902cc1dcbb5e52a980f0189ad" PRIMARY KEY (id);


--
-- Name: customer PK_a7a13f4cacb744524e44dfdad32; Type: CONSTRAINT; Schema: public; Owner: postgres
--

ALTER TABLE ONLY public.customer
    ADD CONSTRAINT "PK_a7a13f4cacb744524e44dfdad32" PRIMARY KEY (id);


--
-- Name: collection PK_ad3f485bbc99d875491f44d7c85; Type: CONSTRAINT; Schema: public; Owner: postgres
--

ALTER TABLE ONLY public.collection
    ADD CONSTRAINT "PK_ad3f485bbc99d875491f44d7c85" PRIMARY KEY (id);


--
-- Name: stock_location PK_adf770067d0df1421f525fa25cc; Type: CONSTRAINT; Schema: public; Owner: postgres
--

ALTER TABLE ONLY public.stock_location
    ADD CONSTRAINT "PK_adf770067d0df1421f525fa25cc" PRIMARY KEY (id);


--
-- Name: payment_method_translation PK_ae5ae0af71ae8d15da9eb75768b; Type: CONSTRAINT; Schema: public; Owner: postgres
--

ALTER TABLE ONLY public.payment_method_translation
    ADD CONSTRAINT "PK_ae5ae0af71ae8d15da9eb75768b" PRIMARY KEY (id);


--
-- Name: role PK_b36bcfe02fc8de3c57a8b2391c2; Type: CONSTRAINT; Schema: public; Owner: postgres
--

ALTER TABLE ONLY public.role
    ADD CONSTRAINT "PK_b36bcfe02fc8de3c57a8b2391c2" PRIMARY KEY (id);


--
-- Name: user_roles_role PK_b47cd6c84ee205ac5a713718292; Type: CONSTRAINT; Schema: public; Owner: postgres
--

ALTER TABLE ONLY public.user_roles_role
    ADD CONSTRAINT "PK_b47cd6c84ee205ac5a713718292" PRIMARY KEY ("userId", "roleId");


--
-- Name: history_entry PK_b65bd95b0d2929668589d57b97a; Type: CONSTRAINT; Schema: public; Owner: postgres
--

ALTER TABLE ONLY public.history_entry
    ADD CONSTRAINT "PK_b65bd95b0d2929668589d57b97a" PRIMARY KEY (id);


--
-- Name: shipping_method_translation PK_b862a1fac1c6e1fd201eadadbcb; Type: CONSTRAINT; Schema: public; Owner: postgres
--

ALTER TABLE ONLY public.shipping_method_translation
    ADD CONSTRAINT "PK_b862a1fac1c6e1fd201eadadbcb" PRIMARY KEY (id);


--
-- Name: shipping_method PK_b9b0adfad3c6b99229c1e7d4865; Type: CONSTRAINT; Schema: public; Owner: postgres
--

ALTER TABLE ONLY public.shipping_method
    ADD CONSTRAINT "PK_b9b0adfad3c6b99229c1e7d4865" PRIMARY KEY (id);


--
-- Name: product_variant_price PK_ba659ff2940702124e799c5c854; Type: CONSTRAINT; Schema: public; Owner: postgres
--

ALTER TABLE ONLY public.product_variant_price
    ADD CONSTRAINT "PK_ba659ff2940702124e799c5c854" PRIMARY KEY (id);


--
-- Name: collection_translation PK_bb49cfcde50401eb5f463a84dac; Type: CONSTRAINT; Schema: public; Owner: postgres
--

ALTER TABLE ONLY public.collection_translation
    ADD CONSTRAINT "PK_bb49cfcde50401eb5f463a84dac" PRIMARY KEY (id);


--
-- Name: zone PK_bd3989e5a3c3fb5ed546dfaf832; Type: CONSTRAINT; Schema: public; Owner: postgres
--

ALTER TABLE ONLY public.zone
    ADD CONSTRAINT "PK_bd3989e5a3c3fb5ed546dfaf832" PRIMARY KEY (id);


--
-- Name: product PK_bebc9158e480b949565b4dc7a82; Type: CONSTRAINT; Schema: public; Owner: postgres
--

ALTER TABLE ONLY public.product
    ADD CONSTRAINT "PK_bebc9158e480b949565b4dc7a82" PRIMARY KEY (id);


--
-- Name: asset_tags_tag PK_c4113b84381e953901fa5553654; Type: CONSTRAINT; Schema: public; Owner: postgres
--

ALTER TABLE ONLY public.asset_tags_tag
    ADD CONSTRAINT "PK_c4113b84381e953901fa5553654" PRIMARY KEY ("assetId", "tagId");


--
-- Name: product_asset PK_c56a83efd14ec4175532e1867fc; Type: CONSTRAINT; Schema: public; Owner: postgres
--

ALTER TABLE ONLY public.product_asset
    ADD CONSTRAINT "PK_c56a83efd14ec4175532e1867fc" PRIMARY KEY (id);


--
-- Name: product_variant_options_product_option PK_c57de5cb6bb74504180604a00c0; Type: CONSTRAINT; Schema: public; Owner: postgres
--

ALTER TABLE ONLY public.product_variant_options_product_option
    ADD CONSTRAINT "PK_c57de5cb6bb74504180604a00c0" PRIMARY KEY ("productVariantId", "productOptionId");


--
-- Name: payment_method_channels_channel PK_c83e4a201c0402ce5cdb170a9a2; Type: CONSTRAINT; Schema: public; Owner: postgres
--

ALTER TABLE ONLY public.payment_method_channels_channel
    ADD CONSTRAINT "PK_c83e4a201c0402ce5cdb170a9a2" PRIMARY KEY ("paymentMethodId", "channelId");


--
-- Name: shipping_method_channels_channel PK_c92b2b226a6ee87888d8dcd8bd6; Type: CONSTRAINT; Schema: public; Owner: postgres
--

ALTER TABLE ONLY public.shipping_method_channels_channel
    ADD CONSTRAINT "PK_c92b2b226a6ee87888d8dcd8bd6" PRIMARY KEY ("shippingMethodId", "channelId");


--
-- Name: user PK_cace4a159ff9f2512dd42373760; Type: CONSTRAINT; Schema: public; Owner: postgres
--

ALTER TABLE ONLY public."user"
    ADD CONSTRAINT "PK_cace4a159ff9f2512dd42373760" PRIMARY KEY (id);


--
-- Name: product_variant_asset PK_cb1e33ae13779da176f8b03a5d3; Type: CONSTRAINT; Schema: public; Owner: postgres
--

ALTER TABLE ONLY public.product_variant_asset
    ADD CONSTRAINT "PK_cb1e33ae13779da176f8b03a5d3" PRIMARY KEY (id);


--
-- Name: order_modification PK_cccf2e1612694eeb1e5b6760ffa; Type: CONSTRAINT; Schema: public; Owner: postgres
--

ALTER TABLE ONLY public.order_modification
    ADD CONSTRAINT "PK_cccf2e1612694eeb1e5b6760ffa" PRIMARY KEY (id);


--
-- Name: facet_value PK_d231e8eecc7e1a6059e1da7d325; Type: CONSTRAINT; Schema: public; Owner: postgres
--

ALTER TABLE ONLY public.facet_value
    ADD CONSTRAINT "PK_d231e8eecc7e1a6059e1da7d325" PRIMARY KEY (id);


--
-- Name: product_facet_values_facet_value PK_d57f06b38805181019d75662aa6; Type: CONSTRAINT; Schema: public; Owner: postgres
--

ALTER TABLE ONLY public.product_facet_values_facet_value
    ADD CONSTRAINT "PK_d57f06b38805181019d75662aa6" PRIMARY KEY ("productId", "facetValueId");


--
-- Name: product_option_group PK_d76e92fdbbb5a2e6752ffd4a2c1; Type: CONSTRAINT; Schema: public; Owner: postgres
--

ALTER TABLE ONLY public.product_option_group
    ADD CONSTRAINT "PK_d76e92fdbbb5a2e6752ffd4a2c1" PRIMARY KEY (id);


--
-- Name: address PK_d92de1f82754668b5f5f5dd4fd5; Type: CONSTRAINT; Schema: public; Owner: postgres
--

ALTER TABLE ONLY public.address
    ADD CONSTRAINT "PK_d92de1f82754668b5f5f5dd4fd5" PRIMARY KEY (id);


--
-- Name: asset_channels_channel PK_d943908a39e32952e8425d2f1ba; Type: CONSTRAINT; Schema: public; Owner: postgres
--

ALTER TABLE ONLY public.asset_channels_channel
    ADD CONSTRAINT "PK_d943908a39e32952e8425d2f1ba" PRIMARY KEY ("assetId", "channelId");


--
-- Name: facet_channels_channel PK_df0579886093b2f830c159adfde; Type: CONSTRAINT; Schema: public; Owner: postgres
--

ALTER TABLE ONLY public.facet_channels_channel
    ADD CONSTRAINT "PK_df0579886093b2f830c159adfde" PRIMARY KEY ("facetId", "channelId");


--
-- Name: authentication_method PK_e204686018c3c60f6164e385081; Type: CONSTRAINT; Schema: public; Owner: postgres
--

ALTER TABLE ONLY public.authentication_method
    ADD CONSTRAINT "PK_e204686018c3c60f6164e385081" PRIMARY KEY (id);


--
-- Name: stock_location_channels_channel PK_e6f8b2d61ff58c51505c38da8a0; Type: CONSTRAINT; Schema: public; Owner: postgres
--

ALTER TABLE ONLY public.stock_location_channels_channel
    ADD CONSTRAINT "PK_e6f8b2d61ff58c51505c38da8a0" PRIMARY KEY ("stockLocationId", "channelId");


--
-- Name: administrator PK_ee58e71b3b4008b20ddc7b3092b; Type: CONSTRAINT; Schema: public; Owner: postgres
--

ALTER TABLE ONLY public.administrator
    ADD CONSTRAINT "PK_ee58e71b3b4008b20ddc7b3092b" PRIMARY KEY (id);


--
-- Name: scheduled_task_record PK_efd4b61a3b227f3eba94de32e4c; Type: CONSTRAINT; Schema: public; Owner: postgres
--

ALTER TABLE ONLY public.scheduled_task_record
    ADD CONSTRAINT "PK_efd4b61a3b227f3eba94de32e4c" PRIMARY KEY (id);


--
-- Name: refund PK_f1cefa2e60d99b206c46c1116e5; Type: CONSTRAINT; Schema: public; Owner: postgres
--

ALTER TABLE ONLY public.refund
    ADD CONSTRAINT "PK_f1cefa2e60d99b206c46c1116e5" PRIMARY KEY (id);


--
-- Name: session PK_f55da76ac1c3ac420f444d2ff11; Type: CONSTRAINT; Schema: public; Owner: postgres
--

ALTER TABLE ONLY public.session
    ADD CONSTRAINT "PK_f55da76ac1c3ac420f444d2ff11" PRIMARY KEY (id);


--
-- Name: promotion PK_fab3630e0789a2002f1cadb7d38; Type: CONSTRAINT; Schema: public; Owner: postgres
--

ALTER TABLE ONLY public.promotion
    ADD CONSTRAINT "PK_fab3630e0789a2002f1cadb7d38" PRIMARY KEY (id);


--
-- Name: zone_members_region PK_fc4eaa2236c4d4f61db0ae3826f; Type: CONSTRAINT; Schema: public; Owner: postgres
--

ALTER TABLE ONLY public.zone_members_region
    ADD CONSTRAINT "PK_fc4eaa2236c4d4f61db0ae3826f" PRIMARY KEY ("zoneId", "regionId");


--
-- Name: payment PK_fcaec7df5adf9cac408c686b2ab; Type: CONSTRAINT; Schema: public; Owner: postgres
--

ALTER TABLE ONLY public.payment
    ADD CONSTRAINT "PK_fcaec7df5adf9cac408c686b2ab" PRIMARY KEY (id);


--
-- Name: global_settings PK_fec5e2c0bf238e30b25d4a82976; Type: CONSTRAINT; Schema: public; Owner: postgres
--

ALTER TABLE ONLY public.global_settings
    ADD CONSTRAINT "PK_fec5e2c0bf238e30b25d4a82976" PRIMARY KEY (id);


--
-- Name: administrator REL_1966e18ce6a39a82b19204704d; Type: CONSTRAINT; Schema: public; Owner: postgres
--

ALTER TABLE ONLY public.administrator
    ADD CONSTRAINT "REL_1966e18ce6a39a82b19204704d" UNIQUE ("userId");


--
-- Name: customer REL_3f62b42ed23958b120c235f74d; Type: CONSTRAINT; Schema: public; Owner: postgres
--

ALTER TABLE ONLY public.customer
    ADD CONSTRAINT "REL_3f62b42ed23958b120c235f74d" UNIQUE ("userId");


--
-- Name: order_modification REL_ad2991fa2933ed8b7f86a71633; Type: CONSTRAINT; Schema: public; Owner: postgres
--

ALTER TABLE ONLY public.order_modification
    ADD CONSTRAINT "REL_ad2991fa2933ed8b7f86a71633" UNIQUE ("paymentId");


--
-- Name: order_modification REL_cb66b63b6e97613013795eadbd; Type: CONSTRAINT; Schema: public; Owner: postgres
--

ALTER TABLE ONLY public.order_modification
    ADD CONSTRAINT "REL_cb66b63b6e97613013795eadbd" UNIQUE ("refundId");


--
-- Name: channel UQ_06127ac6c6d913f4320759971db; Type: CONSTRAINT; Schema: public; Owner: postgres
--

ALTER TABLE ONLY public.channel
    ADD CONSTRAINT "UQ_06127ac6c6d913f4320759971db" UNIQUE (code);


--
-- Name: facet UQ_0c9a5d053fdf4ebb5f0490b40fd; Type: CONSTRAINT; Schema: public; Owner: postgres
--

ALTER TABLE ONLY public.facet
    ADD CONSTRAINT "UQ_0c9a5d053fdf4ebb5f0490b40fd" UNIQUE (code);


--
-- Name: administrator UQ_154f5c538b1576ccc277b1ed631; Type: CONSTRAINT; Schema: public; Owner: postgres
--

ALTER TABLE ONLY public.administrator
    ADD CONSTRAINT "UQ_154f5c538b1576ccc277b1ed631" UNIQUE ("emailAddress");


--
-- Name: scheduled_task_record UQ_661876d97056cad9fd37eaa8774; Type: CONSTRAINT; Schema: public; Owner: postgres
--

ALTER TABLE ONLY public.scheduled_task_record
    ADD CONSTRAINT "UQ_661876d97056cad9fd37eaa8774" UNIQUE ("taskId");


--
-- Name: channel UQ_842699fce4f3470a7d06d89de88; Type: CONSTRAINT; Schema: public; Owner: postgres
--

ALTER TABLE ONLY public.channel
    ADD CONSTRAINT "UQ_842699fce4f3470a7d06d89de88" UNIQUE (token);


--
-- Name: IDX_00cbe87bc0d4e36758d61bd31d; Type: INDEX; Schema: public; Owner: postgres
--

CREATE INDEX "IDX_00cbe87bc0d4e36758d61bd31d" ON public.authentication_method USING btree ("userId");


--
-- Name: IDX_06b02fb482b188823e419d37bd; Type: INDEX; Schema: public; Owner: postgres
--

CREATE INDEX "IDX_06b02fb482b188823e419d37bd" ON public.order_line_reference USING btree ("fulfillmentId");


--
-- Name: IDX_06e7d73673ee630e8ec50d0b29; Type: INDEX; Schema: public; Owner: postgres
--

CREATE INDEX "IDX_06e7d73673ee630e8ec50d0b29" ON public.product_facet_values_facet_value USING btree ("facetValueId");


--
-- Name: IDX_0d1294f5c22a56da7845ebab72; Type: INDEX; Schema: public; Owner: postgres
--

CREATE INDEX "IDX_0d1294f5c22a56da7845ebab72" ON public.product_asset USING btree ("productId");


--
-- Name: IDX_0d641b761ed1dce4ef3cd33d55; Type: INDEX; Schema: public; Owner: postgres
--

CREATE INDEX "IDX_0d641b761ed1dce4ef3cd33d55" ON public.product_variant_facet_values_facet_value USING btree ("facetValueId");


--
-- Name: IDX_0d8e5c204480204a60e151e485; Type: INDEX; Schema: public; Owner: postgres
--

CREATE INDEX "IDX_0d8e5c204480204a60e151e485" ON public.order_channels_channel USING btree ("orderId");


--
-- Name: IDX_0e6f516053cf982b537836e21c; Type: INDEX; Schema: public; Owner: postgres
--

CREATE INDEX "IDX_0e6f516053cf982b537836e21c" ON public.product_variant USING btree ("featuredAssetId");


--
-- Name: IDX_0eaaf0f4b6c69afde1e88ffb52; Type: INDEX; Schema: public; Owner: postgres
--

CREATE INDEX "IDX_0eaaf0f4b6c69afde1e88ffb52" ON public.promotion_channels_channel USING btree ("channelId");


--
-- Name: IDX_10b5a2e3dee0e30b1e26c32f5c; Type: INDEX; Schema: public; Owner: postgres
--

CREATE INDEX "IDX_10b5a2e3dee0e30b1e26c32f5c" ON public.product_variant_asset USING btree ("assetId");


--
-- Name: IDX_124456e637cca7a415897dce65; Type: INDEX; Schema: public; Owner: postgres
--

CREATE INDEX "IDX_124456e637cca7a415897dce65" ON public."order" USING btree ("customerId");


--
-- Name: IDX_154eb685f9b629033bd266df7f; Type: INDEX; Schema: public; Owner: postgres
--

CREATE INDEX "IDX_154eb685f9b629033bd266df7f" ON public.surcharge USING btree ("orderId");


--
-- Name: IDX_16ca9151a5153f1169da5b7b7e; Type: INDEX; Schema: public; Owner: postgres
--

CREATE INDEX "IDX_16ca9151a5153f1169da5b7b7e" ON public.asset_channels_channel USING btree ("channelId");


--
-- Name: IDX_1afd722b943c81310705fc3e61; Type: INDEX; Schema: public; Owner: postgres
--

CREATE INDEX "IDX_1afd722b943c81310705fc3e61" ON public.region_translation USING btree ("baseId");


--
-- Name: IDX_1c6932a756108788a361e7d440; Type: INDEX; Schema: public; Owner: postgres
--

CREATE INDEX "IDX_1c6932a756108788a361e7d440" ON public.refund USING btree ("paymentId");


--
-- Name: IDX_1cc009e9ab2263a35544064561; Type: INDEX; Schema: public; Owner: postgres
--

CREATE INDEX "IDX_1cc009e9ab2263a35544064561" ON public.promotion_translation USING btree ("baseId");


--
-- Name: IDX_1df5bc14a47ef24d2e681f4559; Type: INDEX; Schema: public; Owner: postgres
--

CREATE INDEX "IDX_1df5bc14a47ef24d2e681f4559" ON public.order_modification USING btree ("orderId");


--
-- Name: IDX_1ed9e48dfbf74b5fcbb35d3d68; Type: INDEX; Schema: public; Owner: postgres
--

CREATE INDEX "IDX_1ed9e48dfbf74b5fcbb35d3d68" ON public.collection_asset USING btree ("collectionId");


--
-- Name: IDX_22b818af8722746fb9f206068c; Type: INDEX; Schema: public; Owner: postgres
--

CREATE INDEX "IDX_22b818af8722746fb9f206068c" ON public.order_line_reference USING btree ("modificationId");


--
-- Name: IDX_232f8e85d7633bd6ddfad42169; Type: INDEX; Schema: public; Owner: postgres
--

CREATE UNIQUE INDEX "IDX_232f8e85d7633bd6ddfad42169" ON public.session USING btree (token);


--
-- Name: IDX_239cfca2a55b98b90b6bef2e44; Type: INDEX; Schema: public; Owner: postgres
--

CREATE INDEX "IDX_239cfca2a55b98b90b6bef2e44" ON public.order_line USING btree ("orderId");


--
-- Name: IDX_26d12be3b5fec6c4adb1d79284; Type: INDEX; Schema: public; Owner: postgres
--

CREATE INDEX "IDX_26d12be3b5fec6c4adb1d79284" ON public.product_channels_channel USING btree ("productId");


--
-- Name: IDX_2a8ea404d05bf682516184db7d; Type: INDEX; Schema: public; Owner: postgres
--

CREATE INDEX "IDX_2a8ea404d05bf682516184db7d" ON public.facet_channels_channel USING btree ("channelId");


--
-- Name: IDX_2c26b988769c0e3b0120bdef31; Type: INDEX; Schema: public; Owner: postgres
--

CREATE INDEX "IDX_2c26b988769c0e3b0120bdef31" ON public.order_promotions_promotion USING btree ("promotionId");


--
-- Name: IDX_30019aa65b17fe9ee962893199; Type: INDEX; Schema: public; Owner: postgres
--

CREATE INDEX "IDX_30019aa65b17fe9ee962893199" ON public.order_line_reference USING btree ("refundId");


--
-- Name: IDX_39513fd02a573c848d23bee587; Type: INDEX; Schema: public; Owner: postgres
--

CREATE INDEX "IDX_39513fd02a573c848d23bee587" ON public.stock_location_channels_channel USING btree ("stockLocationId");


--
-- Name: IDX_3a05127e67435b4d2332ded7c9; Type: INDEX; Schema: public; Owner: postgres
--

CREATE INDEX "IDX_3a05127e67435b4d2332ded7c9" ON public.history_entry USING btree ("orderId");


--
-- Name: IDX_3d2f174ef04fb312fdebd0ddc5; Type: INDEX; Schema: public; Owner: postgres
--

CREATE INDEX "IDX_3d2f174ef04fb312fdebd0ddc5" ON public.session USING btree ("userId");


--
-- Name: IDX_3d6e45823b65de808a66cb1423; Type: INDEX; Schema: public; Owner: postgres
--

CREATE INDEX "IDX_3d6e45823b65de808a66cb1423" ON public.facet_value_translation USING btree ("baseId");


--
-- Name: IDX_420f4d6fb75d38b9dca79bc43b; Type: INDEX; Schema: public; Owner: postgres
--

CREATE INDEX "IDX_420f4d6fb75d38b9dca79bc43b" ON public.product_variant_translation USING btree ("baseId");


--
-- Name: IDX_433f45158e4e2b2a2f344714b2; Type: INDEX; Schema: public; Owner: postgres
--

CREATE INDEX "IDX_433f45158e4e2b2a2f344714b2" ON public.zone_members_region USING btree ("zoneId");


--
-- Name: IDX_43ac602f839847fdb91101f30e; Type: INDEX; Schema: public; Owner: postgres
--

CREATE INDEX "IDX_43ac602f839847fdb91101f30e" ON public.history_entry USING btree ("customerId");


--
-- Name: IDX_457784c710f8ac9396010441f6; Type: INDEX; Schema: public; Owner: postgres
--

CREATE INDEX "IDX_457784c710f8ac9396010441f6" ON public.collection_closure USING btree (id_descendant);


--
-- Name: IDX_49a8632be8cef48b076446b8b9; Type: INDEX; Schema: public; Owner: postgres
--

CREATE INDEX "IDX_49a8632be8cef48b076446b8b9" ON public.order_line_reference USING btree (discriminator);


--
-- Name: IDX_4add5a5796e1582dec2877b289; Type: INDEX; Schema: public; Owner: postgres
--

CREATE INDEX "IDX_4add5a5796e1582dec2877b289" ON public.order_fulfillments_fulfillment USING btree ("fulfillmentId");


--
-- Name: IDX_4be2f7adf862634f5f803d246b; Type: INDEX; Schema: public; Owner: postgres
--

CREATE INDEX "IDX_4be2f7adf862634f5f803d246b" ON public.user_roles_role USING btree ("roleId");


--
-- Name: IDX_51da53b26522dc0525762d2de8; Type: INDEX; Schema: public; Owner: postgres
--

CREATE INDEX "IDX_51da53b26522dc0525762d2de8" ON public.collection_asset USING btree ("assetId");


--
-- Name: IDX_526f0131260eec308a3bd2b61b; Type: INDEX; Schema: public; Owner: postgres
--

CREATE INDEX "IDX_526f0131260eec308a3bd2b61b" ON public.product_variant_options_product_option USING btree ("productVariantId");


--
-- Name: IDX_5888ac17b317b93378494a1062; Type: INDEX; Schema: public; Owner: postgres
--

CREATE INDEX "IDX_5888ac17b317b93378494a1062" ON public.product_asset USING btree ("assetId");


--
-- Name: IDX_5bcb569635ce5407eb3f264487; Type: INDEX; Schema: public; Owner: postgres
--

CREATE INDEX "IDX_5bcb569635ce5407eb3f264487" ON public.payment_method_channels_channel USING btree ("paymentMethodId");


--
-- Name: IDX_5f9286e6c25594c6b88c108db7; Type: INDEX; Schema: public; Owner: postgres
--

CREATE INDEX "IDX_5f9286e6c25594c6b88c108db7" ON public.user_roles_role USING btree ("userId");


--
-- Name: IDX_66187f782a3e71b9e0f5b50b68; Type: INDEX; Schema: public; Owner: postgres
--

CREATE INDEX "IDX_66187f782a3e71b9e0f5b50b68" ON public.payment_method_translation USING btree ("baseId");


--
-- Name: IDX_67be0e40122ab30a62a9817efe; Type: INDEX; Schema: public; Owner: postgres
--

CREATE INDEX "IDX_67be0e40122ab30a62a9817efe" ON public.order_promotions_promotion USING btree ("orderId");


--
-- Name: IDX_6901d8715f5ebadd764466f7bd; Type: INDEX; Schema: public; Owner: postgres
--

CREATE INDEX "IDX_6901d8715f5ebadd764466f7bd" ON public.order_line USING btree ("sellerChannelId");


--
-- Name: IDX_69567bc225b6bbbd732d6c5455; Type: INDEX; Schema: public; Owner: postgres
--

CREATE INDEX "IDX_69567bc225b6bbbd732d6c5455" ON public.product_variant_facet_values_facet_value USING btree ("productVariantId");


--
-- Name: IDX_6a0558e650d75ae639ff38e413; Type: INDEX; Schema: public; Owner: postgres
--

CREATE INDEX "IDX_6a0558e650d75ae639ff38e413" ON public.product_facet_values_facet_value USING btree ("productId");


--
-- Name: IDX_6d9e2c39ab12391aaa374bcdaa; Type: INDEX; Schema: public; Owner: postgres
--

CREATE INDEX "IDX_6d9e2c39ab12391aaa374bcdaa" ON public.promotion_channels_channel USING btree ("promotionId");


--
-- Name: IDX_6e420052844edf3a5506d863ce; Type: INDEX; Schema: public; Owner: postgres
--

CREATE INDEX "IDX_6e420052844edf3a5506d863ce" ON public.product_variant USING btree ("productId");


--
-- Name: IDX_6faa7b72422d9c4679e2f186ad; Type: INDEX; Schema: public; Owner: postgres
--

CREATE INDEX "IDX_6faa7b72422d9c4679e2f186ad" ON public.collection_product_variants_product_variant USING btree ("collectionId");


--
-- Name: IDX_6fb55742e13e8082954d0436dc; Type: INDEX; Schema: public; Owner: postgres
--

CREATE INDEX "IDX_6fb55742e13e8082954d0436dc" ON public.search_index_item USING btree ("productName");


--
-- Name: IDX_7216ab24077cf5cbece7857dbb; Type: INDEX; Schema: public; Owner: postgres
--

CREATE INDEX "IDX_7216ab24077cf5cbece7857dbb" ON public.collection_channels_channel USING btree ("channelId");


--
-- Name: IDX_7256fef1bb42f1b38156b7449f; Type: INDEX; Schema: public; Owner: postgres
--

CREATE INDEX "IDX_7256fef1bb42f1b38156b7449f" ON public.collection USING btree ("featuredAssetId");


--
-- Name: IDX_729b3eea7ce540930dbb706949; Type: INDEX; Schema: public; Owner: postgres
--

CREATE UNIQUE INDEX "IDX_729b3eea7ce540930dbb706949" ON public."order" USING btree (code);


--
-- Name: IDX_73a78d7df09541ac5eba620d18; Type: INDEX; Schema: public; Owner: postgres
--

CREATE INDEX "IDX_73a78d7df09541ac5eba620d18" ON public."order" USING btree ("aggregateOrderId");


--
-- Name: IDX_77be94ce9ec650446617946227; Type: INDEX; Schema: public; Owner: postgres
--

CREATE INDEX "IDX_77be94ce9ec650446617946227" ON public.order_line USING btree ("taxCategoryId");


--
-- Name: IDX_7a75399a4f4ffa48ee02e98c05; Type: INDEX; Schema: public; Owner: postgres
--

CREATE INDEX "IDX_7a75399a4f4ffa48ee02e98c05" ON public.session USING btree ("activeOrderId");


--
-- Name: IDX_7d57857922dfc7303604697dbe; Type: INDEX; Schema: public; Owner: postgres
--

CREATE INDEX "IDX_7d57857922dfc7303604697dbe" ON public.order_line_reference USING btree ("orderLineId");


--
-- Name: IDX_7dbc75cb4e8b002620c4dbfdac; Type: INDEX; Schema: public; Owner: postgres
--

CREATE INDEX "IDX_7dbc75cb4e8b002620c4dbfdac" ON public.product_translation USING btree ("baseId");


--
-- Name: IDX_7ee3306d7638aa85ca90d67219; Type: INDEX; Schema: public; Owner: postgres
--

CREATE INDEX "IDX_7ee3306d7638aa85ca90d67219" ON public.tax_rate USING btree ("categoryId");


--
-- Name: IDX_7fc20486b8cfd33dc84c96e168; Type: INDEX; Schema: public; Owner: postgres
--

CREATE UNIQUE INDEX "IDX_7fc20486b8cfd33dc84c96e168" ON public.stock_level USING btree ("productVariantId", "stockLocationId");


--
-- Name: IDX_85ec26c71067ebc84adcd98d1a; Type: INDEX; Schema: public; Owner: postgres
--

CREATE INDEX "IDX_85ec26c71067ebc84adcd98d1a" ON public.shipping_method_translation USING btree ("baseId");


--
-- Name: IDX_85feea3f0e5e82133605f78db0; Type: INDEX; Schema: public; Owner: postgres
--

CREATE INDEX "IDX_85feea3f0e5e82133605f78db0" ON public.customer_groups_customer_group USING btree ("customerGroupId");


--
-- Name: IDX_8b5ab52fc8887c1a769b9276ca; Type: INDEX; Schema: public; Owner: postgres
--

CREATE INDEX "IDX_8b5ab52fc8887c1a769b9276ca" ON public.tax_rate USING btree ("customerGroupId");


--
-- Name: IDX_91a19e6613534949a4ce6e76ff; Type: INDEX; Schema: public; Owner: postgres
--

CREATE INDEX "IDX_91a19e6613534949a4ce6e76ff" ON public.product USING btree ("featuredAssetId");


--
-- Name: IDX_92f8c334ef06275f9586fd0183; Type: INDEX; Schema: public; Owner: postgres
--

CREATE INDEX "IDX_92f8c334ef06275f9586fd0183" ON public.history_entry USING btree ("administratorId");


--
-- Name: IDX_93751abc1451972c02e033b766; Type: INDEX; Schema: public; Owner: postgres
--

CREATE INDEX "IDX_93751abc1451972c02e033b766" ON public.product_option_group_translation USING btree ("baseId");


--
-- Name: IDX_984c48572468c69661a0b7b049; Type: INDEX; Schema: public; Owner: postgres
--

CREATE INDEX "IDX_984c48572468c69661a0b7b049" ON public.stock_level USING btree ("stockLocationId");


--
-- Name: IDX_9872fc7de2f4e532fd3230d191; Type: INDEX; Schema: public; Owner: postgres
--

CREATE INDEX "IDX_9872fc7de2f4e532fd3230d191" ON public.tax_rate USING btree ("zoneId");


--
-- Name: IDX_9950eae3180f39c71978748bd0; Type: INDEX; Schema: public; Owner: postgres
--

CREATE INDEX "IDX_9950eae3180f39c71978748bd0" ON public.stock_level USING btree ("productVariantId");


--
-- Name: IDX_9a5a6a556f75c4ac7bfdd03410; Type: INDEX; Schema: public; Owner: postgres
--

CREATE INDEX "IDX_9a5a6a556f75c4ac7bfdd03410" ON public.search_index_item USING btree (description);


--
-- Name: IDX_9e412b00d4c6cee1a4b3d92071; Type: INDEX; Schema: public; Owner: postgres
--

CREATE INDEX "IDX_9e412b00d4c6cee1a4b3d92071" ON public.asset_tags_tag USING btree ("assetId");


--
-- Name: IDX_9f065453910ea77d4be8e92618; Type: INDEX; Schema: public; Owner: postgres
--

CREATE INDEX "IDX_9f065453910ea77d4be8e92618" ON public.order_line USING btree ("featuredAssetId");


--
-- Name: IDX_9f9da7d94b0278ea0f7831e1fc; Type: INDEX; Schema: public; Owner: postgres
--

CREATE INDEX "IDX_9f9da7d94b0278ea0f7831e1fc" ON public.collection_translation USING btree (slug);


--
-- Name: IDX_a23445b2c942d8dfcae15b8de2; Type: INDEX; Schema: public; Owner: postgres
--

CREATE INDEX "IDX_a23445b2c942d8dfcae15b8de2" ON public.authentication_method USING btree (type);


--
-- Name: IDX_a2fe7172eeae9f1cca86f8f573; Type: INDEX; Schema: public; Owner: postgres
--

CREATE INDEX "IDX_a2fe7172eeae9f1cca86f8f573" ON public.stock_movement USING btree ("stockLocationId");


--
-- Name: IDX_a49c5271c39cc8174a0535c808; Type: INDEX; Schema: public; Owner: postgres
--

CREATE INDEX "IDX_a49c5271c39cc8174a0535c808" ON public.surcharge USING btree ("orderModificationId");


--
-- Name: IDX_a51dfbd87c330c075c39832b6e; Type: INDEX; Schema: public; Owner: postgres
--

CREATE INDEX "IDX_a51dfbd87c330c075c39832b6e" ON public.product_channels_channel USING btree ("channelId");


--
-- Name: IDX_a6debf9198e2fbfa006aa10d71; Type: INDEX; Schema: public; Owner: postgres
--

CREATE INDEX "IDX_a6debf9198e2fbfa006aa10d71" ON public.product_option USING btree ("groupId");


--
-- Name: IDX_a6e91739227bf4d442f23c52c7; Type: INDEX; Schema: public; Owner: postgres
--

CREATE INDEX "IDX_a6e91739227bf4d442f23c52c7" ON public.product_option_group USING btree ("productId");


--
-- Name: IDX_a79a443c1f7841f3851767faa6; Type: INDEX; Schema: public; Owner: postgres
--

CREATE INDEX "IDX_a79a443c1f7841f3851767faa6" ON public.product_option_translation USING btree ("baseId");


--
-- Name: IDX_a842c9fe8cd4c8ff31402d172d; Type: INDEX; Schema: public; Owner: postgres
--

CREATE INDEX "IDX_a842c9fe8cd4c8ff31402d172d" ON public.customer_channels_channel USING btree ("customerId");


--
-- Name: IDX_ad690c1b05596d7f52e52ffeed; Type: INDEX; Schema: public; Owner: postgres
--

CREATE INDEX "IDX_ad690c1b05596d7f52e52ffeed" ON public.facet_value_channels_channel USING btree ("facetValueId");


--
-- Name: IDX_af2116c7e176b6b88dceceeb74; Type: INDEX; Schema: public; Owner: postgres
--

CREATE INDEX "IDX_af2116c7e176b6b88dceceeb74" ON public.channel USING btree ("sellerId");


--
-- Name: IDX_afe9f917a1c82b9e9e69f7c612; Type: INDEX; Schema: public; Owner: postgres
--

CREATE INDEX "IDX_afe9f917a1c82b9e9e69f7c612" ON public.channel USING btree ("defaultTaxZoneId");


--
-- Name: IDX_b45b65256486a15a104e17d495; Type: INDEX; Schema: public; Owner: postgres
--

CREATE INDEX "IDX_b45b65256486a15a104e17d495" ON public.zone_members_region USING btree ("regionId");


--
-- Name: IDX_b823a3c8bf3b78d3ed68736485; Type: INDEX; Schema: public; Owner: postgres
--

CREATE INDEX "IDX_b823a3c8bf3b78d3ed68736485" ON public.customer_groups_customer_group USING btree ("customerId");


--
-- Name: IDX_beeb2b3cd800e589f2213ae99d; Type: INDEX; Schema: public; Owner: postgres
--

CREATE INDEX "IDX_beeb2b3cd800e589f2213ae99d" ON public.product_variant_channels_channel USING btree ("productVariantId");


--
-- Name: IDX_bfd2a03e9988eda6a9d1176011; Type: INDEX; Schema: public; Owner: postgres
--

CREATE INDEX "IDX_bfd2a03e9988eda6a9d1176011" ON public.role_channels_channel USING btree ("roleId");


--
-- Name: IDX_c00e36f667d35031087b382e61; Type: INDEX; Schema: public; Owner: postgres
--

CREATE INDEX "IDX_c00e36f667d35031087b382e61" ON public.payment_method_channels_channel USING btree ("channelId");


--
-- Name: IDX_c309f8cd152bbeaea08491e0c6; Type: INDEX; Schema: public; Owner: postgres
--

CREATE INDEX "IDX_c309f8cd152bbeaea08491e0c6" ON public.collection_closure USING btree (id_ancestor);


--
-- Name: IDX_c9ca2f58d4517460435cbd8b4c; Type: INDEX; Schema: public; Owner: postgres
--

CREATE INDEX "IDX_c9ca2f58d4517460435cbd8b4c" ON public.channel USING btree ("defaultShippingZoneId");


--
-- Name: IDX_c9f34a440d490d1b66f6829b86; Type: INDEX; Schema: public; Owner: postgres
--

CREATE INDEX "IDX_c9f34a440d490d1b66f6829b86" ON public.shipping_line USING btree ("orderId");


--
-- Name: IDX_ca796020c6d097e251e5d6d2b0; Type: INDEX; Schema: public; Owner: postgres
--

CREATE INDEX "IDX_ca796020c6d097e251e5d6d2b0" ON public.facet_channels_channel USING btree ("facetId");


--
-- Name: IDX_cbcd22193eda94668e84d33f18; Type: INDEX; Schema: public; Owner: postgres
--

CREATE INDEX "IDX_cbcd22193eda94668e84d33f18" ON public.order_line USING btree ("productVariantId");


--
-- Name: IDX_cdbf33ffb5d451916125152008; Type: INDEX; Schema: public; Owner: postgres
--

CREATE INDEX "IDX_cdbf33ffb5d451916125152008" ON public.collection_channels_channel USING btree ("collectionId");


--
-- Name: IDX_d09d285fe1645cd2f0db811e29; Type: INDEX; Schema: public; Owner: postgres
--

CREATE INDEX "IDX_d09d285fe1645cd2f0db811e29" ON public.payment USING btree ("orderId");


--
-- Name: IDX_d0d16db872499e83b15999f8c7; Type: INDEX; Schema: public; Owner: postgres
--

CREATE INDEX "IDX_d0d16db872499e83b15999f8c7" ON public.order_channels_channel USING btree ("channelId");


--
-- Name: IDX_d101dc2265a7341be3d94968c5; Type: INDEX; Schema: public; Owner: postgres
--

CREATE INDEX "IDX_d101dc2265a7341be3d94968c5" ON public.facet_value USING btree ("facetId");


--
-- Name: IDX_d194bff171b62357688a5d0f55; Type: INDEX; Schema: public; Owner: postgres
--

CREATE INDEX "IDX_d194bff171b62357688a5d0f55" ON public.product_variant_channels_channel USING btree ("channelId");


--
-- Name: IDX_d2c8d5fca981cc820131f81aa8; Type: INDEX; Schema: public; Owner: postgres
--

CREATE INDEX "IDX_d2c8d5fca981cc820131f81aa8" ON public.stock_movement USING btree ("orderLineId");


--
-- Name: IDX_d87215343c3a3a67e6a0b7f3ea; Type: INDEX; Schema: public; Owner: postgres
--

CREATE INDEX "IDX_d87215343c3a3a67e6a0b7f3ea" ON public.address USING btree ("countryId");


--
-- Name: IDX_d8791f444a8bf23fe4c1bc020c; Type: INDEX; Schema: public; Owner: postgres
--

CREATE INDEX "IDX_d8791f444a8bf23fe4c1bc020c" ON public.search_index_item USING btree ("productVariantName");


--
-- Name: IDX_dc34d382b493ade1f70e834c4d; Type: INDEX; Schema: public; Owner: postgres
--

CREATE INDEX "IDX_dc34d382b493ade1f70e834c4d" ON public.address USING btree ("customerId");


--
-- Name: IDX_dc4e7435f9f5e9e6436bebd33b; Type: INDEX; Schema: public; Owner: postgres
--

CREATE INDEX "IDX_dc4e7435f9f5e9e6436bebd33b" ON public.asset_channels_channel USING btree ("assetId");


--
-- Name: IDX_dc9ac68b47da7b62249886affb; Type: INDEX; Schema: public; Owner: postgres
--

CREATE INDEX "IDX_dc9ac68b47da7b62249886affb" ON public.order_line USING btree ("shippingLineId");


--
-- Name: IDX_dc9f69207a8867f83b0fd257e3; Type: INDEX; Schema: public; Owner: postgres
--

CREATE INDEX "IDX_dc9f69207a8867f83b0fd257e3" ON public.customer_channels_channel USING btree ("channelId");


--
-- Name: IDX_e09dfee62b158307404202b43a; Type: INDEX; Schema: public; Owner: postgres
--

CREATE INDEX "IDX_e09dfee62b158307404202b43a" ON public.role_channels_channel USING btree ("channelId");


--
-- Name: IDX_e1d54c0b9db3e2eb17faaf5919; Type: INDEX; Schema: public; Owner: postgres
--

CREATE INDEX "IDX_e1d54c0b9db3e2eb17faaf5919" ON public.facet_value_channels_channel USING btree ("channelId");


--
-- Name: IDX_e2e7642e1e88167c1dfc827fdf; Type: INDEX; Schema: public; Owner: postgres
--

CREATE INDEX "IDX_e2e7642e1e88167c1dfc827fdf" ON public.shipping_line USING btree ("shippingMethodId");


--
-- Name: IDX_e329f9036210d75caa1d8f2154; Type: INDEX; Schema: public; Owner: postgres
--

CREATE INDEX "IDX_e329f9036210d75caa1d8f2154" ON public.collection_translation USING btree ("baseId");


--
-- Name: IDX_e38dca0d82fd64c7cf8aac8b8e; Type: INDEX; Schema: public; Owner: postgres
--

CREATE INDEX "IDX_e38dca0d82fd64c7cf8aac8b8e" ON public.product_variant USING btree ("taxCategoryId");


--
-- Name: IDX_e6126cd268aea6e9b31d89af9a; Type: INDEX; Schema: public; Owner: postgres
--

CREATE INDEX "IDX_e6126cd268aea6e9b31d89af9a" ON public.product_variant_price USING btree ("variantId");


--
-- Name: IDX_e65ba3882557cab4febb54809b; Type: INDEX; Schema: public; Owner: postgres
--

CREATE INDEX "IDX_e65ba3882557cab4febb54809b" ON public.stock_movement USING btree ("productVariantId");


--
-- Name: IDX_e96a71affe63c97f7fa2f076da; Type: INDEX; Schema: public; Owner: postgres
--

CREATE INDEX "IDX_e96a71affe63c97f7fa2f076da" ON public.product_variant_options_product_option USING btree ("productOptionId");


--
-- Name: IDX_eaea53f44bf9e97790d38a3d68; Type: INDEX; Schema: public; Owner: postgres
--

CREATE INDEX "IDX_eaea53f44bf9e97790d38a3d68" ON public.facet_translation USING btree ("baseId");


--
-- Name: IDX_eb87ef1e234444728138302263; Type: INDEX; Schema: public; Owner: postgres
--

CREATE INDEX "IDX_eb87ef1e234444728138302263" ON public.session USING btree ("activeChannelId");


--
-- Name: IDX_ed0c8098ce6809925a437f42ae; Type: INDEX; Schema: public; Owner: postgres
--

CREATE INDEX "IDX_ed0c8098ce6809925a437f42ae" ON public.region USING btree ("parentId");


--
-- Name: IDX_f0a17b94aa5a162f0d422920eb; Type: INDEX; Schema: public; Owner: postgres
--

CREATE INDEX "IDX_f0a17b94aa5a162f0d422920eb" ON public.shipping_method_channels_channel USING btree ("shippingMethodId");


--
-- Name: IDX_f2b98dfb56685147bed509acc3; Type: INDEX; Schema: public; Owner: postgres
--

CREATE INDEX "IDX_f2b98dfb56685147bed509acc3" ON public.shipping_method_channels_channel USING btree ("channelId");


--
-- Name: IDX_f4a2ec16ba86d277b6faa0b67b; Type: INDEX; Schema: public; Owner: postgres
--

CREATE INDEX "IDX_f4a2ec16ba86d277b6faa0b67b" ON public.product_translation USING btree (slug);


--
-- Name: IDX_f80d84d525af2ffe974e7e8ca2; Type: INDEX; Schema: public; Owner: postgres
--

CREATE INDEX "IDX_f80d84d525af2ffe974e7e8ca2" ON public.order_fulfillments_fulfillment USING btree ("orderId");


--
-- Name: IDX_fa21412afac15a2304f3eb35fe; Type: INDEX; Schema: public; Owner: postgres
--

CREATE INDEX "IDX_fa21412afac15a2304f3eb35fe" ON public.product_variant_asset USING btree ("productVariantId");


--
-- Name: IDX_fb05887e2867365f236d7dd95e; Type: INDEX; Schema: public; Owner: postgres
--

CREATE INDEX "IDX_fb05887e2867365f236d7dd95e" ON public.collection_product_variants_product_variant USING btree ("productVariantId");


--
-- Name: IDX_fb5e800171ffbe9823f2cc727f; Type: INDEX; Schema: public; Owner: postgres
--

CREATE INDEX "IDX_fb5e800171ffbe9823f2cc727f" ON public.asset_tags_tag USING btree ("tagId");


--
-- Name: IDX_ff8150fe54e56a900d5712671a; Type: INDEX; Schema: public; Owner: postgres
--

CREATE INDEX "IDX_ff8150fe54e56a900d5712671a" ON public.stock_location_channels_channel USING btree ("channelId");


--
-- Name: authentication_method FK_00cbe87bc0d4e36758d61bd31d6; Type: FK CONSTRAINT; Schema: public; Owner: postgres
--

ALTER TABLE ONLY public.authentication_method
    ADD CONSTRAINT "FK_00cbe87bc0d4e36758d61bd31d6" FOREIGN KEY ("userId") REFERENCES public."user"(id);


--
-- Name: order_line_reference FK_06b02fb482b188823e419d37bd4; Type: FK CONSTRAINT; Schema: public; Owner: postgres
--

ALTER TABLE ONLY public.order_line_reference
    ADD CONSTRAINT "FK_06b02fb482b188823e419d37bd4" FOREIGN KEY ("fulfillmentId") REFERENCES public.fulfillment(id);


--
-- Name: product_facet_values_facet_value FK_06e7d73673ee630e8ec50d0b29f; Type: FK CONSTRAINT; Schema: public; Owner: postgres
--

ALTER TABLE ONLY public.product_facet_values_facet_value
    ADD CONSTRAINT "FK_06e7d73673ee630e8ec50d0b29f" FOREIGN KEY ("facetValueId") REFERENCES public.facet_value(id) ON DELETE CASCADE;


--
-- Name: product_asset FK_0d1294f5c22a56da7845ebab72c; Type: FK CONSTRAINT; Schema: public; Owner: postgres
--

ALTER TABLE ONLY public.product_asset
    ADD CONSTRAINT "FK_0d1294f5c22a56da7845ebab72c" FOREIGN KEY ("productId") REFERENCES public.product(id) ON DELETE CASCADE;


--
-- Name: product_variant_facet_values_facet_value FK_0d641b761ed1dce4ef3cd33d559; Type: FK CONSTRAINT; Schema: public; Owner: postgres
--

ALTER TABLE ONLY public.product_variant_facet_values_facet_value
    ADD CONSTRAINT "FK_0d641b761ed1dce4ef3cd33d559" FOREIGN KEY ("facetValueId") REFERENCES public.facet_value(id);


--
-- Name: order_channels_channel FK_0d8e5c204480204a60e151e4853; Type: FK CONSTRAINT; Schema: public; Owner: postgres
--

ALTER TABLE ONLY public.order_channels_channel
    ADD CONSTRAINT "FK_0d8e5c204480204a60e151e4853" FOREIGN KEY ("orderId") REFERENCES public."order"(id) ON UPDATE CASCADE ON DELETE CASCADE;


--
-- Name: product_variant FK_0e6f516053cf982b537836e21cf; Type: FK CONSTRAINT; Schema: public; Owner: postgres
--

ALTER TABLE ONLY public.product_variant
    ADD CONSTRAINT "FK_0e6f516053cf982b537836e21cf" FOREIGN KEY ("featuredAssetId") REFERENCES public.asset(id) ON DELETE SET NULL;


--
-- Name: promotion_channels_channel FK_0eaaf0f4b6c69afde1e88ffb52d; Type: FK CONSTRAINT; Schema: public; Owner: postgres
--

ALTER TABLE ONLY public.promotion_channels_channel
    ADD CONSTRAINT "FK_0eaaf0f4b6c69afde1e88ffb52d" FOREIGN KEY ("channelId") REFERENCES public.channel(id) ON DELETE CASCADE;


--
-- Name: product_variant_asset FK_10b5a2e3dee0e30b1e26c32f5c7; Type: FK CONSTRAINT; Schema: public; Owner: postgres
--

ALTER TABLE ONLY public.product_variant_asset
    ADD CONSTRAINT "FK_10b5a2e3dee0e30b1e26c32f5c7" FOREIGN KEY ("assetId") REFERENCES public.asset(id) ON DELETE CASCADE;


--
-- Name: order FK_124456e637cca7a415897dce659; Type: FK CONSTRAINT; Schema: public; Owner: postgres
--

ALTER TABLE ONLY public."order"
    ADD CONSTRAINT "FK_124456e637cca7a415897dce659" FOREIGN KEY ("customerId") REFERENCES public.customer(id);


--
-- Name: surcharge FK_154eb685f9b629033bd266df7fa; Type: FK CONSTRAINT; Schema: public; Owner: postgres
--

ALTER TABLE ONLY public.surcharge
    ADD CONSTRAINT "FK_154eb685f9b629033bd266df7fa" FOREIGN KEY ("orderId") REFERENCES public."order"(id) ON DELETE CASCADE;


--
-- Name: asset_channels_channel FK_16ca9151a5153f1169da5b7b7e3; Type: FK CONSTRAINT; Schema: public; Owner: postgres
--

ALTER TABLE ONLY public.asset_channels_channel
    ADD CONSTRAINT "FK_16ca9151a5153f1169da5b7b7e3" FOREIGN KEY ("channelId") REFERENCES public.channel(id) ON UPDATE CASCADE ON DELETE CASCADE;


--
-- Name: administrator FK_1966e18ce6a39a82b19204704d7; Type: FK CONSTRAINT; Schema: public; Owner: postgres
--

ALTER TABLE ONLY public.administrator
    ADD CONSTRAINT "FK_1966e18ce6a39a82b19204704d7" FOREIGN KEY ("userId") REFERENCES public."user"(id);


--
-- Name: region_translation FK_1afd722b943c81310705fc3e612; Type: FK CONSTRAINT; Schema: public; Owner: postgres
--

ALTER TABLE ONLY public.region_translation
    ADD CONSTRAINT "FK_1afd722b943c81310705fc3e612" FOREIGN KEY ("baseId") REFERENCES public.region(id) ON DELETE CASCADE;


--
-- Name: refund FK_1c6932a756108788a361e7d4404; Type: FK CONSTRAINT; Schema: public; Owner: postgres
--

ALTER TABLE ONLY public.refund
    ADD CONSTRAINT "FK_1c6932a756108788a361e7d4404" FOREIGN KEY ("paymentId") REFERENCES public.payment(id);


--
-- Name: promotion_translation FK_1cc009e9ab2263a35544064561b; Type: FK CONSTRAINT; Schema: public; Owner: postgres
--

ALTER TABLE ONLY public.promotion_translation
    ADD CONSTRAINT "FK_1cc009e9ab2263a35544064561b" FOREIGN KEY ("baseId") REFERENCES public.promotion(id) ON DELETE CASCADE;


--
-- Name: order_modification FK_1df5bc14a47ef24d2e681f45598; Type: FK CONSTRAINT; Schema: public; Owner: postgres
--

ALTER TABLE ONLY public.order_modification
    ADD CONSTRAINT "FK_1df5bc14a47ef24d2e681f45598" FOREIGN KEY ("orderId") REFERENCES public."order"(id) ON DELETE CASCADE;


--
-- Name: collection_asset FK_1ed9e48dfbf74b5fcbb35d3d686; Type: FK CONSTRAINT; Schema: public; Owner: postgres
--

ALTER TABLE ONLY public.collection_asset
    ADD CONSTRAINT "FK_1ed9e48dfbf74b5fcbb35d3d686" FOREIGN KEY ("collectionId") REFERENCES public.collection(id) ON DELETE CASCADE;


--
-- Name: order_line_reference FK_22b818af8722746fb9f206068c2; Type: FK CONSTRAINT; Schema: public; Owner: postgres
--

ALTER TABLE ONLY public.order_line_reference
    ADD CONSTRAINT "FK_22b818af8722746fb9f206068c2" FOREIGN KEY ("modificationId") REFERENCES public.order_modification(id);


--
-- Name: order_line FK_239cfca2a55b98b90b6bef2e44f; Type: FK CONSTRAINT; Schema: public; Owner: postgres
--

ALTER TABLE ONLY public.order_line
    ADD CONSTRAINT "FK_239cfca2a55b98b90b6bef2e44f" FOREIGN KEY ("orderId") REFERENCES public."order"(id) ON DELETE CASCADE;


--
-- Name: product_channels_channel FK_26d12be3b5fec6c4adb1d792844; Type: FK CONSTRAINT; Schema: public; Owner: postgres
--

ALTER TABLE ONLY public.product_channels_channel
    ADD CONSTRAINT "FK_26d12be3b5fec6c4adb1d792844" FOREIGN KEY ("productId") REFERENCES public.product(id) ON UPDATE CASCADE ON DELETE CASCADE;


--
-- Name: facet_channels_channel FK_2a8ea404d05bf682516184db7d3; Type: FK CONSTRAINT; Schema: public; Owner: postgres
--

ALTER TABLE ONLY public.facet_channels_channel
    ADD CONSTRAINT "FK_2a8ea404d05bf682516184db7d3" FOREIGN KEY ("channelId") REFERENCES public.channel(id) ON DELETE CASCADE;


--
-- Name: order_promotions_promotion FK_2c26b988769c0e3b0120bdef31b; Type: FK CONSTRAINT; Schema: public; Owner: postgres
--

ALTER TABLE ONLY public.order_promotions_promotion
    ADD CONSTRAINT "FK_2c26b988769c0e3b0120bdef31b" FOREIGN KEY ("promotionId") REFERENCES public.promotion(id);


--
-- Name: order_line_reference FK_30019aa65b17fe9ee9628931991; Type: FK CONSTRAINT; Schema: public; Owner: postgres
--

ALTER TABLE ONLY public.order_line_reference
    ADD CONSTRAINT "FK_30019aa65b17fe9ee9628931991" FOREIGN KEY ("refundId") REFERENCES public.refund(id);


--
-- Name: stock_location_channels_channel FK_39513fd02a573c848d23bee587d; Type: FK CONSTRAINT; Schema: public; Owner: postgres
--

ALTER TABLE ONLY public.stock_location_channels_channel
    ADD CONSTRAINT "FK_39513fd02a573c848d23bee587d" FOREIGN KEY ("stockLocationId") REFERENCES public.stock_location(id) ON UPDATE CASCADE ON DELETE CASCADE;


--
-- Name: history_entry FK_3a05127e67435b4d2332ded7c9e; Type: FK CONSTRAINT; Schema: public; Owner: postgres
--

ALTER TABLE ONLY public.history_entry
    ADD CONSTRAINT "FK_3a05127e67435b4d2332ded7c9e" FOREIGN KEY ("orderId") REFERENCES public."order"(id) ON DELETE CASCADE;


--
-- Name: session FK_3d2f174ef04fb312fdebd0ddc53; Type: FK CONSTRAINT; Schema: public; Owner: postgres
--

ALTER TABLE ONLY public.session
    ADD CONSTRAINT "FK_3d2f174ef04fb312fdebd0ddc53" FOREIGN KEY ("userId") REFERENCES public."user"(id);


--
-- Name: facet_value_translation FK_3d6e45823b65de808a66cb1423b; Type: FK CONSTRAINT; Schema: public; Owner: postgres
--

ALTER TABLE ONLY public.facet_value_translation
    ADD CONSTRAINT "FK_3d6e45823b65de808a66cb1423b" FOREIGN KEY ("baseId") REFERENCES public.facet_value(id) ON DELETE CASCADE;


--
-- Name: customer FK_3f62b42ed23958b120c235f74df; Type: FK CONSTRAINT; Schema: public; Owner: postgres
--

ALTER TABLE ONLY public.customer
    ADD CONSTRAINT "FK_3f62b42ed23958b120c235f74df" FOREIGN KEY ("userId") REFERENCES public."user"(id);


--
-- Name: product_variant_translation FK_420f4d6fb75d38b9dca79bc43b4; Type: FK CONSTRAINT; Schema: public; Owner: postgres
--

ALTER TABLE ONLY public.product_variant_translation
    ADD CONSTRAINT "FK_420f4d6fb75d38b9dca79bc43b4" FOREIGN KEY ("baseId") REFERENCES public.product_variant(id) ON DELETE CASCADE;


--
-- Name: collection FK_4257b61275144db89fa0f5dc059; Type: FK CONSTRAINT; Schema: public; Owner: postgres
--

ALTER TABLE ONLY public.collection
    ADD CONSTRAINT "FK_4257b61275144db89fa0f5dc059" FOREIGN KEY ("parentId") REFERENCES public.collection(id);


--
-- Name: zone_members_region FK_433f45158e4e2b2a2f344714b22; Type: FK CONSTRAINT; Schema: public; Owner: postgres
--

ALTER TABLE ONLY public.zone_members_region
    ADD CONSTRAINT "FK_433f45158e4e2b2a2f344714b22" FOREIGN KEY ("zoneId") REFERENCES public.zone(id) ON UPDATE CASCADE ON DELETE CASCADE;


--
-- Name: history_entry FK_43ac602f839847fdb91101f30ec; Type: FK CONSTRAINT; Schema: public; Owner: postgres
--

ALTER TABLE ONLY public.history_entry
    ADD CONSTRAINT "FK_43ac602f839847fdb91101f30ec" FOREIGN KEY ("customerId") REFERENCES public.customer(id) ON DELETE CASCADE;


--
-- Name: collection_closure FK_457784c710f8ac9396010441f6c; Type: FK CONSTRAINT; Schema: public; Owner: postgres
--

ALTER TABLE ONLY public.collection_closure
    ADD CONSTRAINT "FK_457784c710f8ac9396010441f6c" FOREIGN KEY (id_descendant) REFERENCES public.collection(id) ON DELETE CASCADE;


--
-- Name: order_fulfillments_fulfillment FK_4add5a5796e1582dec2877b2898; Type: FK CONSTRAINT; Schema: public; Owner: postgres
--

ALTER TABLE ONLY public.order_fulfillments_fulfillment
    ADD CONSTRAINT "FK_4add5a5796e1582dec2877b2898" FOREIGN KEY ("fulfillmentId") REFERENCES public.fulfillment(id);


--
-- Name: user_roles_role FK_4be2f7adf862634f5f803d246b8; Type: FK CONSTRAINT; Schema: public; Owner: postgres
--

ALTER TABLE ONLY public.user_roles_role
    ADD CONSTRAINT "FK_4be2f7adf862634f5f803d246b8" FOREIGN KEY ("roleId") REFERENCES public.role(id) ON UPDATE CASCADE ON DELETE CASCADE;


--
-- Name: collection_asset FK_51da53b26522dc0525762d2de8e; Type: FK CONSTRAINT; Schema: public; Owner: postgres
--

ALTER TABLE ONLY public.collection_asset
    ADD CONSTRAINT "FK_51da53b26522dc0525762d2de8e" FOREIGN KEY ("assetId") REFERENCES public.asset(id) ON DELETE CASCADE;


--
-- Name: product_variant_options_product_option FK_526f0131260eec308a3bd2b61b6; Type: FK CONSTRAINT; Schema: public; Owner: postgres
--

ALTER TABLE ONLY public.product_variant_options_product_option
    ADD CONSTRAINT "FK_526f0131260eec308a3bd2b61b6" FOREIGN KEY ("productVariantId") REFERENCES public.product_variant(id) ON UPDATE CASCADE ON DELETE CASCADE;


--
-- Name: product_asset FK_5888ac17b317b93378494a10620; Type: FK CONSTRAINT; Schema: public; Owner: postgres
--

ALTER TABLE ONLY public.product_asset
    ADD CONSTRAINT "FK_5888ac17b317b93378494a10620" FOREIGN KEY ("assetId") REFERENCES public.asset(id) ON DELETE CASCADE;


--
-- Name: payment_method_channels_channel FK_5bcb569635ce5407eb3f264487d; Type: FK CONSTRAINT; Schema: public; Owner: postgres
--

ALTER TABLE ONLY public.payment_method_channels_channel
    ADD CONSTRAINT "FK_5bcb569635ce5407eb3f264487d" FOREIGN KEY ("paymentMethodId") REFERENCES public.payment_method(id) ON UPDATE CASCADE ON DELETE CASCADE;


--
-- Name: user_roles_role FK_5f9286e6c25594c6b88c108db77; Type: FK CONSTRAINT; Schema: public; Owner: postgres
--

ALTER TABLE ONLY public.user_roles_role
    ADD CONSTRAINT "FK_5f9286e6c25594c6b88c108db77" FOREIGN KEY ("userId") REFERENCES public."user"(id) ON UPDATE CASCADE ON DELETE CASCADE;


--
-- Name: payment_method_translation FK_66187f782a3e71b9e0f5b50b68b; Type: FK CONSTRAINT; Schema: public; Owner: postgres
--

ALTER TABLE ONLY public.payment_method_translation
    ADD CONSTRAINT "FK_66187f782a3e71b9e0f5b50b68b" FOREIGN KEY ("baseId") REFERENCES public.payment_method(id) ON DELETE CASCADE;


--
-- Name: order_promotions_promotion FK_67be0e40122ab30a62a9817efe0; Type: FK CONSTRAINT; Schema: public; Owner: postgres
--

ALTER TABLE ONLY public.order_promotions_promotion
    ADD CONSTRAINT "FK_67be0e40122ab30a62a9817efe0" FOREIGN KEY ("orderId") REFERENCES public."order"(id) ON UPDATE CASCADE ON DELETE CASCADE;


--
-- Name: order_line FK_6901d8715f5ebadd764466f7bde; Type: FK CONSTRAINT; Schema: public; Owner: postgres
--

ALTER TABLE ONLY public.order_line
    ADD CONSTRAINT "FK_6901d8715f5ebadd764466f7bde" FOREIGN KEY ("sellerChannelId") REFERENCES public.channel(id) ON DELETE SET NULL;


--
-- Name: product_variant_facet_values_facet_value FK_69567bc225b6bbbd732d6c5455b; Type: FK CONSTRAINT; Schema: public; Owner: postgres
--

ALTER TABLE ONLY public.product_variant_facet_values_facet_value
    ADD CONSTRAINT "FK_69567bc225b6bbbd732d6c5455b" FOREIGN KEY ("productVariantId") REFERENCES public.product_variant(id) ON UPDATE CASCADE ON DELETE CASCADE;


--
-- Name: product_facet_values_facet_value FK_6a0558e650d75ae639ff38e413a; Type: FK CONSTRAINT; Schema: public; Owner: postgres
--

ALTER TABLE ONLY public.product_facet_values_facet_value
    ADD CONSTRAINT "FK_6a0558e650d75ae639ff38e413a" FOREIGN KEY ("productId") REFERENCES public.product(id) ON UPDATE CASCADE ON DELETE CASCADE;


--
-- Name: promotion_channels_channel FK_6d9e2c39ab12391aaa374bcdaa4; Type: FK CONSTRAINT; Schema: public; Owner: postgres
--

ALTER TABLE ONLY public.promotion_channels_channel
    ADD CONSTRAINT "FK_6d9e2c39ab12391aaa374bcdaa4" FOREIGN KEY ("promotionId") REFERENCES public.promotion(id) ON UPDATE CASCADE ON DELETE CASCADE;


--
-- Name: product_variant FK_6e420052844edf3a5506d863ce6; Type: FK CONSTRAINT; Schema: public; Owner: postgres
--

ALTER TABLE ONLY public.product_variant
    ADD CONSTRAINT "FK_6e420052844edf3a5506d863ce6" FOREIGN KEY ("productId") REFERENCES public.product(id);


--
-- Name: collection_product_variants_product_variant FK_6faa7b72422d9c4679e2f186ad1; Type: FK CONSTRAINT; Schema: public; Owner: postgres
--

ALTER TABLE ONLY public.collection_product_variants_product_variant
    ADD CONSTRAINT "FK_6faa7b72422d9c4679e2f186ad1" FOREIGN KEY ("collectionId") REFERENCES public.collection(id) ON UPDATE CASCADE ON DELETE CASCADE;


--
-- Name: collection_channels_channel FK_7216ab24077cf5cbece7857dbbd; Type: FK CONSTRAINT; Schema: public; Owner: postgres
--

ALTER TABLE ONLY public.collection_channels_channel
    ADD CONSTRAINT "FK_7216ab24077cf5cbece7857dbbd" FOREIGN KEY ("channelId") REFERENCES public.channel(id) ON DELETE CASCADE;


--
-- Name: collection FK_7256fef1bb42f1b38156b7449f5; Type: FK CONSTRAINT; Schema: public; Owner: postgres
--

ALTER TABLE ONLY public.collection
    ADD CONSTRAINT "FK_7256fef1bb42f1b38156b7449f5" FOREIGN KEY ("featuredAssetId") REFERENCES public.asset(id) ON DELETE SET NULL;


--
-- Name: order FK_73a78d7df09541ac5eba620d181; Type: FK CONSTRAINT; Schema: public; Owner: postgres
--

ALTER TABLE ONLY public."order"
    ADD CONSTRAINT "FK_73a78d7df09541ac5eba620d181" FOREIGN KEY ("aggregateOrderId") REFERENCES public."order"(id);


--
-- Name: order_line FK_77be94ce9ec6504466179462275; Type: FK CONSTRAINT; Schema: public; Owner: postgres
--

ALTER TABLE ONLY public.order_line
    ADD CONSTRAINT "FK_77be94ce9ec6504466179462275" FOREIGN KEY ("taxCategoryId") REFERENCES public.tax_category(id);


--
-- Name: session FK_7a75399a4f4ffa48ee02e98c059; Type: FK CONSTRAINT; Schema: public; Owner: postgres
--

ALTER TABLE ONLY public.session
    ADD CONSTRAINT "FK_7a75399a4f4ffa48ee02e98c059" FOREIGN KEY ("activeOrderId") REFERENCES public."order"(id);


--
-- Name: order_line_reference FK_7d57857922dfc7303604697dbe9; Type: FK CONSTRAINT; Schema: public; Owner: postgres
--

ALTER TABLE ONLY public.order_line_reference
    ADD CONSTRAINT "FK_7d57857922dfc7303604697dbe9" FOREIGN KEY ("orderLineId") REFERENCES public.order_line(id) ON DELETE CASCADE;


--
-- Name: product_translation FK_7dbc75cb4e8b002620c4dbfdac5; Type: FK CONSTRAINT; Schema: public; Owner: postgres
--

ALTER TABLE ONLY public.product_translation
    ADD CONSTRAINT "FK_7dbc75cb4e8b002620c4dbfdac5" FOREIGN KEY ("baseId") REFERENCES public.product(id);


--
-- Name: tax_rate FK_7ee3306d7638aa85ca90d672198; Type: FK CONSTRAINT; Schema: public; Owner: postgres
--

ALTER TABLE ONLY public.tax_rate
    ADD CONSTRAINT "FK_7ee3306d7638aa85ca90d672198" FOREIGN KEY ("categoryId") REFERENCES public.tax_category(id);


--
-- Name: shipping_method_translation FK_85ec26c71067ebc84adcd98d1a5; Type: FK CONSTRAINT; Schema: public; Owner: postgres
--

ALTER TABLE ONLY public.shipping_method_translation
    ADD CONSTRAINT "FK_85ec26c71067ebc84adcd98d1a5" FOREIGN KEY ("baseId") REFERENCES public.shipping_method(id) ON DELETE CASCADE;


--
-- Name: customer_groups_customer_group FK_85feea3f0e5e82133605f78db02; Type: FK CONSTRAINT; Schema: public; Owner: postgres
--

ALTER TABLE ONLY public.customer_groups_customer_group
    ADD CONSTRAINT "FK_85feea3f0e5e82133605f78db02" FOREIGN KEY ("customerGroupId") REFERENCES public.customer_group(id);


--
-- Name: tax_rate FK_8b5ab52fc8887c1a769b9276caf; Type: FK CONSTRAINT; Schema: public; Owner: postgres
--

ALTER TABLE ONLY public.tax_rate
    ADD CONSTRAINT "FK_8b5ab52fc8887c1a769b9276caf" FOREIGN KEY ("customerGroupId") REFERENCES public.customer_group(id);


--
-- Name: product FK_91a19e6613534949a4ce6e76ff8; Type: FK CONSTRAINT; Schema: public; Owner: postgres
--

ALTER TABLE ONLY public.product
    ADD CONSTRAINT "FK_91a19e6613534949a4ce6e76ff8" FOREIGN KEY ("featuredAssetId") REFERENCES public.asset(id) ON DELETE SET NULL;


--
-- Name: history_entry FK_92f8c334ef06275f9586fd01832; Type: FK CONSTRAINT; Schema: public; Owner: postgres
--

ALTER TABLE ONLY public.history_entry
    ADD CONSTRAINT "FK_92f8c334ef06275f9586fd01832" FOREIGN KEY ("administratorId") REFERENCES public.administrator(id);


--
-- Name: product_option_group_translation FK_93751abc1451972c02e033b766c; Type: FK CONSTRAINT; Schema: public; Owner: postgres
--

ALTER TABLE ONLY public.product_option_group_translation
    ADD CONSTRAINT "FK_93751abc1451972c02e033b766c" FOREIGN KEY ("baseId") REFERENCES public.product_option_group(id) ON DELETE CASCADE;


--
-- Name: stock_level FK_984c48572468c69661a0b7b0494; Type: FK CONSTRAINT; Schema: public; Owner: postgres
--

ALTER TABLE ONLY public.stock_level
    ADD CONSTRAINT "FK_984c48572468c69661a0b7b0494" FOREIGN KEY ("stockLocationId") REFERENCES public.stock_location(id) ON DELETE CASCADE;


--
-- Name: tax_rate FK_9872fc7de2f4e532fd3230d1915; Type: FK CONSTRAINT; Schema: public; Owner: postgres
--

ALTER TABLE ONLY public.tax_rate
    ADD CONSTRAINT "FK_9872fc7de2f4e532fd3230d1915" FOREIGN KEY ("zoneId") REFERENCES public.zone(id);


--
-- Name: stock_level FK_9950eae3180f39c71978748bd08; Type: FK CONSTRAINT; Schema: public; Owner: postgres
--

ALTER TABLE ONLY public.stock_level
    ADD CONSTRAINT "FK_9950eae3180f39c71978748bd08" FOREIGN KEY ("productVariantId") REFERENCES public.product_variant(id) ON DELETE CASCADE;


--
-- Name: asset_tags_tag FK_9e412b00d4c6cee1a4b3d920716; Type: FK CONSTRAINT; Schema: public; Owner: postgres
--

ALTER TABLE ONLY public.asset_tags_tag
    ADD CONSTRAINT "FK_9e412b00d4c6cee1a4b3d920716" FOREIGN KEY ("assetId") REFERENCES public.asset(id) ON UPDATE CASCADE ON DELETE CASCADE;


--
-- Name: order_line FK_9f065453910ea77d4be8e92618f; Type: FK CONSTRAINT; Schema: public; Owner: postgres
--

ALTER TABLE ONLY public.order_line
    ADD CONSTRAINT "FK_9f065453910ea77d4be8e92618f" FOREIGN KEY ("featuredAssetId") REFERENCES public.asset(id) ON DELETE SET NULL;


--
-- Name: stock_movement FK_a2fe7172eeae9f1cca86f8f573a; Type: FK CONSTRAINT; Schema: public; Owner: postgres
--

ALTER TABLE ONLY public.stock_movement
    ADD CONSTRAINT "FK_a2fe7172eeae9f1cca86f8f573a" FOREIGN KEY ("stockLocationId") REFERENCES public.stock_location(id) ON DELETE CASCADE;


--
-- Name: surcharge FK_a49c5271c39cc8174a0535c8088; Type: FK CONSTRAINT; Schema: public; Owner: postgres
--

ALTER TABLE ONLY public.surcharge
    ADD CONSTRAINT "FK_a49c5271c39cc8174a0535c8088" FOREIGN KEY ("orderModificationId") REFERENCES public.order_modification(id);


--
-- Name: product_channels_channel FK_a51dfbd87c330c075c39832b6e7; Type: FK CONSTRAINT; Schema: public; Owner: postgres
--

ALTER TABLE ONLY public.product_channels_channel
    ADD CONSTRAINT "FK_a51dfbd87c330c075c39832b6e7" FOREIGN KEY ("channelId") REFERENCES public.channel(id) ON DELETE CASCADE;


--
-- Name: product_option FK_a6debf9198e2fbfa006aa10d710; Type: FK CONSTRAINT; Schema: public; Owner: postgres
--

ALTER TABLE ONLY public.product_option
    ADD CONSTRAINT "FK_a6debf9198e2fbfa006aa10d710" FOREIGN KEY ("groupId") REFERENCES public.product_option_group(id);


--
-- Name: product_option_group FK_a6e91739227bf4d442f23c52c75; Type: FK CONSTRAINT; Schema: public; Owner: postgres
--

ALTER TABLE ONLY public.product_option_group
    ADD CONSTRAINT "FK_a6e91739227bf4d442f23c52c75" FOREIGN KEY ("productId") REFERENCES public.product(id);


--
-- Name: product_option_translation FK_a79a443c1f7841f3851767faa6d; Type: FK CONSTRAINT; Schema: public; Owner: postgres
--

ALTER TABLE ONLY public.product_option_translation
    ADD CONSTRAINT "FK_a79a443c1f7841f3851767faa6d" FOREIGN KEY ("baseId") REFERENCES public.product_option(id) ON DELETE CASCADE;


--
-- Name: customer_channels_channel FK_a842c9fe8cd4c8ff31402d172d7; Type: FK CONSTRAINT; Schema: public; Owner: postgres
--

ALTER TABLE ONLY public.customer_channels_channel
    ADD CONSTRAINT "FK_a842c9fe8cd4c8ff31402d172d7" FOREIGN KEY ("customerId") REFERENCES public.customer(id) ON UPDATE CASCADE ON DELETE CASCADE;


--
-- Name: order_modification FK_ad2991fa2933ed8b7f86a716338; Type: FK CONSTRAINT; Schema: public; Owner: postgres
--

ALTER TABLE ONLY public.order_modification
    ADD CONSTRAINT "FK_ad2991fa2933ed8b7f86a716338" FOREIGN KEY ("paymentId") REFERENCES public.payment(id);


--
-- Name: facet_value_channels_channel FK_ad690c1b05596d7f52e52ffeedd; Type: FK CONSTRAINT; Schema: public; Owner: postgres
--

ALTER TABLE ONLY public.facet_value_channels_channel
    ADD CONSTRAINT "FK_ad690c1b05596d7f52e52ffeedd" FOREIGN KEY ("facetValueId") REFERENCES public.facet_value(id) ON UPDATE CASCADE ON DELETE CASCADE;


--
-- Name: channel FK_af2116c7e176b6b88dceceeb74b; Type: FK CONSTRAINT; Schema: public; Owner: postgres
--

ALTER TABLE ONLY public.channel
    ADD CONSTRAINT "FK_af2116c7e176b6b88dceceeb74b" FOREIGN KEY ("sellerId") REFERENCES public.seller(id);


--
-- Name: channel FK_afe9f917a1c82b9e9e69f7c6129; Type: FK CONSTRAINT; Schema: public; Owner: postgres
--

ALTER TABLE ONLY public.channel
    ADD CONSTRAINT "FK_afe9f917a1c82b9e9e69f7c6129" FOREIGN KEY ("defaultTaxZoneId") REFERENCES public.zone(id);


--
-- Name: zone_members_region FK_b45b65256486a15a104e17d495c; Type: FK CONSTRAINT; Schema: public; Owner: postgres
--

ALTER TABLE ONLY public.zone_members_region
    ADD CONSTRAINT "FK_b45b65256486a15a104e17d495c" FOREIGN KEY ("regionId") REFERENCES public.region(id) ON UPDATE CASCADE ON DELETE CASCADE;


--
-- Name: customer_groups_customer_group FK_b823a3c8bf3b78d3ed68736485c; Type: FK CONSTRAINT; Schema: public; Owner: postgres
--

ALTER TABLE ONLY public.customer_groups_customer_group
    ADD CONSTRAINT "FK_b823a3c8bf3b78d3ed68736485c" FOREIGN KEY ("customerId") REFERENCES public.customer(id) ON UPDATE CASCADE ON DELETE CASCADE;


--
-- Name: product_variant_channels_channel FK_beeb2b3cd800e589f2213ae99d6; Type: FK CONSTRAINT; Schema: public; Owner: postgres
--

ALTER TABLE ONLY public.product_variant_channels_channel
    ADD CONSTRAINT "FK_beeb2b3cd800e589f2213ae99d6" FOREIGN KEY ("productVariantId") REFERENCES public.product_variant(id) ON UPDATE CASCADE ON DELETE CASCADE;


--
-- Name: role_channels_channel FK_bfd2a03e9988eda6a9d11760119; Type: FK CONSTRAINT; Schema: public; Owner: postgres
--

ALTER TABLE ONLY public.role_channels_channel
    ADD CONSTRAINT "FK_bfd2a03e9988eda6a9d11760119" FOREIGN KEY ("roleId") REFERENCES public.role(id) ON UPDATE CASCADE ON DELETE CASCADE;


--
-- Name: payment_method_channels_channel FK_c00e36f667d35031087b382e61b; Type: FK CONSTRAINT; Schema: public; Owner: postgres
--

ALTER TABLE ONLY public.payment_method_channels_channel
    ADD CONSTRAINT "FK_c00e36f667d35031087b382e61b" FOREIGN KEY ("channelId") REFERENCES public.channel(id) ON DELETE CASCADE;


--
-- Name: collection_closure FK_c309f8cd152bbeaea08491e0c66; Type: FK CONSTRAINT; Schema: public; Owner: postgres
--

ALTER TABLE ONLY public.collection_closure
    ADD CONSTRAINT "FK_c309f8cd152bbeaea08491e0c66" FOREIGN KEY (id_ancestor) REFERENCES public.collection(id) ON DELETE CASCADE;


--
-- Name: channel FK_c9ca2f58d4517460435cbd8b4c9; Type: FK CONSTRAINT; Schema: public; Owner: postgres
--

ALTER TABLE ONLY public.channel
    ADD CONSTRAINT "FK_c9ca2f58d4517460435cbd8b4c9" FOREIGN KEY ("defaultShippingZoneId") REFERENCES public.zone(id);


--
-- Name: shipping_line FK_c9f34a440d490d1b66f6829b86c; Type: FK CONSTRAINT; Schema: public; Owner: postgres
--

ALTER TABLE ONLY public.shipping_line
    ADD CONSTRAINT "FK_c9f34a440d490d1b66f6829b86c" FOREIGN KEY ("orderId") REFERENCES public."order"(id) ON DELETE CASCADE;


--
-- Name: facet_channels_channel FK_ca796020c6d097e251e5d6d2b02; Type: FK CONSTRAINT; Schema: public; Owner: postgres
--

ALTER TABLE ONLY public.facet_channels_channel
    ADD CONSTRAINT "FK_ca796020c6d097e251e5d6d2b02" FOREIGN KEY ("facetId") REFERENCES public.facet(id) ON UPDATE CASCADE ON DELETE CASCADE;


--
-- Name: order_modification FK_cb66b63b6e97613013795eadbd5; Type: FK CONSTRAINT; Schema: public; Owner: postgres
--

ALTER TABLE ONLY public.order_modification
    ADD CONSTRAINT "FK_cb66b63b6e97613013795eadbd5" FOREIGN KEY ("refundId") REFERENCES public.refund(id);


--
-- Name: order_line FK_cbcd22193eda94668e84d33f185; Type: FK CONSTRAINT; Schema: public; Owner: postgres
--

ALTER TABLE ONLY public.order_line
    ADD CONSTRAINT "FK_cbcd22193eda94668e84d33f185" FOREIGN KEY ("productVariantId") REFERENCES public.product_variant(id) ON DELETE CASCADE;


--
-- Name: collection_channels_channel FK_cdbf33ffb5d4519161251520083; Type: FK CONSTRAINT; Schema: public; Owner: postgres
--

ALTER TABLE ONLY public.collection_channels_channel
    ADD CONSTRAINT "FK_cdbf33ffb5d4519161251520083" FOREIGN KEY ("collectionId") REFERENCES public.collection(id) ON UPDATE CASCADE ON DELETE CASCADE;


--
-- Name: payment FK_d09d285fe1645cd2f0db811e293; Type: FK CONSTRAINT; Schema: public; Owner: postgres
--

ALTER TABLE ONLY public.payment
    ADD CONSTRAINT "FK_d09d285fe1645cd2f0db811e293" FOREIGN KEY ("orderId") REFERENCES public."order"(id);


--
-- Name: order_channels_channel FK_d0d16db872499e83b15999f8c7a; Type: FK CONSTRAINT; Schema: public; Owner: postgres
--

ALTER TABLE ONLY public.order_channels_channel
    ADD CONSTRAINT "FK_d0d16db872499e83b15999f8c7a" FOREIGN KEY ("channelId") REFERENCES public.channel(id) ON UPDATE CASCADE ON DELETE CASCADE;


--
-- Name: facet_value FK_d101dc2265a7341be3d94968c5b; Type: FK CONSTRAINT; Schema: public; Owner: postgres
--

ALTER TABLE ONLY public.facet_value
    ADD CONSTRAINT "FK_d101dc2265a7341be3d94968c5b" FOREIGN KEY ("facetId") REFERENCES public.facet(id) ON DELETE CASCADE;


--
-- Name: product_variant_channels_channel FK_d194bff171b62357688a5d0f559; Type: FK CONSTRAINT; Schema: public; Owner: postgres
--

ALTER TABLE ONLY public.product_variant_channels_channel
    ADD CONSTRAINT "FK_d194bff171b62357688a5d0f559" FOREIGN KEY ("channelId") REFERENCES public.channel(id) ON DELETE CASCADE;


--
-- Name: stock_movement FK_d2c8d5fca981cc820131f81aa83; Type: FK CONSTRAINT; Schema: public; Owner: postgres
--

ALTER TABLE ONLY public.stock_movement
    ADD CONSTRAINT "FK_d2c8d5fca981cc820131f81aa83" FOREIGN KEY ("orderLineId") REFERENCES public.order_line(id);


--
-- Name: address FK_d87215343c3a3a67e6a0b7f3ea9; Type: FK CONSTRAINT; Schema: public; Owner: postgres
--

ALTER TABLE ONLY public.address
    ADD CONSTRAINT "FK_d87215343c3a3a67e6a0b7f3ea9" FOREIGN KEY ("countryId") REFERENCES public.region(id);


--
-- Name: address FK_dc34d382b493ade1f70e834c4d3; Type: FK CONSTRAINT; Schema: public; Owner: postgres
--

ALTER TABLE ONLY public.address
    ADD CONSTRAINT "FK_dc34d382b493ade1f70e834c4d3" FOREIGN KEY ("customerId") REFERENCES public.customer(id);


--
-- Name: asset_channels_channel FK_dc4e7435f9f5e9e6436bebd33bb; Type: FK CONSTRAINT; Schema: public; Owner: postgres
--

ALTER TABLE ONLY public.asset_channels_channel
    ADD CONSTRAINT "FK_dc4e7435f9f5e9e6436bebd33bb" FOREIGN KEY ("assetId") REFERENCES public.asset(id) ON UPDATE CASCADE ON DELETE CASCADE;


--
-- Name: order_line FK_dc9ac68b47da7b62249886affba; Type: FK CONSTRAINT; Schema: public; Owner: postgres
--

ALTER TABLE ONLY public.order_line
    ADD CONSTRAINT "FK_dc9ac68b47da7b62249886affba" FOREIGN KEY ("shippingLineId") REFERENCES public.shipping_line(id) ON DELETE SET NULL;


--
-- Name: customer_channels_channel FK_dc9f69207a8867f83b0fd257e30; Type: FK CONSTRAINT; Schema: public; Owner: postgres
--

ALTER TABLE ONLY public.customer_channels_channel
    ADD CONSTRAINT "FK_dc9f69207a8867f83b0fd257e30" FOREIGN KEY ("channelId") REFERENCES public.channel(id) ON DELETE CASCADE;


--
-- Name: role_channels_channel FK_e09dfee62b158307404202b43a5; Type: FK CONSTRAINT; Schema: public; Owner: postgres
--

ALTER TABLE ONLY public.role_channels_channel
    ADD CONSTRAINT "FK_e09dfee62b158307404202b43a5" FOREIGN KEY ("channelId") REFERENCES public.channel(id) ON DELETE CASCADE;


--
-- Name: facet_value_channels_channel FK_e1d54c0b9db3e2eb17faaf5919c; Type: FK CONSTRAINT; Schema: public; Owner: postgres
--

ALTER TABLE ONLY public.facet_value_channels_channel
    ADD CONSTRAINT "FK_e1d54c0b9db3e2eb17faaf5919c" FOREIGN KEY ("channelId") REFERENCES public.channel(id) ON DELETE CASCADE;


--
-- Name: shipping_line FK_e2e7642e1e88167c1dfc827fdf3; Type: FK CONSTRAINT; Schema: public; Owner: postgres
--

ALTER TABLE ONLY public.shipping_line
    ADD CONSTRAINT "FK_e2e7642e1e88167c1dfc827fdf3" FOREIGN KEY ("shippingMethodId") REFERENCES public.shipping_method(id);


--
-- Name: collection_translation FK_e329f9036210d75caa1d8f2154a; Type: FK CONSTRAINT; Schema: public; Owner: postgres
--

ALTER TABLE ONLY public.collection_translation
    ADD CONSTRAINT "FK_e329f9036210d75caa1d8f2154a" FOREIGN KEY ("baseId") REFERENCES public.collection(id) ON DELETE CASCADE;


--
-- Name: product_variant FK_e38dca0d82fd64c7cf8aac8b8ef; Type: FK CONSTRAINT; Schema: public; Owner: postgres
--

ALTER TABLE ONLY public.product_variant
    ADD CONSTRAINT "FK_e38dca0d82fd64c7cf8aac8b8ef" FOREIGN KEY ("taxCategoryId") REFERENCES public.tax_category(id);


--
-- Name: product_variant_price FK_e6126cd268aea6e9b31d89af9ab; Type: FK CONSTRAINT; Schema: public; Owner: postgres
--

ALTER TABLE ONLY public.product_variant_price
    ADD CONSTRAINT "FK_e6126cd268aea6e9b31d89af9ab" FOREIGN KEY ("variantId") REFERENCES public.product_variant(id) ON DELETE CASCADE;


--
-- Name: stock_movement FK_e65ba3882557cab4febb54809bb; Type: FK CONSTRAINT; Schema: public; Owner: postgres
--

ALTER TABLE ONLY public.stock_movement
    ADD CONSTRAINT "FK_e65ba3882557cab4febb54809bb" FOREIGN KEY ("productVariantId") REFERENCES public.product_variant(id);


--
-- Name: product_variant_options_product_option FK_e96a71affe63c97f7fa2f076dac; Type: FK CONSTRAINT; Schema: public; Owner: postgres
--

ALTER TABLE ONLY public.product_variant_options_product_option
    ADD CONSTRAINT "FK_e96a71affe63c97f7fa2f076dac" FOREIGN KEY ("productOptionId") REFERENCES public.product_option(id);


--
-- Name: facet_translation FK_eaea53f44bf9e97790d38a3d68f; Type: FK CONSTRAINT; Schema: public; Owner: postgres
--

ALTER TABLE ONLY public.facet_translation
    ADD CONSTRAINT "FK_eaea53f44bf9e97790d38a3d68f" FOREIGN KEY ("baseId") REFERENCES public.facet(id) ON DELETE CASCADE;


--
-- Name: session FK_eb87ef1e234444728138302263b; Type: FK CONSTRAINT; Schema: public; Owner: postgres
--

ALTER TABLE ONLY public.session
    ADD CONSTRAINT "FK_eb87ef1e234444728138302263b" FOREIGN KEY ("activeChannelId") REFERENCES public.channel(id);


--
-- Name: region FK_ed0c8098ce6809925a437f42aec; Type: FK CONSTRAINT; Schema: public; Owner: postgres
--

ALTER TABLE ONLY public.region
    ADD CONSTRAINT "FK_ed0c8098ce6809925a437f42aec" FOREIGN KEY ("parentId") REFERENCES public.region(id) ON DELETE SET NULL;


--
-- Name: shipping_method_channels_channel FK_f0a17b94aa5a162f0d422920eb2; Type: FK CONSTRAINT; Schema: public; Owner: postgres
--

ALTER TABLE ONLY public.shipping_method_channels_channel
    ADD CONSTRAINT "FK_f0a17b94aa5a162f0d422920eb2" FOREIGN KEY ("shippingMethodId") REFERENCES public.shipping_method(id) ON UPDATE CASCADE ON DELETE CASCADE;


--
-- Name: shipping_method_channels_channel FK_f2b98dfb56685147bed509acc3d; Type: FK CONSTRAINT; Schema: public; Owner: postgres
--

ALTER TABLE ONLY public.shipping_method_channels_channel
    ADD CONSTRAINT "FK_f2b98dfb56685147bed509acc3d" FOREIGN KEY ("channelId") REFERENCES public.channel(id) ON DELETE CASCADE;


--
-- Name: order_fulfillments_fulfillment FK_f80d84d525af2ffe974e7e8ca29; Type: FK CONSTRAINT; Schema: public; Owner: postgres
--

ALTER TABLE ONLY public.order_fulfillments_fulfillment
    ADD CONSTRAINT "FK_f80d84d525af2ffe974e7e8ca29" FOREIGN KEY ("orderId") REFERENCES public."order"(id) ON UPDATE CASCADE ON DELETE CASCADE;


--
-- Name: product_variant_asset FK_fa21412afac15a2304f3eb35feb; Type: FK CONSTRAINT; Schema: public; Owner: postgres
--

ALTER TABLE ONLY public.product_variant_asset
    ADD CONSTRAINT "FK_fa21412afac15a2304f3eb35feb" FOREIGN KEY ("productVariantId") REFERENCES public.product_variant(id) ON DELETE CASCADE;


--
-- Name: collection_product_variants_product_variant FK_fb05887e2867365f236d7dd95ee; Type: FK CONSTRAINT; Schema: public; Owner: postgres
--

ALTER TABLE ONLY public.collection_product_variants_product_variant
    ADD CONSTRAINT "FK_fb05887e2867365f236d7dd95ee" FOREIGN KEY ("productVariantId") REFERENCES public.product_variant(id);


--
-- Name: asset_tags_tag FK_fb5e800171ffbe9823f2cc727fd; Type: FK CONSTRAINT; Schema: public; Owner: postgres
--

ALTER TABLE ONLY public.asset_tags_tag
    ADD CONSTRAINT "FK_fb5e800171ffbe9823f2cc727fd" FOREIGN KEY ("tagId") REFERENCES public.tag(id) ON UPDATE CASCADE ON DELETE CASCADE;


--
-- Name: stock_location_channels_channel FK_ff8150fe54e56a900d5712671a0; Type: FK CONSTRAINT; Schema: public; Owner: postgres
--

ALTER TABLE ONLY public.stock_location_channels_channel
    ADD CONSTRAINT "FK_ff8150fe54e56a900d5712671a0" FOREIGN KEY ("channelId") REFERENCES public.channel(id) ON DELETE CASCADE;


--
-- PostgreSQL database dump complete
--

